"gene_name","entrez_id","gene_chromosome","gene_strand","gene_start","gene_end","cis_start","cis_end","sample","is_nepc","has_rnaseq","rnaseq_id","has_fusion","insertion_chr","insertion_start","insertion_end","insertion_midpoint","read_count","insertion_strand","distance_to_gene","is_distant","is_exonic","is_same_strand","classification","tss_position","distance_from_tss","is_promoter_proximal","intron_number","pct_into_transcript","is_early_intronic","sb_mechanism"
"1110002L01Rik","100043040","chr12","-",3403878,3427011,3440200,3510200,"B3-c-9",FALSE,FALSE,NA,FALSE,"chr12",3440150,3440250,3440200,3632,"-",13189,TRUE,FALSE,FALSE,"distant",3427011,-13189,FALSE,NA,-57.01,FALSE,"disruption"
"1110002L01Rik","100043040","chr12","-",3403878,3427011,3440200,3510200,"N-A04",FALSE,TRUE,"CMZ101",FALSE,"chr12",3442750,3442850,3442800,7921,"-",15789,TRUE,FALSE,FALSE,"distant",3427011,-15789,FALSE,NA,-68.25,FALSE,"disruption"
"1110002L01Rik","100043040","chr12","-",3403878,3427011,3440200,3510200,"B-A04",FALSE,TRUE,"CMZ101",FALSE,"chr12",3442750,3442850,3442800,25242,"-",15789,TRUE,FALSE,FALSE,"distant",3427011,-15789,FALSE,NA,-68.25,FALSE,"disruption"
"1110002L01Rik","100043040","chr12","-",3403878,3427011,3440200,3510200,"B-1-2",TRUE,TRUE,"CMZ346",FALSE,"chr12",3471050,3471150,3471100,1004,"-",44089,TRUE,FALSE,FALSE,"distant",3427011,-44089,FALSE,NA,-190.59,FALSE,"disruption"
"1110002L01Rik","100043040","chr12","-",3403878,3427011,3440200,3510200,"B-1-4",FALSE,FALSE,NA,FALSE,"chr12",3473850,3473950,3473900,33,"+",46889,TRUE,FALSE,TRUE,"distant",3427011,-46889,FALSE,NA,-202.69,FALSE,"disruption"
"1110002L01Rik","100043040","chr12","-",3403878,3427011,3440200,3510200,"B-B09",TRUE,TRUE,"CMZ104",FALSE,"chr12",3478350,3478450,3478400,2733,"-",51389,TRUE,FALSE,FALSE,"distant",3427011,-51389,FALSE,NA,-222.15,FALSE,"disruption"
"1110002L01Rik","100043040","chr12","-",3403878,3427011,3440200,3510200,"B-B10",FALSE,FALSE,NA,FALSE,"chr12",3497850,3497950,3497900,15259,"+",70889,TRUE,FALSE,TRUE,"distant",3427011,-70889,FALSE,NA,-306.44,FALSE,"disruption"
"1110002L01Rik","100043040","chr12","-",3403878,3427011,3440200,3510200,"N-B10",FALSE,FALSE,NA,FALSE,"chr12",3497850,3497950,3497900,396,"+",70889,TRUE,FALSE,TRUE,"distant",3427011,-70889,FALSE,NA,-306.44,FALSE,"disruption"
"1110059E24Rik","66206","chr19","-",21581202,21652976,21660000,21699000,"N3-1-11",TRUE,FALSE,NA,FALSE,"chr19",21659950,21660050,21660000,1224,"-",7024,TRUE,FALSE,FALSE,"distant",21652976,-7024,FALSE,NA,-9.79,FALSE,"disruption"
"1110059E24Rik","66206","chr19","-",21581202,21652976,21660000,21699000,"B3-1-11",TRUE,FALSE,NA,FALSE,"chr19",21659950,21660050,21660000,1576,"-",7024,TRUE,FALSE,FALSE,"distant",21652976,-7024,FALSE,NA,-9.79,FALSE,"disruption"
"1110059E24Rik","66206","chr19","-",21581202,21652976,21660000,21699000,"B3-1-3",TRUE,TRUE,"CMZ104",FALSE,"chr19",21671450,21671550,21671500,7626,"+",18524,TRUE,FALSE,TRUE,"distant",21652976,-18524,FALSE,NA,-25.81,FALSE,"disruption"
"1110059E24Rik","66206","chr19","-",21581202,21652976,21660000,21699000,"N3-1-3",TRUE,TRUE,"CMZ104",FALSE,"chr19",21671450,21671550,21671500,7737,"+",18524,TRUE,FALSE,TRUE,"distant",21652976,-18524,FALSE,NA,-25.81,FALSE,"disruption"
"1110059E24Rik","66206","chr19","-",21581202,21652976,21660000,21699000,"B-1-4",FALSE,FALSE,NA,FALSE,"chr19",21674950,21675050,21675000,22,"-",22024,TRUE,FALSE,FALSE,"distant",21652976,-22024,FALSE,NA,-30.69,FALSE,"disruption"
"1110059E24Rik","66206","chr19","-",21581202,21652976,21660000,21699000,"N-B02",TRUE,FALSE,NA,FALSE,"chr19",21689350,21689450,21689400,413,"-",36424,TRUE,FALSE,FALSE,"distant",21652976,-36424,FALSE,NA,-50.75,FALSE,"disruption"
"1110059E24Rik","66206","chr19","-",21581202,21652976,21660000,21699000,"N-A08",TRUE,FALSE,NA,FALSE,"chr19",21694650,21694750,21694700,1380,"+",41724,TRUE,FALSE,TRUE,"distant",21652976,-41724,FALSE,NA,-58.13,FALSE,"disruption"
"1700102P08Rik","112418","chr9","+",108392805,108410934,108217900,108425900,"B-A04",FALSE,TRUE,"CMZ101",FALSE,"chr9",108217850,108217950,108217900,5236,"+",174905,TRUE,FALSE,TRUE,"distant",108392805,-174905,FALSE,NA,-964.78,FALSE,"disruption"
"1700102P08Rik","112418","chr9","+",108392805,108410934,108217900,108425900,"B3-5",FALSE,FALSE,NA,FALSE,"chr9",108220550,108220650,108220600,539,"+",172205,TRUE,FALSE,TRUE,"distant",108392805,-172205,FALSE,NA,-949.89,FALSE,"disruption"
"1700102P08Rik","112418","chr9","+",108392805,108410934,108217900,108425900,"N3-13",FALSE,FALSE,NA,FALSE,"chr9",108301150,108301250,108301200,2171,"-",91605,TRUE,FALSE,FALSE,"distant",108392805,-91605,FALSE,NA,-505.3,FALSE,"disruption"
"1700102P08Rik","112418","chr9","+",108392805,108410934,108217900,108425900,"N3-10",FALSE,FALSE,NA,FALSE,"chr9",108301150,108301250,108301200,2576,"-",91605,TRUE,FALSE,FALSE,"distant",108392805,-91605,FALSE,NA,-505.3,FALSE,"disruption"
"1700102P08Rik","112418","chr9","+",108392805,108410934,108217900,108425900,"B3-10",FALSE,FALSE,NA,FALSE,"chr9",108301150,108301250,108301200,7330,"-",91605,TRUE,FALSE,FALSE,"distant",108392805,-91605,FALSE,NA,-505.3,FALSE,"disruption"
"1700102P08Rik","112418","chr9","+",108392805,108410934,108217900,108425900,"B3-13",FALSE,FALSE,NA,FALSE,"chr9",108301150,108301250,108301200,4999,"-",91605,TRUE,FALSE,FALSE,"distant",108392805,-91605,FALSE,NA,-505.3,FALSE,"disruption"
"1700102P08Rik","112418","chr9","+",108392805,108410934,108217900,108425900,"N-B09",TRUE,TRUE,"CMZ104",FALSE,"chr9",108312550,108312650,108312600,3433,"+",80205,TRUE,FALSE,TRUE,"distant",108392805,-80205,FALSE,NA,-442.41,FALSE,"disruption"
"1700102P08Rik","112418","chr9","+",108392805,108410934,108217900,108425900,"B3-3",FALSE,FALSE,NA,FALSE,"chr9",108324450,108324550,108324500,29425,"+",68305,TRUE,FALSE,TRUE,"distant",108392805,-68305,FALSE,NA,-376.77,FALSE,"disruption"
"1700102P08Rik","112418","chr9","+",108392805,108410934,108217900,108425900,"N3-3",FALSE,FALSE,NA,FALSE,"chr9",108324450,108324550,108324500,5116,"+",68305,TRUE,FALSE,TRUE,"distant",108392805,-68305,FALSE,NA,-376.77,FALSE,"disruption"
"1700102P08Rik","112418","chr9","+",108392805,108410934,108217900,108425900,"N3-5",FALSE,FALSE,NA,FALSE,"chr9",108350050,108350150,108350100,709,"+",42705,TRUE,FALSE,TRUE,"distant",108392805,-42705,FALSE,NA,-235.56,FALSE,"disruption"
"1700102P08Rik","112418","chr9","+",108392805,108410934,108217900,108425900,"N-A08",TRUE,FALSE,NA,FALSE,"chr9",108378950,108379050,108379000,1032,"+",13805,TRUE,FALSE,TRUE,"distant",108392805,-13805,FALSE,NA,-76.15,FALSE,"disruption"
"1700102P08Rik","112418","chr9","+",108392805,108410934,108217900,108425900,"N3-c-14",FALSE,FALSE,NA,FALSE,"chr9",108383050,108383150,108383100,432,"+",9705,TRUE,FALSE,TRUE,"distant",108392805,-9705,FALSE,NA,-53.53,FALSE,"disruption"
"1700102P08Rik","112418","chr9","+",108392805,108410934,108217900,108425900,"N-2-21",FALSE,TRUE,"CMZ353",FALSE,"chr9",108386750,108386850,108386800,97,"+",6005,TRUE,FALSE,TRUE,"distant",108392805,-6005,FALSE,NA,-33.12,FALSE,"disruption"
"1810010H24Rik","69066","chr11","+",107025681,107030443,106828100,107095100,"B-2-26",TRUE,TRUE,"CMZ347",TRUE,"chr11",106828050,106828150,106828100,7087,"-",197581,TRUE,FALSE,FALSE,"distant",107025681,-197581,FALSE,NA,-4149.12,FALSE,"disruption"
"1810010H24Rik","69066","chr11","+",107025681,107030443,106828100,107095100,"B-2-23",FALSE,FALSE,NA,FALSE,"chr11",106862350,106862450,106862400,384,"+",163281,TRUE,FALSE,TRUE,"distant",107025681,-163281,FALSE,NA,-3428.83,FALSE,"disruption"
"1810010H24Rik","69066","chr11","+",107025681,107030443,106828100,107095100,"B-B04",TRUE,TRUE,"CMZ108",FALSE,"chr11",106867150,106867250,106867200,2504,"+",158481,TRUE,FALSE,TRUE,"distant",107025681,-158481,FALSE,NA,-3328.03,FALSE,"disruption"
"1810010H24Rik","69066","chr11","+",107025681,107030443,106828100,107095100,"B3-1-5",TRUE,TRUE,"CMZ108",FALSE,"chr11",106867150,106867250,106867200,1243,"+",158481,TRUE,FALSE,TRUE,"distant",107025681,-158481,FALSE,NA,-3328.03,FALSE,"disruption"
"1810010H24Rik","69066","chr11","+",107025681,107030443,106828100,107095100,"N-A10",FALSE,TRUE,"CMZ184",FALSE,"chr11",106884950,106885050,106885000,412,"-",140681,TRUE,FALSE,FALSE,"distant",107025681,-140681,FALSE,NA,-2954.24,FALSE,"disruption"
"1810010H24Rik","69066","chr11","+",107025681,107030443,106828100,107095100,"N3-c-10",TRUE,FALSE,NA,FALSE,"chr11",106885550,106885650,106885600,4032,"-",140081,TRUE,FALSE,FALSE,"distant",107025681,-140081,FALSE,NA,-2941.64,FALSE,"disruption"
"1810010H24Rik","69066","chr11","+",107025681,107030443,106828100,107095100,"N3-c-10",TRUE,FALSE,NA,FALSE,"chr11",106892350,106892450,106892400,15043,"+",133281,TRUE,FALSE,TRUE,"distant",107025681,-133281,FALSE,NA,-2798.85,FALSE,"disruption"
"1810010H24Rik","69066","chr11","+",107025681,107030443,106828100,107095100,"B3-c-10",TRUE,FALSE,NA,FALSE,"chr11",106893050,106893150,106893100,2414,"+",132581,TRUE,FALSE,TRUE,"distant",107025681,-132581,FALSE,NA,-2784.15,FALSE,"disruption"
"1810010H24Rik","69066","chr11","+",107025681,107030443,106828100,107095100,"N3-2-22",TRUE,TRUE,"CMZ347",TRUE,"chr11",106906150,106906250,106906200,3208,"+",119481,TRUE,FALSE,TRUE,"distant",107025681,-119481,FALSE,NA,-2509.05,FALSE,"disruption"
"1810010H24Rik","69066","chr11","+",107025681,107030443,106828100,107095100,"B3-c-28",FALSE,FALSE,NA,FALSE,"chr11",106915050,106915150,106915100,853,"+",110581,TRUE,FALSE,TRUE,"distant",107025681,-110581,FALSE,NA,-2322.15,FALSE,"disruption"
"1810010H24Rik","69066","chr11","+",107025681,107030443,106828100,107095100,"B3-c-10",TRUE,FALSE,NA,FALSE,"chr11",106941250,106941350,106941300,1181,"-",84381,TRUE,FALSE,FALSE,"distant",107025681,-84381,FALSE,NA,-1771.97,FALSE,"disruption"
"1810010H24Rik","69066","chr11","+",107025681,107030443,106828100,107095100,"B-A05",FALSE,TRUE,"CMZ109",FALSE,"chr11",106993150,106993250,106993200,647,"-",32481,TRUE,FALSE,FALSE,"distant",107025681,-32481,FALSE,NA,-682.09,FALSE,"disruption"
"1810010H24Rik","69066","chr11","+",107025681,107030443,106828100,107095100,"B3-11",FALSE,FALSE,NA,FALSE,"chr11",107001650,107001750,107001700,5577,"+",23981,TRUE,FALSE,TRUE,"distant",107025681,-23981,FALSE,NA,-503.59,FALSE,"disruption"
"1810010H24Rik","69066","chr11","+",107025681,107030443,106828100,107095100,"B3-8",FALSE,FALSE,NA,FALSE,"chr11",107001650,107001750,107001700,1592,"+",23981,TRUE,FALSE,TRUE,"distant",107025681,-23981,FALSE,NA,-503.59,FALSE,"disruption"
"1810010H24Rik","69066","chr11","+",107025681,107030443,106828100,107095100,"N-B07",TRUE,TRUE,"CMZ107",FALSE,"chr11",107030750,107030850,107030800,5632,"+",357,FALSE,FALSE,TRUE,"intronic_same",107025681,5119,FALSE,NA,107.5,FALSE,"disruption"
"1810010H24Rik","69066","chr11","+",107025681,107030443,106828100,107095100,"B-1-2",TRUE,TRUE,"CMZ346",FALSE,"chr11",107045150,107045250,107045200,262,"-",14757,TRUE,FALSE,FALSE,"distant",107025681,19519,FALSE,NA,409.89,FALSE,"disruption"
"1810010H24Rik","69066","chr11","+",107025681,107030443,106828100,107095100,"N3-14",FALSE,FALSE,NA,FALSE,"chr11",107056150,107056250,107056200,2791,"-",25757,TRUE,FALSE,FALSE,"distant",107025681,30519,FALSE,NA,640.89,FALSE,"disruption"
"1810010H24Rik","69066","chr11","+",107025681,107030443,106828100,107095100,"B3-13",FALSE,FALSE,NA,FALSE,"chr11",107068150,107068250,107068200,1111,"+",37757,TRUE,FALSE,TRUE,"distant",107025681,42519,FALSE,NA,892.88,FALSE,"disruption"
"1810010H24Rik","69066","chr11","+",107025681,107030443,106828100,107095100,"N-B02",TRUE,FALSE,NA,FALSE,"chr11",107084850,107084950,107084900,232,"+",54457,TRUE,FALSE,TRUE,"distant",107025681,59219,FALSE,NA,1243.57,FALSE,"disruption"
"1810010H24Rik","69066","chr11","+",107025681,107030443,106828100,107095100,"N3-2",FALSE,FALSE,NA,FALSE,"chr11",107087250,107087350,107087300,1333,"-",56857,TRUE,FALSE,FALSE,"distant",107025681,61619,FALSE,NA,1293.97,FALSE,"disruption"
"3110056K07Rik","73204","chr12","-",70991615,71015832,70979600,71018600,"N-B02",TRUE,FALSE,NA,FALSE,"chr12",70979550,70979650,70979600,342,"-",12015,TRUE,FALSE,FALSE,"distant",71015832,36232,FALSE,NA,149.61,FALSE,"disruption"
"3110056K07Rik","73204","chr12","-",70991615,71015832,70979600,71018600,"B-1-10",FALSE,FALSE,NA,FALSE,"chr12",70981150,70981250,70981200,66,"-",10415,TRUE,FALSE,FALSE,"distant",71015832,34632,FALSE,NA,143.01,FALSE,"disruption"
"3110056K07Rik","73204","chr12","-",70991615,71015832,70979600,71018600,"B-A03",TRUE,TRUE,"CMZ111,CMZ356",FALSE,"chr12",70986150,70986250,70986200,3986,"-",5415,TRUE,FALSE,FALSE,"distant",71015832,29632,FALSE,NA,122.36,FALSE,"disruption"
"3110056K07Rik","73204","chr12","-",70991615,71015832,70979600,71018600,"N-A08",TRUE,FALSE,NA,FALSE,"chr12",71011250,71011350,71011300,7724,"-",0,FALSE,FALSE,FALSE,"intronic_opposite",71015832,4532,FALSE,3,18.71,FALSE,"disruption"
"3110056K07Rik","73204","chr12","-",70991615,71015832,70979600,71018600,"B-A08",TRUE,FALSE,NA,FALSE,"chr12",71011250,71011350,71011300,19579,"-",0,FALSE,FALSE,FALSE,"intronic_opposite",71015832,4532,FALSE,3,18.71,FALSE,"disruption"
"3110056K07Rik","73204","chr12","-",70991615,71015832,70979600,71018600,"N-A08",TRUE,FALSE,NA,FALSE,"chr12",71013550,71013650,71013600,1263,"-",0,FALSE,FALSE,FALSE,"intronic_opposite",71015832,2232,FALSE,3,9.22,FALSE,"disruption"
"4930547E08Rik","78031","chr2","-",103804452,103810622,103763600,103802600,"N-1-2",TRUE,TRUE,"CMZ346",FALSE,"chr2",103763550,103763650,103763600,242,"-",40852,TRUE,FALSE,FALSE,"distant",103810622,47022,FALSE,NA,762.11,FALSE,"disruption"
"4930547E08Rik","78031","chr2","-",103804452,103810622,103763600,103802600,"B-1-2",TRUE,TRUE,"CMZ346",FALSE,"chr2",103763550,103763650,103763600,663,"-",40852,TRUE,FALSE,FALSE,"distant",103810622,47022,FALSE,NA,762.11,FALSE,"disruption"
"4930547E08Rik","78031","chr2","-",103804452,103810622,103763600,103802600,"N3-12",FALSE,FALSE,NA,FALSE,"chr2",103765950,103766050,103766000,713,"+",38452,TRUE,FALSE,TRUE,"distant",103810622,44622,FALSE,NA,723.21,FALSE,"disruption"
"4930547E08Rik","78031","chr2","-",103804452,103810622,103763600,103802600,"N-A07",FALSE,TRUE,"CMZ182,CMZ357",FALSE,"chr2",103771050,103771150,103771100,222,"-",33352,TRUE,FALSE,FALSE,"distant",103810622,39522,FALSE,NA,640.55,FALSE,"disruption"
"4930547E08Rik","78031","chr2","-",103804452,103810622,103763600,103802600,"N-2-15",FALSE,FALSE,NA,FALSE,"chr2",103778150,103778250,103778200,396,"+",26252,TRUE,FALSE,TRUE,"distant",103810622,32422,FALSE,NA,525.48,FALSE,"disruption"
"4930547E08Rik","78031","chr2","-",103804452,103810622,103763600,103802600,"B3-c-10",TRUE,FALSE,NA,FALSE,"chr2",103785550,103785650,103785600,1882,"-",18852,TRUE,FALSE,FALSE,"distant",103810622,25022,FALSE,NA,405.54,FALSE,"disruption"
"4930547E08Rik","78031","chr2","-",103804452,103810622,103763600,103802600,"N3-14",FALSE,FALSE,NA,FALSE,"chr2",103792050,103792150,103792100,356,"-",12352,TRUE,FALSE,FALSE,"distant",103810622,18522,FALSE,NA,300.19,FALSE,"disruption"
"Abce1","24015","chr8","-",79683462,79711740,79657700,79727700,"B-3-4",FALSE,FALSE,NA,FALSE,"chr8",79657650,79657750,79657700,1277,"-",25762,TRUE,FALSE,FALSE,"distant",79711740,54040,FALSE,NA,191.1,FALSE,"disruption"
"Abce1","24015","chr8","-",79683462,79711740,79657700,79727700,"B3-5",FALSE,FALSE,NA,FALSE,"chr8",79663450,79663550,79663500,206,"+",19962,TRUE,FALSE,TRUE,"distant",79711740,48240,FALSE,NA,170.59,FALSE,"disruption"
"Abce1","24015","chr8","-",79683462,79711740,79657700,79727700,"B-B09",TRUE,TRUE,"CMZ104",FALSE,"chr8",79667450,79667550,79667500,11447,"+",15962,TRUE,FALSE,TRUE,"distant",79711740,44240,FALSE,NA,156.45,FALSE,"disruption"
"Abce1","24015","chr8","-",79683462,79711740,79657700,79727700,"N-B09",TRUE,TRUE,"CMZ104",FALSE,"chr8",79667450,79667550,79667500,18314,"+",15962,TRUE,FALSE,TRUE,"distant",79711740,44240,FALSE,NA,156.45,FALSE,"disruption"
"Abce1","24015","chr8","-",79683462,79711740,79657700,79727700,"B3-1-13",FALSE,TRUE,"CMZ182,CMZ357",FALSE,"chr8",79700950,79701050,79701000,665,"+",0,FALSE,FALSE,TRUE,"intronic_same",79711740,10740,FALSE,9,37.98,FALSE,"disruption"
"Abce1","24015","chr8","-",79683462,79711740,79657700,79727700,"B3-6",TRUE,FALSE,NA,FALSE,"chr8",79701250,79701350,79701300,3760,"+",0,FALSE,FALSE,TRUE,"intronic_same",79711740,10440,FALSE,8,36.92,FALSE,"disruption"
"Abce1","24015","chr8","-",79683462,79711740,79657700,79727700,"N3-6",TRUE,FALSE,NA,FALSE,"chr8",79701250,79701350,79701300,2523,"+",0,FALSE,FALSE,TRUE,"intronic_same",79711740,10440,FALSE,8,36.92,FALSE,"disruption"
"Abce1","24015","chr8","-",79683462,79711740,79657700,79727700,"N-2-26",TRUE,TRUE,"CMZ347",FALSE,"chr8",79707150,79707250,79707200,3166,"+",0,FALSE,FALSE,TRUE,"intronic_same",79711740,4540,FALSE,6,16.05,TRUE,"activation"
"Abhd17b","226016","chr19","+",21653185,21685637,21660000,21699000,"N3-1-11",TRUE,FALSE,NA,FALSE,"chr19",21659950,21660050,21660000,1224,"-",0,FALSE,FALSE,FALSE,"intronic_opposite",21653185,6815,FALSE,2,21,FALSE,"disruption"
"Abhd17b","226016","chr19","+",21653185,21685637,21660000,21699000,"B3-1-11",TRUE,FALSE,NA,FALSE,"chr19",21659950,21660050,21660000,1576,"-",0,FALSE,FALSE,FALSE,"intronic_opposite",21653185,6815,FALSE,2,21,FALSE,"disruption"
"Abhd17b","226016","chr19","+",21653185,21685637,21660000,21699000,"B3-1-3",TRUE,TRUE,"CMZ104",FALSE,"chr19",21671450,21671550,21671500,7626,"+",0,FALSE,FALSE,TRUE,"intronic_same",21653185,18315,FALSE,2,56.44,TRUE,"activation"
"Abhd17b","226016","chr19","+",21653185,21685637,21660000,21699000,"N3-1-3",TRUE,TRUE,"CMZ104",FALSE,"chr19",21671450,21671550,21671500,7737,"+",0,FALSE,FALSE,TRUE,"intronic_same",21653185,18315,FALSE,2,56.44,TRUE,"activation"
"Abhd17b","226016","chr19","+",21653185,21685637,21660000,21699000,"B-1-4",FALSE,FALSE,NA,FALSE,"chr19",21674950,21675050,21675000,22,"-",0,FALSE,FALSE,FALSE,"intronic_opposite",21653185,21815,FALSE,2,67.22,FALSE,"disruption"
"Abhd17b","226016","chr19","+",21653185,21685637,21660000,21699000,"N-B02",TRUE,FALSE,NA,FALSE,"chr19",21689350,21689450,21689400,413,"-",3763,TRUE,FALSE,FALSE,"distant",21653185,36215,FALSE,NA,111.6,FALSE,"disruption"
"Abhd17b","226016","chr19","+",21653185,21685637,21660000,21699000,"N-A08",TRUE,FALSE,NA,FALSE,"chr19",21694650,21694750,21694700,1380,"+",9063,TRUE,FALSE,TRUE,"distant",21653185,41515,FALSE,NA,127.93,FALSE,"disruption"
"Abl1","11350","chr2","+",31688376,31804227,31737400,31807400,"N-A04",FALSE,TRUE,"CMZ101",FALSE,"chr2",31737350,31737450,31737400,763,"-",0,FALSE,FALSE,FALSE,"intronic_opposite",31688376,49024,FALSE,10,42.32,FALSE,"disruption"
"Abl1","11350","chr2","+",31688376,31804227,31737400,31807400,"B-A04",FALSE,TRUE,"CMZ101",FALSE,"chr2",31737350,31737450,31737400,6238,"-",0,FALSE,FALSE,FALSE,"intronic_opposite",31688376,49024,FALSE,10,42.32,FALSE,"disruption"
"Abl1","11350","chr2","+",31688376,31804227,31737400,31807400,"B3-2-22",TRUE,TRUE,"CMZ347",FALSE,"chr2",31762250,31762350,31762300,956,"+",0,FALSE,FALSE,TRUE,"intronic_same",31688376,73924,FALSE,12,63.81,FALSE,"disruption"
"Abl1","11350","chr2","+",31688376,31804227,31737400,31807400,"N3-2-22",TRUE,TRUE,"CMZ347",FALSE,"chr2",31762250,31762350,31762300,1755,"+",0,FALSE,FALSE,TRUE,"intronic_same",31688376,73924,FALSE,12,63.81,FALSE,"disruption"
"Abl1","11350","chr2","+",31688376,31804227,31737400,31807400,"N-B10",FALSE,FALSE,NA,FALSE,"chr2",31765450,31765550,31765500,1338,"-",0,FALSE,FALSE,FALSE,"intronic_opposite",31688376,77124,FALSE,12,66.57,FALSE,"disruption"
"Abl1","11350","chr2","+",31688376,31804227,31737400,31807400,"B-B10",FALSE,FALSE,NA,FALSE,"chr2",31765450,31765550,31765500,24499,"-",0,FALSE,FALSE,FALSE,"intronic_opposite",31688376,77124,FALSE,12,66.57,FALSE,"disruption"
"Abl1","11350","chr2","+",31688376,31804227,31737400,31807400,"N3-4",FALSE,FALSE,NA,FALSE,"chr2",31786150,31786250,31786200,712,"+",0,FALSE,FALSE,TRUE,"intronic_same",31688376,97824,FALSE,18,84.44,FALSE,"disruption"
"Abl1","11350","chr2","+",31688376,31804227,31737400,31807400,"N-2-12",FALSE,TRUE,"CMZ354",FALSE,"chr2",31789650,31789750,31789700,9252,"-",0,FALSE,FALSE,FALSE,"intronic_opposite",31688376,101324,FALSE,18,87.46,FALSE,"disruption"
"Abl1","11350","chr2","+",31688376,31804227,31737400,31807400,"B-2-12",FALSE,TRUE,"CMZ354",FALSE,"chr2",31789650,31789750,31789700,4486,"-",0,FALSE,FALSE,FALSE,"intronic_opposite",31688376,101324,FALSE,18,87.46,FALSE,"disruption"
"Abl1","11350","chr2","+",31688376,31804227,31737400,31807400,"N-B02",TRUE,FALSE,NA,FALSE,"chr2",31801850,31801950,31801900,229,"+",0,FALSE,TRUE,TRUE,"exonic_same",31688376,113524,FALSE,NA,97.99,FALSE,"disruption"
"Actr10","56444","chr12","+",70937857,70964718,70979600,71018600,"N-B02",TRUE,FALSE,NA,FALSE,"chr12",70979550,70979650,70979600,342,"-",14882,TRUE,FALSE,FALSE,"distant",70937857,41743,FALSE,NA,155.4,FALSE,"disruption"
"Actr10","56444","chr12","+",70937857,70964718,70979600,71018600,"B-1-10",FALSE,FALSE,NA,FALSE,"chr12",70981150,70981250,70981200,66,"-",16482,TRUE,FALSE,FALSE,"distant",70937857,43343,FALSE,NA,161.36,FALSE,"disruption"
"Actr10","56444","chr12","+",70937857,70964718,70979600,71018600,"B-A03",TRUE,TRUE,"CMZ111,CMZ356",FALSE,"chr12",70986150,70986250,70986200,3986,"-",21482,TRUE,FALSE,FALSE,"distant",70937857,48343,FALSE,NA,179.97,FALSE,"disruption"
"Actr10","56444","chr12","+",70937857,70964718,70979600,71018600,"N-A08",TRUE,FALSE,NA,FALSE,"chr12",71011250,71011350,71011300,7724,"-",46582,TRUE,FALSE,FALSE,"distant",70937857,73443,FALSE,NA,273.42,FALSE,"disruption"
"Actr10","56444","chr12","+",70937857,70964718,70979600,71018600,"B-A08",TRUE,FALSE,NA,FALSE,"chr12",71011250,71011350,71011300,19579,"-",46582,TRUE,FALSE,FALSE,"distant",70937857,73443,FALSE,NA,273.42,FALSE,"disruption"
"Actr10","56444","chr12","+",70937857,70964718,70979600,71018600,"N-A08",TRUE,FALSE,NA,FALSE,"chr12",71013550,71013650,71013600,1263,"-",48882,TRUE,FALSE,FALSE,"distant",70937857,75743,FALSE,NA,281.98,FALSE,"disruption"
"Actr2","66713","chr11","-",20062304,20112913,20056700,20126700,"B-A05",FALSE,TRUE,"CMZ109",FALSE,"chr11",20056650,20056750,20056700,818,"-",5604,TRUE,FALSE,FALSE,"distant",20112913,56213,FALSE,NA,111.07,FALSE,"disruption"
"Actr2","66713","chr11","-",20062304,20112913,20056700,20126700,"B3-1-11",TRUE,FALSE,NA,FALSE,"chr11",20064250,20064350,20064300,22015,"+",0,FALSE,TRUE,TRUE,"exonic_same",20112913,48613,FALSE,NA,96.06,FALSE,"disruption"
"Actr2","66713","chr11","-",20062304,20112913,20056700,20126700,"B-B02",TRUE,FALSE,NA,FALSE,"chr11",20064250,20064350,20064300,21588,"+",0,FALSE,TRUE,TRUE,"exonic_same",20112913,48613,FALSE,NA,96.06,FALSE,"disruption"
"Actr2","66713","chr11","-",20062304,20112913,20056700,20126700,"N3-1-11",TRUE,FALSE,NA,FALSE,"chr11",20064250,20064350,20064300,1788,"+",0,FALSE,TRUE,TRUE,"exonic_same",20112913,48613,FALSE,NA,96.06,FALSE,"disruption"
"Actr2","66713","chr11","-",20062304,20112913,20056700,20126700,"B3-7",FALSE,FALSE,NA,FALSE,"chr11",20068050,20068150,20068100,1076,"+",0,FALSE,FALSE,TRUE,"intronic_same",20112913,44813,FALSE,12,88.55,FALSE,"disruption"
"Actr2","66713","chr11","-",20062304,20112913,20056700,20126700,"N3-2-2",TRUE,FALSE,NA,FALSE,"chr11",20091550,20091650,20091600,1350,"+",0,FALSE,FALSE,TRUE,"intronic_same",20112913,21313,FALSE,6,42.11,FALSE,"disruption"
"Actr2","66713","chr11","-",20062304,20112913,20056700,20126700,"B3-7",FALSE,FALSE,NA,FALSE,"chr11",20104650,20104750,20104700,463,"-",0,FALSE,FALSE,FALSE,"intronic_opposite",20112913,8213,FALSE,3,16.23,FALSE,"disruption"
"Actr2","66713","chr11","-",20062304,20112913,20056700,20126700,"N-A01",TRUE,TRUE,"CMZ110,CMZ355",FALSE,"chr11",20110050,20110150,20110100,3987,"-",0,FALSE,FALSE,FALSE,"intronic_opposite",20112913,2813,FALSE,3,5.56,FALSE,"disruption"
"Actr2","66713","chr11","-",20062304,20112913,20056700,20126700,"B-A01",TRUE,TRUE,"CMZ110,CMZ355",FALSE,"chr11",20110050,20110150,20110100,6804,"-",0,FALSE,FALSE,FALSE,"intronic_opposite",20112913,2813,FALSE,3,5.56,FALSE,"disruption"
"Adam10","11487","chr9","+",70678997,70780229,70439900,70740900,"N3-1-11",TRUE,FALSE,NA,FALSE,"chr9",70439850,70439950,70439900,2126,"+",239097,TRUE,FALSE,TRUE,"distant",70678997,-239097,FALSE,NA,-236.19,FALSE,"disruption"
"Adam10","11487","chr9","+",70678997,70780229,70439900,70740900,"B-A07",FALSE,TRUE,"CMZ182,CMZ357",FALSE,"chr9",70455750,70455850,70455800,58401,"+",223197,TRUE,FALSE,TRUE,"distant",70678997,-223197,FALSE,NA,-220.48,FALSE,"disruption"
"Adam10","11487","chr9","+",70678997,70780229,70439900,70740900,"B3-1-13",FALSE,TRUE,"CMZ182,CMZ357",FALSE,"chr9",70455750,70455850,70455800,6689,"+",223197,TRUE,FALSE,TRUE,"distant",70678997,-223197,FALSE,NA,-220.48,FALSE,"disruption"
"Adam10","11487","chr9","+",70678997,70780229,70439900,70740900,"N3-1-13",FALSE,TRUE,"CMZ182,CMZ357",FALSE,"chr9",70455750,70455850,70455800,1053,"+",223197,TRUE,FALSE,TRUE,"distant",70678997,-223197,FALSE,NA,-220.48,FALSE,"disruption"
"Adam10","11487","chr9","+",70678997,70780229,70439900,70740900,"N-A07",FALSE,TRUE,"CMZ182,CMZ357",FALSE,"chr9",70455750,70455850,70455800,234,"+",223197,TRUE,FALSE,TRUE,"distant",70678997,-223197,FALSE,NA,-220.48,FALSE,"disruption"
"Adam10","11487","chr9","+",70678997,70780229,70439900,70740900,"N3-2-21",FALSE,FALSE,NA,FALSE,"chr9",70472750,70472850,70472800,3145,"+",206197,TRUE,FALSE,TRUE,"distant",70678997,-206197,FALSE,NA,-203.69,FALSE,"disruption"
"Adam10","11487","chr9","+",70678997,70780229,70439900,70740900,"N3-c-9",FALSE,FALSE,NA,FALSE,"chr9",70476850,70476950,70476900,12674,"-",202097,TRUE,FALSE,FALSE,"distant",70678997,-202097,FALSE,NA,-199.64,FALSE,"disruption"
"Adam10","11487","chr9","+",70678997,70780229,70439900,70740900,"B3-c-9",FALSE,FALSE,NA,FALSE,"chr9",70476850,70476950,70476900,3220,"-",202097,TRUE,FALSE,FALSE,"distant",70678997,-202097,FALSE,NA,-199.64,FALSE,"disruption"
"Adam10","11487","chr9","+",70678997,70780229,70439900,70740900,"N-3-1",FALSE,FALSE,NA,FALSE,"chr9",70499050,70499150,70499100,793,"+",179897,TRUE,FALSE,TRUE,"distant",70678997,-179897,FALSE,NA,-177.71,FALSE,"disruption"
"Adam10","11487","chr9","+",70678997,70780229,70439900,70740900,"B3-1-13",FALSE,TRUE,"CMZ182,CMZ357",FALSE,"chr9",70514250,70514350,70514300,871,"+",164697,TRUE,FALSE,TRUE,"distant",70678997,-164697,FALSE,NA,-162.69,FALSE,"disruption"
"Adam10","11487","chr9","+",70678997,70780229,70439900,70740900,"N3-1-13",FALSE,TRUE,"CMZ182,CMZ357",FALSE,"chr9",70514250,70514350,70514300,759,"-",164697,TRUE,FALSE,FALSE,"distant",70678997,-164697,FALSE,NA,-162.69,FALSE,"disruption"
"Adam10","11487","chr9","+",70678997,70780229,70439900,70740900,"B3-7",FALSE,FALSE,NA,FALSE,"chr9",70554950,70555050,70555000,740,"-",123997,TRUE,FALSE,FALSE,"distant",70678997,-123997,FALSE,NA,-122.49,FALSE,"disruption"
"Adam10","11487","chr9","+",70678997,70780229,70439900,70740900,"N-2-21",FALSE,TRUE,"CMZ353",FALSE,"chr9",70556050,70556150,70556100,129,"+",122897,TRUE,FALSE,TRUE,"distant",70678997,-122897,FALSE,NA,-121.4,FALSE,"disruption"
"Adam10","11487","chr9","+",70678997,70780229,70439900,70740900,"B3-5",FALSE,FALSE,NA,FALSE,"chr9",70614350,70614450,70614400,266,"-",64597,TRUE,FALSE,FALSE,"distant",70678997,-64597,FALSE,NA,-63.81,FALSE,"disruption"
"Adam10","11487","chr9","+",70678997,70780229,70439900,70740900,"N3-1-2",TRUE,TRUE,"CMZ107",FALSE,"chr9",70630150,70630250,70630200,1686,"-",48797,TRUE,FALSE,FALSE,"distant",70678997,-48797,FALSE,NA,-48.2,FALSE,"disruption"
"Adam10","11487","chr9","+",70678997,70780229,70439900,70740900,"B3-1-11",TRUE,FALSE,NA,FALSE,"chr9",70680850,70680950,70680900,1362,"-",0,FALSE,FALSE,FALSE,"intronic_opposite",70678997,1903,FALSE,2,1.88,FALSE,"disruption"
"Adam10","11487","chr9","+",70678997,70780229,70439900,70740900,"B-1-10",FALSE,FALSE,NA,FALSE,"chr9",70700650,70700750,70700700,73,"+",0,FALSE,FALSE,TRUE,"intronic_same",70678997,21703,FALSE,2,21.44,TRUE,"activation"
"Adam10","11487","chr9","+",70678997,70780229,70439900,70740900,"N-1-4",FALSE,FALSE,NA,FALSE,"chr9",70717350,70717450,70717400,8,"+",0,FALSE,FALSE,TRUE,"intronic_same",70678997,38403,FALSE,3,37.94,TRUE,"activation"
"Adam10","11487","chr9","+",70678997,70780229,70439900,70740900,"B-2-25",FALSE,TRUE,"CMZ349",FALSE,"chr9",70724850,70724950,70724900,3094,"+",0,FALSE,FALSE,TRUE,"intronic_same",70678997,45903,FALSE,5,45.34,FALSE,"disruption"
"Adam10","11487","chr9","+",70678997,70780229,70439900,70740900,"N-2-25",FALSE,TRUE,"CMZ349",FALSE,"chr9",70724850,70724950,70724900,1822,"+",0,FALSE,FALSE,TRUE,"intronic_same",70678997,45903,FALSE,5,45.34,FALSE,"disruption"
"Adam10","11487","chr9","+",70678997,70780229,70439900,70740900,"N3-17",TRUE,FALSE,NA,FALSE,"chr9",70736350,70736450,70736400,2196,"-",0,FALSE,FALSE,FALSE,"intronic_opposite",70678997,57403,FALSE,5,56.7,FALSE,"disruption"
"Adam10","11487","chr9","+",70678997,70780229,70439900,70740900,"B3-17",TRUE,FALSE,NA,FALSE,"chr9",70736350,70736450,70736400,2687,"-",0,FALSE,FALSE,FALSE,"intronic_opposite",70678997,57403,FALSE,5,56.7,FALSE,"disruption"
"Adnp","11538","chr2","-",168204357,168207112,168177200,168216200,"B3-7",FALSE,FALSE,NA,FALSE,"chr2",168177150,168177250,168177200,564,"-",27157,TRUE,FALSE,FALSE,"distant",168207112,29912,FALSE,NA,1085.74,FALSE,"disruption"
"Adnp","11538","chr2","-",168204357,168207112,168177200,168216200,"B-2-23",FALSE,FALSE,NA,FALSE,"chr2",168177250,168177350,168177300,310,"+",27057,TRUE,FALSE,TRUE,"distant",168207112,29812,FALSE,NA,1082.11,FALSE,"disruption"
"Adnp","11538","chr2","-",168204357,168207112,168177200,168216200,"N-2-23",FALSE,FALSE,NA,FALSE,"chr2",168177250,168177350,168177300,4700,"+",27057,TRUE,FALSE,TRUE,"distant",168207112,29812,FALSE,NA,1082.11,FALSE,"disruption"
"Adnp","11538","chr2","-",168204357,168207112,168177200,168216200,"B-2-25",FALSE,TRUE,"CMZ349",FALSE,"chr2",168187250,168187350,168187300,9569,"+",17057,TRUE,FALSE,TRUE,"distant",168207112,19812,FALSE,NA,719.13,FALSE,"disruption"
"Adnp","11538","chr2","-",168204357,168207112,168177200,168216200,"N-2-25",FALSE,TRUE,"CMZ349",FALSE,"chr2",168187250,168187350,168187300,7350,"+",17057,TRUE,FALSE,TRUE,"distant",168207112,19812,FALSE,NA,719.13,FALSE,"disruption"
"Adnp","11538","chr2","-",168204357,168207112,168177200,168216200,"N3-1",FALSE,FALSE,NA,FALSE,"chr2",168195650,168195750,168195700,1070,"-",8657,TRUE,FALSE,FALSE,"distant",168207112,11412,FALSE,NA,414.23,FALSE,"disruption"
"Adnp","11538","chr2","-",168204357,168207112,168177200,168216200,"B-1-4",FALSE,FALSE,NA,FALSE,"chr2",168195950,168196050,168196000,22,"+",8357,TRUE,FALSE,TRUE,"distant",168207112,11112,FALSE,NA,403.34,FALSE,"disruption"
"Adnp","11538","chr2","-",168204357,168207112,168177200,168216200,"B-A05",FALSE,TRUE,"CMZ109",FALSE,"chr2",168204550,168204650,168204600,3555,"+",0,FALSE,TRUE,TRUE,"exonic_same",168207112,2512,FALSE,NA,91.18,FALSE,"disruption"
"Aff1","17355","chr5","+",103692374,103855322,103693200,103901200,"B-B09",TRUE,TRUE,"CMZ104",FALSE,"chr5",103693150,103693250,103693200,16142,"-",0,FALSE,FALSE,FALSE,"intronic_opposite",103692374,826,FALSE,1,0.51,FALSE,"disruption"
"Aff1","17355","chr5","+",103692374,103855322,103693200,103901200,"N-B08",TRUE,TRUE,"CMZ106",FALSE,"chr5",103693850,103693950,103693900,569,"-",0,FALSE,FALSE,FALSE,"intronic_opposite",103692374,1526,FALSE,1,0.94,FALSE,"disruption"
"Aff1","17355","chr5","+",103692374,103855322,103693200,103901200,"B-B08",TRUE,TRUE,"CMZ106",FALSE,"chr5",103693850,103693950,103693900,875,"-",0,FALSE,FALSE,FALSE,"intronic_opposite",103692374,1526,FALSE,1,0.94,FALSE,"disruption"
"Aff1","17355","chr5","+",103692374,103855322,103693200,103901200,"B3-c-9",FALSE,FALSE,NA,FALSE,"chr5",103698550,103698650,103698600,1865,"-",0,FALSE,FALSE,FALSE,"intronic_opposite",103692374,6226,FALSE,1,3.82,FALSE,"disruption"
"Aff1","17355","chr5","+",103692374,103855322,103693200,103901200,"N-B10",FALSE,FALSE,NA,FALSE,"chr5",103791250,103791350,103791300,335,"+",0,FALSE,FALSE,TRUE,"intronic_same",103692374,98926,FALSE,8,60.71,FALSE,"disruption"
"Aff1","17355","chr5","+",103692374,103855322,103693200,103901200,"B3-5",FALSE,FALSE,NA,FALSE,"chr5",103799650,103799750,103799700,217,"+",0,FALSE,FALSE,TRUE,"intronic_same",103692374,107326,FALSE,8,65.87,FALSE,"disruption"
"Aff1","17355","chr5","+",103692374,103855322,103693200,103901200,"N-A07",FALSE,TRUE,"CMZ182,CMZ357",FALSE,"chr5",103800350,103800450,103800400,410,"+",0,FALSE,FALSE,TRUE,"intronic_same",103692374,108026,FALSE,8,66.29,FALSE,"disruption"
"Aff1","17355","chr5","+",103692374,103855322,103693200,103901200,"N-1-7",FALSE,FALSE,NA,FALSE,"chr5",103804150,103804250,103804200,166,"+",0,FALSE,FALSE,TRUE,"intronic_same",103692374,111826,FALSE,8,68.63,FALSE,"disruption"
"Aff1","17355","chr5","+",103692374,103855322,103693200,103901200,"N3-2-2",TRUE,FALSE,NA,FALSE,"chr5",103845850,103845950,103845900,1109,"-",0,FALSE,FALSE,FALSE,"intronic_opposite",103692374,153526,FALSE,23,94.22,FALSE,"disruption"
"Aff1","17355","chr5","+",103692374,103855322,103693200,103901200,"N3-1-11",TRUE,FALSE,NA,FALSE,"chr5",103853350,103853450,103853400,15347,"-",0,FALSE,TRUE,FALSE,"exonic_opposite",103692374,161026,FALSE,NA,98.82,FALSE,"disruption"
"Aff1","17355","chr5","+",103692374,103855322,103693200,103901200,"N-B02",TRUE,FALSE,NA,FALSE,"chr5",103853350,103853450,103853400,610,"-",0,FALSE,TRUE,FALSE,"exonic_opposite",103692374,161026,FALSE,NA,98.82,FALSE,"disruption"
"Aff1","17355","chr5","+",103692374,103855322,103693200,103901200,"B-B02",TRUE,FALSE,NA,FALSE,"chr5",103853350,103853450,103853400,13770,"-",0,FALSE,TRUE,FALSE,"exonic_opposite",103692374,161026,FALSE,NA,98.82,FALSE,"disruption"
"Aff1","17355","chr5","+",103692374,103855322,103693200,103901200,"B3-1-11",TRUE,FALSE,NA,FALSE,"chr5",103853350,103853450,103853400,11811,"-",0,FALSE,TRUE,FALSE,"exonic_opposite",103692374,161026,FALSE,NA,98.82,FALSE,"disruption"
"Ago2","239528","chr15","-",73095844,73184935,73154100,73193100,"N3-3",FALSE,FALSE,NA,FALSE,"chr15",73154050,73154150,73154100,3436,"-",0,FALSE,FALSE,FALSE,"intronic_opposite",73184935,30835,FALSE,2,34.61,FALSE,"disruption"
"Ago2","239528","chr15","-",73095844,73184935,73154100,73193100,"B3-3",FALSE,FALSE,NA,FALSE,"chr15",73154050,73154150,73154100,34033,"-",0,FALSE,FALSE,FALSE,"intronic_opposite",73184935,30835,FALSE,2,34.61,FALSE,"disruption"
"Ago2","239528","chr15","-",73095844,73184935,73154100,73193100,"N3-1",FALSE,FALSE,NA,FALSE,"chr15",73155450,73155550,73155500,9986,"-",0,FALSE,FALSE,FALSE,"intronic_opposite",73184935,29435,FALSE,2,33.04,FALSE,"disruption"
"Ago2","239528","chr15","-",73095844,73184935,73154100,73193100,"N3-13",FALSE,FALSE,NA,FALSE,"chr15",73155450,73155550,73155500,7147,"-",0,FALSE,FALSE,FALSE,"intronic_opposite",73184935,29435,FALSE,2,33.04,FALSE,"disruption"
"Ago2","239528","chr15","-",73095844,73184935,73154100,73193100,"N3-10",FALSE,FALSE,NA,FALSE,"chr15",73155450,73155550,73155500,14020,"-",0,FALSE,FALSE,FALSE,"intronic_opposite",73184935,29435,FALSE,2,33.04,FALSE,"disruption"
"Ago2","239528","chr15","-",73095844,73184935,73154100,73193100,"B3-10",FALSE,FALSE,NA,FALSE,"chr15",73155450,73155550,73155500,3434,"-",0,FALSE,FALSE,FALSE,"intronic_opposite",73184935,29435,FALSE,2,33.04,FALSE,"disruption"
"Ago2","239528","chr15","-",73095844,73184935,73154100,73193100,"B3-1",FALSE,FALSE,NA,FALSE,"chr15",73155450,73155550,73155500,1496,"-",0,FALSE,FALSE,FALSE,"intronic_opposite",73184935,29435,FALSE,2,33.04,FALSE,"disruption"
"Ago2","239528","chr15","-",73095844,73184935,73154100,73193100,"B3-13",FALSE,FALSE,NA,FALSE,"chr15",73155450,73155550,73155500,2749,"-",0,FALSE,FALSE,FALSE,"intronic_opposite",73184935,29435,FALSE,2,33.04,FALSE,"disruption"
"Ago2","239528","chr15","-",73095844,73184935,73154100,73193100,"B-1-6",FALSE,TRUE,"CMZ350",FALSE,"chr15",73155550,73155650,73155600,887,"+",0,FALSE,FALSE,TRUE,"intronic_same",73184935,29335,FALSE,2,32.93,TRUE,"activation"
"Ago2","239528","chr15","-",73095844,73184935,73154100,73193100,"N-1-6",FALSE,TRUE,"CMZ350",FALSE,"chr15",73155550,73155650,73155600,1167,"+",0,FALSE,FALSE,TRUE,"intronic_same",73184935,29335,FALSE,2,32.93,TRUE,"activation"
"Ago2","239528","chr15","-",73095844,73184935,73154100,73193100,"B3-19",FALSE,FALSE,NA,FALSE,"chr15",73172450,73172550,73172500,864,"-",0,FALSE,FALSE,FALSE,"intronic_opposite",73184935,12435,FALSE,2,13.96,FALSE,"disruption"
"Ago2","239528","chr15","-",73095844,73184935,73154100,73193100,"N3-19",FALSE,FALSE,NA,FALSE,"chr15",73173250,73173350,73173300,11888,"-",0,FALSE,FALSE,FALSE,"intronic_opposite",73184935,11635,FALSE,2,13.06,FALSE,"disruption"
"Ago2","239528","chr15","-",73095844,73184935,73154100,73193100,"B-A08",TRUE,FALSE,NA,FALSE,"chr15",73173250,73173350,73173300,5758,"+",0,FALSE,FALSE,TRUE,"intronic_same",73184935,11635,FALSE,2,13.06,TRUE,"activation"
"Ago2","239528","chr15","-",73095844,73184935,73154100,73193100,"B3-19",FALSE,FALSE,NA,FALSE,"chr15",73173250,73173350,73173300,11638,"-",0,FALSE,FALSE,FALSE,"intronic_opposite",73184935,11635,FALSE,2,13.06,FALSE,"disruption"
"Ago2","239528","chr15","-",73095844,73184935,73154100,73193100,"N-A08",TRUE,FALSE,NA,FALSE,"chr15",73173250,73173350,73173300,3651,"+",0,FALSE,FALSE,TRUE,"intronic_same",73184935,11635,FALSE,2,13.06,TRUE,"activation"
"Ago2","239528","chr15","-",73095844,73184935,73154100,73193100,"N-A08",TRUE,FALSE,NA,FALSE,"chr15",73173650,73173750,73173700,2178,"-",0,FALSE,FALSE,FALSE,"intronic_opposite",73184935,11235,FALSE,2,12.61,FALSE,"disruption"
"Agpat3","28169","chr10","-",78269178,78352489,78161400,78369400,"N3-3",FALSE,FALSE,NA,FALSE,"chr10",78161350,78161450,78161400,341,"-",107778,TRUE,FALSE,FALSE,"distant",78352489,191089,FALSE,NA,229.37,FALSE,"disruption"
"Agpat3","28169","chr10","-",78269178,78352489,78161400,78369400,"N-A01",TRUE,TRUE,"CMZ110,CMZ355",FALSE,"chr10",78190150,78190250,78190200,2122,"-",78978,TRUE,FALSE,FALSE,"distant",78352489,162289,FALSE,NA,194.8,FALSE,"disruption"
"Agpat3","28169","chr10","-",78269178,78352489,78161400,78369400,"N3-6",TRUE,FALSE,NA,FALSE,"chr10",78213450,78213550,78213500,701,"-",55678,TRUE,FALSE,FALSE,"distant",78352489,138989,FALSE,NA,166.83,FALSE,"disruption"
"Agpat3","28169","chr10","-",78269178,78352489,78161400,78369400,"B-1-4",FALSE,FALSE,NA,FALSE,"chr10",78229550,78229650,78229600,9,"+",39578,TRUE,FALSE,TRUE,"distant",78352489,122889,FALSE,NA,147.51,FALSE,"disruption"
"Agpat3","28169","chr10","-",78269178,78352489,78161400,78369400,"B3-c-10",TRUE,FALSE,NA,FALSE,"chr10",78295950,78296050,78296000,4528,"+",0,FALSE,FALSE,TRUE,"intronic_same",78352489,56489,FALSE,13,67.8,FALSE,"disruption"
"Agpat3","28169","chr10","-",78269178,78352489,78161400,78369400,"N3-c-10",TRUE,FALSE,NA,FALSE,"chr10",78295950,78296050,78296000,2817,"+",0,FALSE,FALSE,TRUE,"intronic_same",78352489,56489,FALSE,13,67.8,FALSE,"disruption"
"Agpat3","28169","chr10","-",78269178,78352489,78161400,78369400,"N-B03",FALSE,TRUE,"CMZ183",FALSE,"chr10",78323550,78323650,78323600,3678,"-",0,FALSE,FALSE,FALSE,"intronic_opposite",78352489,28889,FALSE,10,34.68,FALSE,"disruption"
"Agpat3","28169","chr10","-",78269178,78352489,78161400,78369400,"N-B10",FALSE,FALSE,NA,FALSE,"chr10",78331550,78331650,78331600,261,"+",0,FALSE,FALSE,TRUE,"intronic_same",78352489,20889,FALSE,9,25.07,FALSE,"disruption"
"Agpat3","28169","chr10","-",78269178,78352489,78161400,78369400,"N-3-4",FALSE,FALSE,NA,FALSE,"chr10",78347450,78347550,78347500,692,"-",0,FALSE,FALSE,FALSE,"intronic_opposite",78352489,4989,FALSE,9,5.99,FALSE,"disruption"
"Agpat3","28169","chr10","-",78269178,78352489,78161400,78369400,"N-A10",FALSE,TRUE,"CMZ184",FALSE,"chr10",78357150,78357250,78357200,557,"-",4711,TRUE,FALSE,FALSE,"distant",78352489,-4711,FALSE,NA,-5.65,FALSE,"disruption"
"Aifm3","72168","chr16","+",17489611,17507485,17461100,17500100,"N3-c-28",FALSE,FALSE,NA,FALSE,"chr16",17461050,17461150,17461100,12598,"-",28511,TRUE,FALSE,FALSE,"distant",17489611,-28511,FALSE,NA,-159.51,FALSE,"disruption"
"Aifm3","72168","chr16","+",17489611,17507485,17461100,17500100,"B3-c-28",FALSE,FALSE,NA,FALSE,"chr16",17463150,17463250,17463200,1109,"-",26411,TRUE,FALSE,FALSE,"distant",17489611,-26411,FALSE,NA,-147.76,FALSE,"disruption"
"Aifm3","72168","chr16","+",17489611,17507485,17461100,17500100,"N3-c-14",FALSE,FALSE,NA,FALSE,"chr16",17466050,17466150,17466100,2199,"+",23511,TRUE,FALSE,TRUE,"distant",17489611,-23511,FALSE,NA,-131.54,FALSE,"disruption"
"Aifm3","72168","chr16","+",17489611,17507485,17461100,17500100,"B3-8",FALSE,FALSE,NA,FALSE,"chr16",17470750,17470850,17470800,6650,"-",18811,TRUE,FALSE,FALSE,"distant",17489611,-18811,FALSE,NA,-105.24,FALSE,"disruption"
"Aifm3","72168","chr16","+",17489611,17507485,17461100,17500100,"N3-8",FALSE,FALSE,NA,FALSE,"chr16",17470850,17470950,17470900,2278,"-",18711,TRUE,FALSE,FALSE,"distant",17489611,-18711,FALSE,NA,-104.68,FALSE,"disruption"
"Aifm3","72168","chr16","+",17489611,17507485,17461100,17500100,"N3-3",FALSE,FALSE,NA,FALSE,"chr16",17480050,17480150,17480100,569,"+",9511,TRUE,FALSE,TRUE,"distant",17489611,-9511,FALSE,NA,-53.21,FALSE,"disruption"
"Aifm3","72168","chr16","+",17489611,17507485,17461100,17500100,"B3-2-22",TRUE,TRUE,"CMZ347",FALSE,"chr16",17485650,17485750,17485700,2731,"+",3911,TRUE,FALSE,TRUE,"distant",17489611,-3911,FALSE,NA,-21.88,FALSE,"disruption"
"Aifm3","72168","chr16","+",17489611,17507485,17461100,17500100,"N3-2-22",TRUE,TRUE,"CMZ347",FALSE,"chr16",17485650,17485750,17485700,11546,"+",3911,TRUE,FALSE,TRUE,"distant",17489611,-3911,FALSE,NA,-21.88,FALSE,"disruption"
"Akap8","56399","chr17","-",32303672,32321238,32210700,32319700,"B-2-21",FALSE,TRUE,"CMZ353",FALSE,"chr17",32210650,32210750,32210700,1161,"-",92972,TRUE,FALSE,FALSE,"distant",32321238,110538,FALSE,NA,629.27,FALSE,"disruption"
"Akap8","56399","chr17","-",32303672,32321238,32210700,32319700,"B3-9",FALSE,FALSE,NA,FALSE,"chr17",32210750,32210850,32210800,1624,"+",92872,TRUE,FALSE,TRUE,"distant",32321238,110438,FALSE,NA,628.7,FALSE,"disruption"
"Akap8","56399","chr17","-",32303672,32321238,32210700,32319700,"N3-9",FALSE,FALSE,NA,FALSE,"chr17",32210750,32210850,32210800,2542,"+",92872,TRUE,FALSE,TRUE,"distant",32321238,110438,FALSE,NA,628.7,FALSE,"disruption"
"Akap8","56399","chr17","-",32303672,32321238,32210700,32319700,"N3-c-10",TRUE,FALSE,NA,FALSE,"chr17",32217950,32218050,32218000,6248,"-",85672,TRUE,FALSE,FALSE,"distant",32321238,103238,FALSE,NA,587.71,FALSE,"disruption"
"Akap8","56399","chr17","-",32303672,32321238,32210700,32319700,"B-A10",FALSE,TRUE,"CMZ184",FALSE,"chr17",32243250,32243350,32243300,2903,"-",60372,TRUE,FALSE,FALSE,"distant",32321238,77938,FALSE,NA,443.69,FALSE,"disruption"
"Akap8","56399","chr17","-",32303672,32321238,32210700,32319700,"N3-12",FALSE,FALSE,NA,FALSE,"chr17",32260750,32260850,32260800,1570,"-",42872,TRUE,FALSE,FALSE,"distant",32321238,60438,FALSE,NA,344.06,FALSE,"disruption"
"Akap8","56399","chr17","-",32303672,32321238,32210700,32319700,"B-2-17",TRUE,TRUE,"CMZ345",FALSE,"chr17",32267050,32267150,32267100,23072,"+",36572,TRUE,FALSE,TRUE,"distant",32321238,54138,FALSE,NA,308.2,FALSE,"disruption"
"Akap8","56399","chr17","-",32303672,32321238,32210700,32319700,"N-2-17",TRUE,TRUE,"CMZ345",FALSE,"chr17",32267050,32267150,32267100,29379,"+",36572,TRUE,FALSE,TRUE,"distant",32321238,54138,FALSE,NA,308.2,FALSE,"disruption"
"Akap8","56399","chr17","-",32303672,32321238,32210700,32319700,"B3-13",FALSE,FALSE,NA,FALSE,"chr17",32279950,32280050,32280000,10873,"+",23672,TRUE,FALSE,TRUE,"distant",32321238,41238,FALSE,NA,234.76,FALSE,"disruption"
"Akap8","56399","chr17","-",32303672,32321238,32210700,32319700,"B3-10",FALSE,FALSE,NA,FALSE,"chr17",32279950,32280050,32280000,19689,"+",23672,TRUE,FALSE,TRUE,"distant",32321238,41238,FALSE,NA,234.76,FALSE,"disruption"
"Akap8","56399","chr17","-",32303672,32321238,32210700,32319700,"N3-10",FALSE,FALSE,NA,FALSE,"chr17",32279950,32280050,32280000,13813,"+",23672,TRUE,FALSE,TRUE,"distant",32321238,41238,FALSE,NA,234.76,FALSE,"disruption"
"Akap8","56399","chr17","-",32303672,32321238,32210700,32319700,"N3-13",FALSE,FALSE,NA,FALSE,"chr17",32279950,32280050,32280000,4843,"+",23672,TRUE,FALSE,TRUE,"distant",32321238,41238,FALSE,NA,234.76,FALSE,"disruption"
"Akap8","56399","chr17","-",32303672,32321238,32210700,32319700,"B3-6",TRUE,FALSE,NA,FALSE,"chr17",32285350,32285450,32285400,1106,"+",18272,TRUE,FALSE,TRUE,"distant",32321238,35838,FALSE,NA,204.02,FALSE,"disruption"
"Akap8","56399","chr17","-",32303672,32321238,32210700,32319700,"N3-6",TRUE,FALSE,NA,FALSE,"chr17",32285350,32285450,32285400,996,"+",18272,TRUE,FALSE,TRUE,"distant",32321238,35838,FALSE,NA,204.02,FALSE,"disruption"
"Akap8l","54194","chr17","-",32321424,32350607,32210700,32319700,"B-2-21",FALSE,TRUE,"CMZ353",FALSE,"chr17",32210650,32210750,32210700,1161,"-",110724,TRUE,FALSE,FALSE,"distant",32350607,139907,FALSE,NA,479.41,FALSE,"disruption"
"Akap8l","54194","chr17","-",32321424,32350607,32210700,32319700,"B3-9",FALSE,FALSE,NA,FALSE,"chr17",32210750,32210850,32210800,1624,"+",110624,TRUE,FALSE,TRUE,"distant",32350607,139807,FALSE,NA,479.07,FALSE,"disruption"
"Akap8l","54194","chr17","-",32321424,32350607,32210700,32319700,"N3-9",FALSE,FALSE,NA,FALSE,"chr17",32210750,32210850,32210800,2542,"+",110624,TRUE,FALSE,TRUE,"distant",32350607,139807,FALSE,NA,479.07,FALSE,"disruption"
"Akap8l","54194","chr17","-",32321424,32350607,32210700,32319700,"N3-c-10",TRUE,FALSE,NA,FALSE,"chr17",32217950,32218050,32218000,6248,"-",103424,TRUE,FALSE,FALSE,"distant",32350607,132607,FALSE,NA,454.4,FALSE,"disruption"
"Akap8l","54194","chr17","-",32321424,32350607,32210700,32319700,"B-A10",FALSE,TRUE,"CMZ184",FALSE,"chr17",32243250,32243350,32243300,2903,"-",78124,TRUE,FALSE,FALSE,"distant",32350607,107307,FALSE,NA,367.7,FALSE,"disruption"
"Akap8l","54194","chr17","-",32321424,32350607,32210700,32319700,"N3-12",FALSE,FALSE,NA,FALSE,"chr17",32260750,32260850,32260800,1570,"-",60624,TRUE,FALSE,FALSE,"distant",32350607,89807,FALSE,NA,307.74,FALSE,"disruption"
"Akap8l","54194","chr17","-",32321424,32350607,32210700,32319700,"B-2-17",TRUE,TRUE,"CMZ345",FALSE,"chr17",32267050,32267150,32267100,23072,"+",54324,TRUE,FALSE,TRUE,"distant",32350607,83507,FALSE,NA,286.15,FALSE,"disruption"
"Akap8l","54194","chr17","-",32321424,32350607,32210700,32319700,"N-2-17",TRUE,TRUE,"CMZ345",FALSE,"chr17",32267050,32267150,32267100,29379,"+",54324,TRUE,FALSE,TRUE,"distant",32350607,83507,FALSE,NA,286.15,FALSE,"disruption"
"Akap8l","54194","chr17","-",32321424,32350607,32210700,32319700,"B3-13",FALSE,FALSE,NA,FALSE,"chr17",32279950,32280050,32280000,10873,"+",41424,TRUE,FALSE,TRUE,"distant",32350607,70607,FALSE,NA,241.95,FALSE,"disruption"
"Akap8l","54194","chr17","-",32321424,32350607,32210700,32319700,"B3-10",FALSE,FALSE,NA,FALSE,"chr17",32279950,32280050,32280000,19689,"+",41424,TRUE,FALSE,TRUE,"distant",32350607,70607,FALSE,NA,241.95,FALSE,"disruption"
"Akap8l","54194","chr17","-",32321424,32350607,32210700,32319700,"N3-10",FALSE,FALSE,NA,FALSE,"chr17",32279950,32280050,32280000,13813,"+",41424,TRUE,FALSE,TRUE,"distant",32350607,70607,FALSE,NA,241.95,FALSE,"disruption"
"Akap8l","54194","chr17","-",32321424,32350607,32210700,32319700,"N3-13",FALSE,FALSE,NA,FALSE,"chr17",32279950,32280050,32280000,4843,"+",41424,TRUE,FALSE,TRUE,"distant",32350607,70607,FALSE,NA,241.95,FALSE,"disruption"
"Akap8l","54194","chr17","-",32321424,32350607,32210700,32319700,"B3-6",TRUE,FALSE,NA,FALSE,"chr17",32285350,32285450,32285400,1106,"+",36024,TRUE,FALSE,TRUE,"distant",32350607,65207,FALSE,NA,223.44,FALSE,"disruption"
"Akap8l","54194","chr17","-",32321424,32350607,32210700,32319700,"N3-6",TRUE,FALSE,NA,FALSE,"chr17",32285350,32285450,32285400,996,"+",36024,TRUE,FALSE,TRUE,"distant",32350607,65207,FALSE,NA,223.44,FALSE,"disruption"
"Amt","434437","chr9","+",108296853,108302302,108217900,108425900,"B-A04",FALSE,TRUE,"CMZ101",FALSE,"chr9",108217850,108217950,108217900,5236,"+",78953,TRUE,FALSE,TRUE,"distant",108296853,-78953,FALSE,NA,-1448.94,FALSE,"disruption"
"Amt","434437","chr9","+",108296853,108302302,108217900,108425900,"B3-5",FALSE,FALSE,NA,FALSE,"chr9",108220550,108220650,108220600,539,"+",76253,TRUE,FALSE,TRUE,"distant",108296853,-76253,FALSE,NA,-1399.39,FALSE,"disruption"
"Amt","434437","chr9","+",108296853,108302302,108217900,108425900,"N3-13",FALSE,FALSE,NA,FALSE,"chr9",108301150,108301250,108301200,2171,"-",0,FALSE,TRUE,FALSE,"exonic_opposite",108296853,4347,FALSE,NA,79.78,FALSE,"disruption"
"Amt","434437","chr9","+",108296853,108302302,108217900,108425900,"N3-10",FALSE,FALSE,NA,FALSE,"chr9",108301150,108301250,108301200,2576,"-",0,FALSE,TRUE,FALSE,"exonic_opposite",108296853,4347,FALSE,NA,79.78,FALSE,"disruption"
"Amt","434437","chr9","+",108296853,108302302,108217900,108425900,"B3-10",FALSE,FALSE,NA,FALSE,"chr9",108301150,108301250,108301200,7330,"-",0,FALSE,TRUE,FALSE,"exonic_opposite",108296853,4347,FALSE,NA,79.78,FALSE,"disruption"
"Amt","434437","chr9","+",108296853,108302302,108217900,108425900,"B3-13",FALSE,FALSE,NA,FALSE,"chr9",108301150,108301250,108301200,4999,"-",0,FALSE,TRUE,FALSE,"exonic_opposite",108296853,4347,FALSE,NA,79.78,FALSE,"disruption"
"Amt","434437","chr9","+",108296853,108302302,108217900,108425900,"N-B09",TRUE,TRUE,"CMZ104",FALSE,"chr9",108312550,108312650,108312600,3433,"+",10298,TRUE,FALSE,TRUE,"distant",108296853,15747,FALSE,NA,288.99,FALSE,"disruption"
"Amt","434437","chr9","+",108296853,108302302,108217900,108425900,"B3-3",FALSE,FALSE,NA,FALSE,"chr9",108324450,108324550,108324500,29425,"+",22198,TRUE,FALSE,TRUE,"distant",108296853,27647,FALSE,NA,507.38,FALSE,"disruption"
"Amt","434437","chr9","+",108296853,108302302,108217900,108425900,"N3-3",FALSE,FALSE,NA,FALSE,"chr9",108324450,108324550,108324500,5116,"+",22198,TRUE,FALSE,TRUE,"distant",108296853,27647,FALSE,NA,507.38,FALSE,"disruption"
"Amt","434437","chr9","+",108296853,108302302,108217900,108425900,"N3-5",FALSE,FALSE,NA,FALSE,"chr9",108350050,108350150,108350100,709,"+",47798,TRUE,FALSE,TRUE,"distant",108296853,53247,FALSE,NA,977.19,FALSE,"disruption"
"Amt","434437","chr9","+",108296853,108302302,108217900,108425900,"N-A08",TRUE,FALSE,NA,FALSE,"chr9",108378950,108379050,108379000,1032,"+",76698,TRUE,FALSE,TRUE,"distant",108296853,82147,FALSE,NA,1507.56,FALSE,"disruption"
"Amt","434437","chr9","+",108296853,108302302,108217900,108425900,"N3-c-14",FALSE,FALSE,NA,FALSE,"chr9",108383050,108383150,108383100,432,"+",80798,TRUE,FALSE,TRUE,"distant",108296853,86247,FALSE,NA,1582.8,FALSE,"disruption"
"Amt","434437","chr9","+",108296853,108302302,108217900,108425900,"N-2-21",FALSE,TRUE,"CMZ353",FALSE,"chr9",108386750,108386850,108386800,97,"+",84498,TRUE,FALSE,TRUE,"distant",108296853,89947,FALSE,NA,1650.71,FALSE,"disruption"
"Anapc10","68999","chr8","+",79711820,79779059,79657700,79727700,"B-3-4",FALSE,FALSE,NA,FALSE,"chr8",79657650,79657750,79657700,1277,"-",54120,TRUE,FALSE,FALSE,"distant",79711820,-54120,FALSE,NA,-80.49,FALSE,"disruption"
"Anapc10","68999","chr8","+",79711820,79779059,79657700,79727700,"B3-5",FALSE,FALSE,NA,FALSE,"chr8",79663450,79663550,79663500,206,"+",48320,TRUE,FALSE,TRUE,"distant",79711820,-48320,FALSE,NA,-71.86,FALSE,"disruption"
"Anapc10","68999","chr8","+",79711820,79779059,79657700,79727700,"B-B09",TRUE,TRUE,"CMZ104",FALSE,"chr8",79667450,79667550,79667500,11447,"+",44320,TRUE,FALSE,TRUE,"distant",79711820,-44320,FALSE,NA,-65.91,FALSE,"disruption"
"Anapc10","68999","chr8","+",79711820,79779059,79657700,79727700,"N-B09",TRUE,TRUE,"CMZ104",FALSE,"chr8",79667450,79667550,79667500,18314,"+",44320,TRUE,FALSE,TRUE,"distant",79711820,-44320,FALSE,NA,-65.91,FALSE,"disruption"
"Anapc10","68999","chr8","+",79711820,79779059,79657700,79727700,"B3-1-13",FALSE,TRUE,"CMZ182,CMZ357",FALSE,"chr8",79700950,79701050,79701000,665,"+",10820,TRUE,FALSE,TRUE,"distant",79711820,-10820,FALSE,NA,-16.09,FALSE,"disruption"
"Anapc10","68999","chr8","+",79711820,79779059,79657700,79727700,"B3-6",TRUE,FALSE,NA,FALSE,"chr8",79701250,79701350,79701300,3760,"+",10520,TRUE,FALSE,TRUE,"distant",79711820,-10520,FALSE,NA,-15.65,FALSE,"disruption"
"Anapc10","68999","chr8","+",79711820,79779059,79657700,79727700,"N3-6",TRUE,FALSE,NA,FALSE,"chr8",79701250,79701350,79701300,2523,"+",10520,TRUE,FALSE,TRUE,"distant",79711820,-10520,FALSE,NA,-15.65,FALSE,"disruption"
"Anapc10","68999","chr8","+",79711820,79779059,79657700,79727700,"N-2-26",TRUE,TRUE,"CMZ347",FALSE,"chr8",79707150,79707250,79707200,3166,"+",4620,TRUE,FALSE,TRUE,"distant",79711820,-4620,FALSE,NA,-6.87,FALSE,"disruption"
"Ap1g1","11765","chr8","+",109778554,109864204,109788000,109827000,"B-1-6",FALSE,TRUE,"CMZ350",FALSE,"chr8",109787950,109788050,109788000,960,"+",0,FALSE,FALSE,TRUE,"intronic_same",109778554,9446,FALSE,3,11.03,TRUE,"activation"
"Ap1g1","11765","chr8","+",109778554,109864204,109788000,109827000,"N-1-6",FALSE,TRUE,"CMZ350",FALSE,"chr8",109787950,109788050,109788000,226,"+",0,FALSE,FALSE,TRUE,"intronic_same",109778554,9446,FALSE,3,11.03,TRUE,"activation"
"Ap1g1","11765","chr8","+",109778554,109864204,109788000,109827000,"B3-19",FALSE,FALSE,NA,FALSE,"chr8",109795450,109795550,109795500,16222,"+",0,FALSE,FALSE,TRUE,"intronic_same",109778554,16946,FALSE,3,19.79,TRUE,"activation"
"Ap1g1","11765","chr8","+",109778554,109864204,109788000,109827000,"N3-19",FALSE,FALSE,NA,FALSE,"chr8",109795450,109795550,109795500,3835,"+",0,FALSE,FALSE,TRUE,"intronic_same",109778554,16946,FALSE,3,19.79,TRUE,"activation"
"Ap1g1","11765","chr8","+",109778554,109864204,109788000,109827000,"N3-8",FALSE,FALSE,NA,FALSE,"chr8",109795550,109795650,109795600,3042,"-",0,FALSE,FALSE,FALSE,"intronic_opposite",109778554,17046,FALSE,3,19.9,FALSE,"disruption"
"Ap1g1","11765","chr8","+",109778554,109864204,109788000,109827000,"N3-11",FALSE,FALSE,NA,FALSE,"chr8",109795550,109795650,109795600,1374,"-",0,FALSE,FALSE,FALSE,"intronic_opposite",109778554,17046,FALSE,3,19.9,FALSE,"disruption"
"Ap1g1","11765","chr8","+",109778554,109864204,109788000,109827000,"B3-8",FALSE,FALSE,NA,FALSE,"chr8",109795550,109795650,109795600,1081,"-",0,FALSE,FALSE,FALSE,"intronic_opposite",109778554,17046,FALSE,3,19.9,FALSE,"disruption"
"Ap1g1","11765","chr8","+",109778554,109864204,109788000,109827000,"B-1-7",FALSE,FALSE,NA,FALSE,"chr8",109811050,109811150,109811100,717,"+",0,FALSE,FALSE,TRUE,"intronic_same",109778554,32546,FALSE,5,38,FALSE,"disruption"
"Ap1g1","11765","chr8","+",109778554,109864204,109788000,109827000,"N-1-7",FALSE,FALSE,NA,FALSE,"chr8",109811050,109811150,109811100,161,"+",0,FALSE,FALSE,TRUE,"intronic_same",109778554,32546,FALSE,5,38,FALSE,"disruption"
"Ap1g1","11765","chr8","+",109778554,109864204,109788000,109827000,"B3-1-2",TRUE,TRUE,"CMZ107",FALSE,"chr8",109822650,109822750,109822700,20518,"+",0,FALSE,FALSE,TRUE,"intronic_same",109778554,44146,FALSE,6,51.54,FALSE,"disruption"
"Ap1g1","11765","chr8","+",109778554,109864204,109788000,109827000,"B-B07",TRUE,TRUE,"CMZ107",FALSE,"chr8",109822650,109822750,109822700,3750,"+",0,FALSE,FALSE,TRUE,"intronic_same",109778554,44146,FALSE,6,51.54,FALSE,"disruption"
"Ap1g1","11765","chr8","+",109778554,109864204,109788000,109827000,"N-B07",TRUE,TRUE,"CMZ107",FALSE,"chr8",109822650,109822750,109822700,29498,"+",0,FALSE,FALSE,TRUE,"intronic_same",109778554,44146,FALSE,6,51.54,FALSE,"disruption"
"Ap1g1","11765","chr8","+",109778554,109864204,109788000,109827000,"N3-1-2",TRUE,TRUE,"CMZ107",FALSE,"chr8",109822650,109822750,109822700,14984,"+",0,FALSE,FALSE,TRUE,"intronic_same",109778554,44146,FALSE,6,51.54,FALSE,"disruption"
"Ap1g1","11765","chr8","+",109778554,109864204,109788000,109827000,"B-2-17",TRUE,TRUE,"CMZ345",FALSE,"chr8",109826150,109826250,109826200,1608,"-",0,FALSE,FALSE,FALSE,"intronic_opposite",109778554,47646,FALSE,6,55.63,FALSE,"disruption"
"Apc","11789","chr18","+",34220924,34322552,34271600,34310600,"B3-11",FALSE,FALSE,NA,FALSE,"chr18",34271550,34271650,34271600,1496,"-",0,FALSE,FALSE,FALSE,"intronic_opposite",34220924,50676,FALSE,11,49.86,FALSE,"disruption"
"Apc","11789","chr18","+",34220924,34322552,34271600,34310600,"B3-c-32",TRUE,FALSE,NA,FALSE,"chr18",34272350,34272450,34272400,2959,"-",0,FALSE,FALSE,FALSE,"intronic_opposite",34220924,51476,FALSE,11,50.65,FALSE,"disruption"
"Apc","11789","chr18","+",34220924,34322552,34271600,34310600,"N-A07",FALSE,TRUE,"CMZ182,CMZ357",FALSE,"chr18",34273950,34274050,34274000,3168,"+",0,FALSE,FALSE,TRUE,"intronic_same",34220924,53076,FALSE,12,52.23,FALSE,"disruption"
"Apc","11789","chr18","+",34220924,34322552,34271600,34310600,"N3-1-13",FALSE,TRUE,"CMZ182,CMZ357",FALSE,"chr18",34273950,34274050,34274000,24873,"+",0,FALSE,FALSE,TRUE,"intronic_same",34220924,53076,FALSE,12,52.23,FALSE,"disruption"
"Apc","11789","chr18","+",34220924,34322552,34271600,34310600,"N-A05",FALSE,TRUE,"CMZ109",FALSE,"chr18",34287950,34288050,34288000,228,"+",0,FALSE,FALSE,TRUE,"intronic_same",34220924,67076,FALSE,16,66,FALSE,"disruption"
"Apc","11789","chr18","+",34220924,34322552,34271600,34310600,"N-B02",TRUE,FALSE,NA,FALSE,"chr18",34306850,34306950,34306900,250,"-",0,FALSE,FALSE,FALSE,"intronic_opposite",34220924,85976,FALSE,26,84.6,FALSE,"disruption"
"Apc","11789","chr18","+",34220924,34322552,34271600,34310600,"B-B02",TRUE,FALSE,NA,FALSE,"chr18",34306850,34306950,34306900,30105,"-",0,FALSE,FALSE,FALSE,"intronic_opposite",34220924,85976,FALSE,26,84.6,FALSE,"disruption"
"Apol6","71939","chr15","+",77044729,77057106,76996000,77297000,"N-1-10",FALSE,FALSE,NA,FALSE,"chr15",76995950,76996050,76996000,43,"+",48729,TRUE,FALSE,TRUE,"distant",77044729,-48729,FALSE,NA,-393.71,FALSE,"disruption"
"Apol6","71939","chr15","+",77044729,77057106,76996000,77297000,"B3-2-7",TRUE,FALSE,NA,FALSE,"chr15",77116150,77116250,77116200,1068,"+",59094,TRUE,FALSE,TRUE,"distant",77044729,71471,FALSE,NA,577.45,FALSE,"disruption"
"Apol6","71939","chr15","+",77044729,77057106,76996000,77297000,"N3-2-7",TRUE,FALSE,NA,FALSE,"chr15",77116150,77116250,77116200,19387,"+",59094,TRUE,FALSE,TRUE,"distant",77044729,71471,FALSE,NA,577.45,FALSE,"disruption"
"Apol6","71939","chr15","+",77044729,77057106,76996000,77297000,"N-A10",FALSE,TRUE,"CMZ184",FALSE,"chr15",77122250,77122350,77122300,1021,"-",65194,TRUE,FALSE,FALSE,"distant",77044729,77571,FALSE,NA,626.74,FALSE,"disruption"
"Apol6","71939","chr15","+",77044729,77057106,76996000,77297000,"B-A10",FALSE,TRUE,"CMZ184",FALSE,"chr15",77122250,77122350,77122300,543,"-",65194,TRUE,FALSE,FALSE,"distant",77044729,77571,FALSE,NA,626.74,FALSE,"disruption"
"Apol6","71939","chr15","+",77044729,77057106,76996000,77297000,"N3-2-21",FALSE,FALSE,NA,FALSE,"chr15",77140050,77140150,77140100,2503,"-",82994,TRUE,FALSE,FALSE,"distant",77044729,95371,FALSE,NA,770.55,FALSE,"disruption"
"Apol6","71939","chr15","+",77044729,77057106,76996000,77297000,"N-B07",TRUE,TRUE,"CMZ107",FALSE,"chr15",77148550,77148650,77148600,11762,"-",91494,TRUE,FALSE,FALSE,"distant",77044729,103871,FALSE,NA,839.23,FALSE,"disruption"
"Apol6","71939","chr15","+",77044729,77057106,76996000,77297000,"B-B07",TRUE,TRUE,"CMZ107",FALSE,"chr15",77148550,77148650,77148600,1048,"-",91494,TRUE,FALSE,FALSE,"distant",77044729,103871,FALSE,NA,839.23,FALSE,"disruption"
"Apol6","71939","chr15","+",77044729,77057106,76996000,77297000,"N3-7",FALSE,FALSE,NA,FALSE,"chr15",77185350,77185450,77185400,1509,"+",128294,TRUE,FALSE,TRUE,"distant",77044729,140671,FALSE,NA,1136.55,FALSE,"disruption"
"Apol6","71939","chr15","+",77044729,77057106,76996000,77297000,"B3-1-15",TRUE,TRUE,"CMZ111,CMZ356",FALSE,"chr15",77225150,77225250,77225200,1097,"-",168094,TRUE,FALSE,FALSE,"distant",77044729,180471,FALSE,NA,1458.12,FALSE,"disruption"
"Apol6","71939","chr15","+",77044729,77057106,76996000,77297000,"N3-c-28",FALSE,FALSE,NA,FALSE,"chr15",77260050,77260150,77260100,1468,"+",202994,TRUE,FALSE,TRUE,"distant",77044729,215371,FALSE,NA,1740.09,FALSE,"disruption"
"Apol6","71939","chr15","+",77044729,77057106,76996000,77297000,"N-3-4",FALSE,FALSE,NA,FALSE,"chr15",77283250,77283350,77283300,1012,"-",226194,TRUE,FALSE,FALSE,"distant",77044729,238571,FALSE,NA,1927.53,FALSE,"disruption"
"Apol6","71939","chr15","+",77044729,77057106,76996000,77297000,"B-A04",FALSE,TRUE,"CMZ101",FALSE,"chr15",77289450,77289550,77289500,1663,"+",232394,TRUE,FALSE,TRUE,"distant",77044729,244771,FALSE,NA,1977.63,FALSE,"disruption"
"Apol6","71939","chr15","+",77044729,77057106,76996000,77297000,"B3-1-15",TRUE,TRUE,"CMZ111,CMZ356",FALSE,"chr15",77293650,77293750,77293700,3381,"+",236594,TRUE,FALSE,TRUE,"distant",77044729,248971,FALSE,NA,2011.56,FALSE,"disruption"
"Apol6","71939","chr15","+",77044729,77057106,76996000,77297000,"B-A03",TRUE,TRUE,"CMZ111,CMZ356",FALSE,"chr15",77293650,77293750,77293700,3822,"+",236594,TRUE,FALSE,TRUE,"distant",77044729,248971,FALSE,NA,2011.56,FALSE,"disruption"
"Apol6","71939","chr15","+",77044729,77057106,76996000,77297000,"N3-1-15",TRUE,TRUE,"CMZ111,CMZ356",FALSE,"chr15",77293650,77293750,77293700,4266,"+",236594,TRUE,FALSE,TRUE,"distant",77044729,248971,FALSE,NA,2011.56,FALSE,"disruption"
"Apol6","71939","chr15","+",77044729,77057106,76996000,77297000,"N-A03",TRUE,TRUE,"CMZ111,CMZ356",FALSE,"chr15",77293650,77293750,77293700,5109,"+",236594,TRUE,FALSE,TRUE,"distant",77044729,248971,FALSE,NA,2011.56,FALSE,"disruption"
"Arid1a","93760","chr4","-",133679008,133756769,133694000,133733000,"B-A08",TRUE,FALSE,NA,FALSE,"chr4",133693950,133694050,133694000,3185,"+",0,FALSE,TRUE,TRUE,"exonic_same",133756769,62769,FALSE,NA,80.72,FALSE,"disruption"
"Arid1a","93760","chr4","-",133679008,133756769,133694000,133733000,"N-A08",TRUE,FALSE,NA,FALSE,"chr4",133693950,133694050,133694000,2366,"+",0,FALSE,TRUE,TRUE,"exonic_same",133756769,62769,FALSE,NA,80.72,FALSE,"disruption"
"Arid1a","93760","chr4","-",133679008,133756769,133694000,133733000,"B-B09",TRUE,TRUE,"CMZ104",FALSE,"chr4",133710450,133710550,133710500,45365,"-",0,FALSE,FALSE,FALSE,"intronic_opposite",133756769,46269,FALSE,10,59.5,FALSE,"disruption"
"Arid1a","93760","chr4","-",133679008,133756769,133694000,133733000,"B-A10",FALSE,TRUE,"CMZ184",FALSE,"chr4",133711750,133711850,133711800,2213,"+",0,FALSE,FALSE,TRUE,"intronic_same",133756769,44969,FALSE,10,57.83,FALSE,"disruption"
"Arid1a","93760","chr4","-",133679008,133756769,133694000,133733000,"N-A10",FALSE,TRUE,"CMZ184",FALSE,"chr4",133711750,133711850,133711800,576,"+",0,FALSE,FALSE,TRUE,"intronic_same",133756769,44969,FALSE,10,57.83,FALSE,"disruption"
"Arid1a","93760","chr4","-",133679008,133756769,133694000,133733000,"N3-7",FALSE,FALSE,NA,FALSE,"chr4",133720150,133720250,133720200,2030,"+",0,FALSE,FALSE,TRUE,"intronic_same",133756769,36569,FALSE,8,47.03,FALSE,"disruption"
"Arid1a","93760","chr4","-",133679008,133756769,133694000,133733000,"B-B09",TRUE,TRUE,"CMZ104",FALSE,"chr4",133724450,133724550,133724500,11019,"+",0,FALSE,FALSE,TRUE,"intronic_same",133756769,32269,FALSE,3,41.5,TRUE,"activation"
"Arid1a","93760","chr4","-",133679008,133756769,133694000,133733000,"N-B09",TRUE,TRUE,"CMZ104",FALSE,"chr4",133724450,133724550,133724500,16378,"+",0,FALSE,FALSE,TRUE,"intronic_same",133756769,32269,FALSE,3,41.5,TRUE,"activation"
"Arid1a","93760","chr4","-",133679008,133756769,133694000,133733000,"N3-5",FALSE,FALSE,NA,FALSE,"chr4",133726550,133726650,133726600,830,"+",0,FALSE,FALSE,TRUE,"intronic_same",133756769,30169,FALSE,3,38.8,TRUE,"activation"
"Arid1b","239985","chr17","+",4994332,5347656,5075000,5342000,"N-2-15",FALSE,FALSE,NA,FALSE,"chr17",5074950,5075050,5075000,1166,"+",0,FALSE,FALSE,TRUE,"intronic_same",4994332,80668,FALSE,8,22.83,FALSE,"disruption"
"Arid1b","239985","chr17","+",4994332,5347656,5075000,5342000,"N-B08",TRUE,TRUE,"CMZ106",FALSE,"chr17",5075850,5075950,5075900,249,"-",0,FALSE,FALSE,FALSE,"intronic_opposite",4994332,81568,FALSE,8,23.09,FALSE,"disruption"
"Arid1b","239985","chr17","+",4994332,5347656,5075000,5342000,"B3-1",FALSE,FALSE,NA,FALSE,"chr17",5099850,5099950,5099900,1195,"+",0,FALSE,FALSE,TRUE,"intronic_same",4994332,105568,FALSE,11,29.88,FALSE,"disruption"
"Arid1b","239985","chr17","+",4994332,5347656,5075000,5342000,"N-A02",FALSE,TRUE,"CMZ181",FALSE,"chr17",5119950,5120050,5120000,11405,"-",0,FALSE,FALSE,FALSE,"intronic_opposite",4994332,125668,FALSE,11,35.57,FALSE,"disruption"
"Arid1b","239985","chr17","+",4994332,5347656,5075000,5342000,"B-A02",FALSE,TRUE,"CMZ181",FALSE,"chr17",5119950,5120050,5120000,2864,"-",0,FALSE,FALSE,FALSE,"intronic_opposite",4994332,125668,FALSE,11,35.57,FALSE,"disruption"
"Arid1b","239985","chr17","+",4994332,5347656,5075000,5342000,"N3-6",TRUE,FALSE,NA,FALSE,"chr17",5126650,5126750,5126700,1587,"-",0,FALSE,FALSE,FALSE,"intronic_opposite",4994332,132368,FALSE,11,37.46,FALSE,"disruption"
"Arid1b","239985","chr17","+",4994332,5347656,5075000,5342000,"N-3-1",FALSE,FALSE,NA,FALSE,"chr17",5136650,5136750,5136700,735,"-",0,FALSE,FALSE,FALSE,"intronic_opposite",4994332,142368,FALSE,13,40.29,FALSE,"disruption"
"Arid1b","239985","chr17","+",4994332,5347656,5075000,5342000,"N-A04",FALSE,TRUE,"CMZ101",FALSE,"chr17",5202450,5202550,5202500,2478,"-",0,FALSE,FALSE,FALSE,"intronic_opposite",4994332,208168,FALSE,13,58.92,FALSE,"disruption"
"Arid1b","239985","chr17","+",4994332,5347656,5075000,5342000,"B-1-4",FALSE,FALSE,NA,FALSE,"chr17",5205850,5205950,5205900,8,"+",0,FALSE,FALSE,TRUE,"intronic_same",4994332,211568,FALSE,13,59.88,FALSE,"disruption"
"Arid1b","239985","chr17","+",4994332,5347656,5075000,5342000,"N-B11",TRUE,TRUE,"CMZ105",FALSE,"chr17",5241950,5242050,5242000,3448,"-",0,FALSE,FALSE,FALSE,"intronic_opposite",4994332,247668,FALSE,13,70.1,FALSE,"disruption"
"Arid1b","239985","chr17","+",4994332,5347656,5075000,5342000,"B3-5",FALSE,FALSE,NA,FALSE,"chr17",5242450,5242550,5242500,236,"-",0,FALSE,FALSE,FALSE,"intronic_opposite",4994332,248168,FALSE,13,70.24,FALSE,"disruption"
"Arid1b","239985","chr17","+",4994332,5347656,5075000,5342000,"N3-3",FALSE,FALSE,NA,FALSE,"chr17",5258650,5258750,5258700,241,"-",0,FALSE,FALSE,FALSE,"intronic_opposite",4994332,264368,FALSE,14,74.82,FALSE,"disruption"
"Arid1b","239985","chr17","+",4994332,5347656,5075000,5342000,"B3-7",FALSE,FALSE,NA,FALSE,"chr17",5261450,5261550,5261500,471,"-",0,FALSE,FALSE,FALSE,"intronic_opposite",4994332,267168,FALSE,14,75.62,FALSE,"disruption"
"Arid1b","239985","chr17","+",4994332,5347656,5075000,5342000,"B3-14",FALSE,FALSE,NA,FALSE,"chr17",5295150,5295250,5295200,714,"+",0,FALSE,FALSE,TRUE,"intronic_same",4994332,300868,FALSE,17,85.15,FALSE,"disruption"
"Arid1b","239985","chr17","+",4994332,5347656,5075000,5342000,"B3-c-32",TRUE,FALSE,NA,FALSE,"chr17",5320250,5320350,5320300,776,"-",0,FALSE,FALSE,FALSE,"intronic_opposite",4994332,325968,FALSE,21,92.26,FALSE,"disruption"
"Arid4a","238247","chr12","+",71015990,71098592,70979600,71018600,"N-B02",TRUE,FALSE,NA,FALSE,"chr12",70979550,70979650,70979600,342,"-",36390,TRUE,FALSE,FALSE,"distant",71015990,-36390,FALSE,NA,-44.05,FALSE,"disruption"
"Arid4a","238247","chr12","+",71015990,71098592,70979600,71018600,"B-1-10",FALSE,FALSE,NA,FALSE,"chr12",70981150,70981250,70981200,66,"-",34790,TRUE,FALSE,FALSE,"distant",71015990,-34790,FALSE,NA,-42.12,FALSE,"disruption"
"Arid4a","238247","chr12","+",71015990,71098592,70979600,71018600,"B-A03",TRUE,TRUE,"CMZ111,CMZ356",FALSE,"chr12",70986150,70986250,70986200,3986,"-",29790,TRUE,FALSE,FALSE,"distant",71015990,-29790,FALSE,NA,-36.06,FALSE,"disruption"
"Arid4a","238247","chr12","+",71015990,71098592,70979600,71018600,"N-A08",TRUE,FALSE,NA,FALSE,"chr12",71011250,71011350,71011300,7724,"-",4690,TRUE,FALSE,FALSE,"distant",71015990,-4690,FALSE,NA,-5.68,FALSE,"disruption"
"Arid4a","238247","chr12","+",71015990,71098592,70979600,71018600,"B-A08",TRUE,FALSE,NA,FALSE,"chr12",71011250,71011350,71011300,19579,"-",4690,TRUE,FALSE,FALSE,"distant",71015990,-4690,FALSE,NA,-5.68,FALSE,"disruption"
"Arid4a","238247","chr12","+",71015990,71098592,70979600,71018600,"N-A08",TRUE,FALSE,NA,FALSE,"chr12",71013550,71013650,71013600,1263,"-",2390,TRUE,FALSE,FALSE,"distant",71015990,-2390,FALSE,NA,-2.89,FALSE,"disruption"
"Arid4b","94246","chr13","+",14063232,14199603,14067000,14106000,"B3-7",FALSE,FALSE,NA,FALSE,"chr13",14066950,14067050,14067000,810,"-",0,FALSE,FALSE,FALSE,"intronic_opposite",14063232,3768,FALSE,12,2.76,FALSE,"disruption"
"Arid4b","94246","chr13","+",14063232,14199603,14067000,14106000,"N-B02",TRUE,FALSE,NA,FALSE,"chr13",14067850,14067950,14067900,1405,"+",0,FALSE,FALSE,TRUE,"intronic_same",14063232,4668,FALSE,12,3.42,TRUE,"activation"
"Arid4b","94246","chr13","+",14063232,14199603,14067000,14106000,"B-2-25",FALSE,TRUE,"CMZ349",FALSE,"chr13",14080150,14080250,14080200,1485,"-",0,FALSE,FALSE,FALSE,"intronic_opposite",14063232,16968,FALSE,12,12.44,FALSE,"disruption"
"Arid4b","94246","chr13","+",14063232,14199603,14067000,14106000,"N3-12",FALSE,FALSE,NA,FALSE,"chr13",14084950,14085050,14085000,2562,"-",0,FALSE,FALSE,FALSE,"intronic_opposite",14063232,21768,FALSE,12,15.96,FALSE,"disruption"
"Arid4b","94246","chr13","+",14063232,14199603,14067000,14106000,"B3-12",FALSE,FALSE,NA,FALSE,"chr13",14084950,14085050,14085000,808,"-",0,FALSE,FALSE,FALSE,"intronic_opposite",14063232,21768,FALSE,12,15.96,FALSE,"disruption"
"Arid4b","94246","chr13","+",14063232,14199603,14067000,14106000,"N-A12",FALSE,FALSE,NA,FALSE,"chr13",14100550,14100650,14100600,4778,"-",0,FALSE,FALSE,FALSE,"intronic_opposite",14063232,37368,FALSE,12,27.4,FALSE,"disruption"
"Arih2","23807","chr9","-",108602942,108649386,108623600,108662600,"B3-1-5",TRUE,TRUE,"CMZ108",FALSE,"chr9",108623550,108623650,108623600,5952,"+",0,FALSE,FALSE,TRUE,"intronic_same",108649386,25786,FALSE,13,55.52,FALSE,"disruption"
"Arih2","23807","chr9","-",108602942,108649386,108623600,108662600,"B-B04",TRUE,TRUE,"CMZ108",FALSE,"chr9",108623550,108623650,108623600,8055,"+",0,FALSE,FALSE,TRUE,"intronic_same",108649386,25786,FALSE,13,55.52,FALSE,"disruption"
"Arih2","23807","chr9","-",108602942,108649386,108623600,108662600,"N-B04",TRUE,TRUE,"CMZ108",FALSE,"chr9",108623550,108623650,108623600,3111,"+",0,FALSE,FALSE,TRUE,"intronic_same",108649386,25786,FALSE,13,55.52,FALSE,"disruption"
"Arih2","23807","chr9","-",108602942,108649386,108623600,108662600,"N3-1-5",TRUE,TRUE,"CMZ108",FALSE,"chr9",108623550,108623650,108623600,3941,"+",0,FALSE,FALSE,TRUE,"intronic_same",108649386,25786,FALSE,13,55.52,FALSE,"disruption"
"Arih2","23807","chr9","-",108602942,108649386,108623600,108662600,"N-B10",FALSE,FALSE,NA,FALSE,"chr9",108626250,108626350,108626300,254,"-",0,FALSE,FALSE,FALSE,"intronic_opposite",108649386,23086,FALSE,13,49.71,FALSE,"disruption"
"Arih2","23807","chr9","-",108602942,108649386,108623600,108662600,"B-2-23",FALSE,FALSE,NA,FALSE,"chr9",108633750,108633850,108633800,579,"+",0,FALSE,FALSE,TRUE,"intronic_same",108649386,15586,FALSE,11,33.56,FALSE,"disruption"
"Arih2","23807","chr9","-",108602942,108649386,108623600,108662600,"B-1-7",FALSE,FALSE,NA,FALSE,"chr9",108646150,108646250,108646200,3931,"+",0,FALSE,FALSE,TRUE,"intronic_same",108649386,3186,FALSE,6,6.86,TRUE,"activation"
"Arih2","23807","chr9","-",108602942,108649386,108623600,108662600,"N-1-7",FALSE,FALSE,NA,FALSE,"chr9",108646150,108646250,108646200,81,"+",0,FALSE,FALSE,TRUE,"intronic_same",108649386,3186,FALSE,6,6.86,TRUE,"activation"
"Arih2","23807","chr9","-",108602942,108649386,108623600,108662600,"N3-c-9",FALSE,FALSE,NA,FALSE,"chr9",108646850,108646950,108646900,7090,"+",0,FALSE,FALSE,TRUE,"intronic_same",108649386,2486,FALSE,6,5.35,TRUE,"activation"
"Ash1l","192195","chr3","+",88950622,89079375,88954600,89063600,"B-B10",FALSE,FALSE,NA,FALSE,"chr3",88954550,88954650,88954600,3338,"-",0,FALSE,FALSE,FALSE,"intronic_opposite",88950622,3978,FALSE,1,3.09,FALSE,"disruption"
"Ash1l","192195","chr3","+",88950622,89079375,88954600,89063600,"B3-1-2",TRUE,TRUE,"CMZ107",FALSE,"chr3",88960950,88961050,88961000,2248,"-",0,FALSE,FALSE,FALSE,"intronic_opposite",88950622,10378,FALSE,1,8.06,FALSE,"disruption"
"Ash1l","192195","chr3","+",88950622,89079375,88954600,89063600,"B-B02",TRUE,FALSE,NA,FALSE,"chr3",88973250,88973350,88973300,10522,"+",0,FALSE,FALSE,TRUE,"intronic_same",88950622,22678,FALSE,2,17.61,TRUE,"activation"
"Ash1l","192195","chr3","+",88950622,89079375,88954600,89063600,"N3-1-3",TRUE,TRUE,"CMZ104",FALSE,"chr3",88986250,88986350,88986300,1304,"-",0,FALSE,FALSE,FALSE,"intronic_opposite",88950622,35678,FALSE,3,27.71,FALSE,"disruption"
"Ash1l","192195","chr3","+",88950622,89079375,88954600,89063600,"B-B03",FALSE,TRUE,"CMZ183",FALSE,"chr3",88987150,88987250,88987200,7033,"+",0,FALSE,FALSE,TRUE,"intronic_same",88950622,36578,FALSE,3,28.41,TRUE,"activation"
"Ash1l","192195","chr3","+",88950622,89079375,88954600,89063600,"B3-1-11",TRUE,FALSE,NA,FALSE,"chr3",88998950,88999050,88999000,6588,"+",0,FALSE,FALSE,TRUE,"intronic_same",88950622,48378,FALSE,3,37.57,TRUE,"activation"
"Ash1l","192195","chr3","+",88950622,89079375,88954600,89063600,"N3-1-11",TRUE,FALSE,NA,FALSE,"chr3",88998950,88999050,88999000,2652,"+",0,FALSE,FALSE,TRUE,"intronic_same",88950622,48378,FALSE,3,37.57,TRUE,"activation"
"Ash1l","192195","chr3","+",88950622,89079375,88954600,89063600,"N3-6",TRUE,FALSE,NA,FALSE,"chr3",89019950,89020050,89020000,912,"+",0,FALSE,FALSE,TRUE,"intronic_same",88950622,69378,FALSE,5,53.88,FALSE,"disruption"
"Ash1l","192195","chr3","+",88950622,89079375,88954600,89063600,"B-B03",FALSE,TRUE,"CMZ183",FALSE,"chr3",89022850,89022950,89022900,2741,"+",0,FALSE,FALSE,TRUE,"intronic_same",88950622,72278,FALSE,5,56.14,FALSE,"disruption"
"Ash1l","192195","chr3","+",88950622,89079375,88954600,89063600,"B3-5",FALSE,FALSE,NA,FALSE,"chr3",89031550,89031650,89031600,293,"+",0,FALSE,FALSE,TRUE,"intronic_same",88950622,80978,FALSE,9,62.89,FALSE,"disruption"
"Ash1l","192195","chr3","+",88950622,89079375,88954600,89063600,"N3-1-2",TRUE,TRUE,"CMZ107",FALSE,"chr3",89049950,89050050,89050000,3204,"-",0,FALSE,FALSE,FALSE,"intronic_opposite",88950622,99378,FALSE,14,77.18,FALSE,"disruption"
"Ash1l","192195","chr3","+",88950622,89079375,88954600,89063600,"N-B07",TRUE,TRUE,"CMZ107",FALSE,"chr3",89049950,89050050,89050000,12160,"-",0,FALSE,FALSE,FALSE,"intronic_opposite",88950622,99378,FALSE,14,77.18,FALSE,"disruption"
"Asxl1","228790","chr2","+",153345829,153404007,153355300,153425300,"N3-1-11",TRUE,FALSE,NA,FALSE,"chr2",153355250,153355350,153355300,968,"-",0,FALSE,FALSE,FALSE,"intronic_opposite",153345829,9471,FALSE,7,16.28,FALSE,"disruption"
"Asxl1","228790","chr2","+",153345829,153404007,153355300,153425300,"N-2-27",FALSE,FALSE,NA,FALSE,"chr2",153365950,153366050,153366000,2023,"-",0,FALSE,FALSE,FALSE,"intronic_opposite",153345829,20171,FALSE,8,34.67,FALSE,"disruption"
"Asxl1","228790","chr2","+",153345829,153404007,153355300,153425300,"B-2-27",FALSE,FALSE,NA,FALSE,"chr2",153365950,153366050,153366000,8797,"-",0,FALSE,FALSE,FALSE,"intronic_opposite",153345829,20171,FALSE,8,34.67,FALSE,"disruption"
"Asxl1","228790","chr2","+",153345829,153404007,153355300,153425300,"N3-14",FALSE,FALSE,NA,FALSE,"chr2",153372750,153372850,153372800,3484,"-",0,FALSE,FALSE,FALSE,"intronic_opposite",153345829,26971,FALSE,8,46.36,FALSE,"disruption"
"Asxl1","228790","chr2","+",153345829,153404007,153355300,153425300,"B-A12",FALSE,FALSE,NA,FALSE,"chr2",153381150,153381250,153381200,922,"+",0,FALSE,FALSE,TRUE,"intronic_same",153345829,35371,FALSE,8,60.8,FALSE,"disruption"
"Asxl1","228790","chr2","+",153345829,153404007,153355300,153425300,"N-A12",FALSE,FALSE,NA,FALSE,"chr2",153381150,153381250,153381200,4924,"+",0,FALSE,FALSE,TRUE,"intronic_same",153345829,35371,FALSE,8,60.8,FALSE,"disruption"
"Asxl1","228790","chr2","+",153345829,153404007,153355300,153425300,"N3-12",FALSE,FALSE,NA,FALSE,"chr2",153394350,153394450,153394400,3321,"-",0,FALSE,FALSE,FALSE,"intronic_opposite",153345829,48571,FALSE,17,83.49,FALSE,"disruption"
"Asxl1","228790","chr2","+",153345829,153404007,153355300,153425300,"B-A04",FALSE,TRUE,"CMZ101",FALSE,"chr2",153398950,153399050,153399000,15434,"+",0,FALSE,FALSE,TRUE,"intronic_same",153345829,53171,FALSE,19,91.39,FALSE,"disruption"
"Asxl1","228790","chr2","+",153345829,153404007,153355300,153425300,"N-A04",FALSE,TRUE,"CMZ101",FALSE,"chr2",153398950,153399050,153399000,1959,"+",0,FALSE,FALSE,TRUE,"intronic_same",153345829,53171,FALSE,19,91.39,FALSE,"disruption"
"Asxl2","75302","chr12","+",3426857,3506852,3440200,3510200,"B3-c-9",FALSE,FALSE,NA,FALSE,"chr12",3440150,3440250,3440200,3632,"-",0,FALSE,FALSE,FALSE,"intronic_opposite",3426857,13343,FALSE,4,16.68,FALSE,"disruption"
"Asxl2","75302","chr12","+",3426857,3506852,3440200,3510200,"N-A04",FALSE,TRUE,"CMZ101",FALSE,"chr12",3442750,3442850,3442800,7921,"-",0,FALSE,FALSE,FALSE,"intronic_opposite",3426857,15943,FALSE,6,19.93,FALSE,"disruption"
"Asxl2","75302","chr12","+",3426857,3506852,3440200,3510200,"B-A04",FALSE,TRUE,"CMZ101",FALSE,"chr12",3442750,3442850,3442800,25242,"-",0,FALSE,FALSE,FALSE,"intronic_opposite",3426857,15943,FALSE,6,19.93,FALSE,"disruption"
"Asxl2","75302","chr12","+",3426857,3506852,3440200,3510200,"B-1-2",TRUE,TRUE,"CMZ346",FALSE,"chr12",3471050,3471150,3471100,1004,"-",0,FALSE,FALSE,FALSE,"intronic_opposite",3426857,44243,FALSE,13,55.31,FALSE,"disruption"
"Asxl2","75302","chr12","+",3426857,3506852,3440200,3510200,"B-1-4",FALSE,FALSE,NA,FALSE,"chr12",3473850,3473950,3473900,33,"+",0,FALSE,FALSE,TRUE,"intronic_same",3426857,47043,FALSE,13,58.81,FALSE,"disruption"
"Asxl2","75302","chr12","+",3426857,3506852,3440200,3510200,"B-B09",TRUE,TRUE,"CMZ104",FALSE,"chr12",3478350,3478450,3478400,2733,"-",0,FALSE,FALSE,FALSE,"intronic_opposite",3426857,51543,FALSE,16,64.43,FALSE,"disruption"
"Asxl2","75302","chr12","+",3426857,3506852,3440200,3510200,"B-B10",FALSE,FALSE,NA,FALSE,"chr12",3497850,3497950,3497900,15259,"+",0,FALSE,TRUE,TRUE,"exonic_same",3426857,71043,FALSE,NA,88.81,FALSE,"disruption"
"Asxl2","75302","chr12","+",3426857,3506852,3440200,3510200,"N-B10",FALSE,FALSE,NA,FALSE,"chr12",3497850,3497950,3497900,396,"+",0,FALSE,TRUE,TRUE,"exonic_same",3426857,71043,FALSE,NA,88.81,FALSE,"disruption"
"AU040972","104522","chr11","-",79481719,79484031,79355500,79563500,"N-A02",FALSE,TRUE,"CMZ181",FALSE,"chr11",79355450,79355550,79355500,3042,"-",126219,TRUE,FALSE,FALSE,"distant",79484031,128531,FALSE,NA,5559.3,FALSE,"disruption"
"AU040972","104522","chr11","-",79481719,79484031,79355500,79563500,"B-2-23",FALSE,FALSE,NA,FALSE,"chr11",79376150,79376250,79376200,253,"-",105519,TRUE,FALSE,FALSE,"distant",79484031,107831,FALSE,NA,4663.97,FALSE,"disruption"
"AU040972","104522","chr11","-",79481719,79484031,79355500,79563500,"B-1-7",FALSE,FALSE,NA,FALSE,"chr11",79383950,79384050,79384000,2667,"+",97719,TRUE,FALSE,TRUE,"distant",79484031,100031,FALSE,NA,4326.6,FALSE,"disruption"
"AU040972","104522","chr11","-",79481719,79484031,79355500,79563500,"N-1-7",FALSE,FALSE,NA,FALSE,"chr11",79383950,79384050,79384000,411,"+",97719,TRUE,FALSE,TRUE,"distant",79484031,100031,FALSE,NA,4326.6,FALSE,"disruption"
"AU040972","104522","chr11","-",79481719,79484031,79355500,79563500,"N-2-23",FALSE,FALSE,NA,FALSE,"chr11",79385550,79385650,79385600,13356,"-",96119,TRUE,FALSE,FALSE,"distant",79484031,98431,FALSE,NA,4257.4,FALSE,"disruption"
"AU040972","104522","chr11","-",79481719,79484031,79355500,79563500,"N3-c-28",FALSE,FALSE,NA,FALSE,"chr11",79388650,79388750,79388700,1459,"-",93019,TRUE,FALSE,FALSE,"distant",79484031,95331,FALSE,NA,4123.31,FALSE,"disruption"
"AU040972","104522","chr11","-",79481719,79484031,79355500,79563500,"N-2-23",FALSE,FALSE,NA,FALSE,"chr11",79388950,79389050,79389000,4704,"-",92719,TRUE,FALSE,FALSE,"distant",79484031,95031,FALSE,NA,4110.34,FALSE,"disruption"
"AU040972","104522","chr11","-",79481719,79484031,79355500,79563500,"B-2-23",FALSE,FALSE,NA,FALSE,"chr11",79388950,79389050,79389000,443,"-",92719,TRUE,FALSE,FALSE,"distant",79484031,95031,FALSE,NA,4110.34,FALSE,"disruption"
"AU040972","104522","chr11","-",79481719,79484031,79355500,79563500,"N3-c-9",FALSE,FALSE,NA,FALSE,"chr11",79420450,79420550,79420500,6276,"+",61219,TRUE,FALSE,TRUE,"distant",79484031,63531,FALSE,NA,2747.88,FALSE,"disruption"
"AU040972","104522","chr11","-",79481719,79484031,79355500,79563500,"B-A05",FALSE,TRUE,"CMZ109",FALSE,"chr11",79427850,79427950,79427900,12953,"+",53819,TRUE,FALSE,TRUE,"distant",79484031,56131,FALSE,NA,2427.81,FALSE,"disruption"
"AU040972","104522","chr11","-",79481719,79484031,79355500,79563500,"N-A05",FALSE,TRUE,"CMZ109",FALSE,"chr11",79427850,79427950,79427900,1593,"+",53819,TRUE,FALSE,TRUE,"distant",79484031,56131,FALSE,NA,2427.81,FALSE,"disruption"
"AU040972","104522","chr11","-",79481719,79484031,79355500,79563500,"B3-19",FALSE,FALSE,NA,FALSE,"chr11",79440050,79440150,79440100,2070,"+",41619,TRUE,FALSE,TRUE,"distant",79484031,43931,FALSE,NA,1900.13,FALSE,"disruption"
"AU040972","104522","chr11","-",79481719,79484031,79355500,79563500,"B-A11",FALSE,TRUE,"CMZ103",FALSE,"chr11",79441950,79442050,79442000,1298,"+",39719,TRUE,FALSE,TRUE,"distant",79484031,42031,FALSE,NA,1817.95,FALSE,"disruption"
"AU040972","104522","chr11","-",79481719,79484031,79355500,79563500,"N-A11",FALSE,TRUE,"CMZ103",FALSE,"chr11",79441950,79442050,79442000,1582,"+",39719,TRUE,FALSE,TRUE,"distant",79484031,42031,FALSE,NA,1817.95,FALSE,"disruption"
"AU040972","104522","chr11","-",79481719,79484031,79355500,79563500,"N-A11",FALSE,TRUE,"CMZ103",FALSE,"chr11",79442150,79442250,79442200,3636,"-",39519,TRUE,FALSE,FALSE,"distant",79484031,41831,FALSE,NA,1809.3,FALSE,"disruption"
"AU040972","104522","chr11","-",79481719,79484031,79355500,79563500,"B-A11",FALSE,TRUE,"CMZ103",FALSE,"chr11",79442150,79442250,79442200,4804,"-",39519,TRUE,FALSE,FALSE,"distant",79484031,41831,FALSE,NA,1809.3,FALSE,"disruption"
"AU040972","104522","chr11","-",79481719,79484031,79355500,79563500,"B3-19",FALSE,FALSE,NA,FALSE,"chr11",79456050,79456150,79456100,7220,"+",25619,TRUE,FALSE,TRUE,"distant",79484031,27931,FALSE,NA,1208.09,FALSE,"disruption"
"AU040972","104522","chr11","-",79481719,79484031,79355500,79563500,"N-A11",FALSE,TRUE,"CMZ103",FALSE,"chr11",79486950,79487050,79487000,1343,"-",2969,TRUE,FALSE,FALSE,"distant",79484031,-2969,FALSE,NA,-128.42,FALSE,"disruption"
"AU040972","104522","chr11","-",79481719,79484031,79355500,79563500,"N3-15",FALSE,FALSE,NA,FALSE,"chr11",79487750,79487850,79487800,13069,"-",3769,TRUE,FALSE,FALSE,"distant",79484031,-3769,FALSE,NA,-163.02,FALSE,"disruption"
"AU040972","104522","chr11","-",79481719,79484031,79355500,79563500,"B3-15",FALSE,FALSE,NA,FALSE,"chr11",79487750,79487850,79487800,19769,"-",3769,TRUE,FALSE,FALSE,"distant",79484031,-3769,FALSE,NA,-163.02,FALSE,"disruption"
"AU040972","104522","chr11","-",79481719,79484031,79355500,79563500,"B3-c-10",TRUE,FALSE,NA,FALSE,"chr11",79499150,79499250,79499200,1732,"-",15169,TRUE,FALSE,FALSE,"distant",79484031,-15169,FALSE,NA,-656.1,FALSE,"disruption"
"AU040972","104522","chr11","-",79481719,79484031,79355500,79563500,"B3-14",FALSE,FALSE,NA,FALSE,"chr11",79517450,79517550,79517500,399,"-",33469,TRUE,FALSE,FALSE,"distant",79484031,-33469,FALSE,NA,-1447.62,FALSE,"disruption"
"AU040972","104522","chr11","-",79481719,79484031,79355500,79563500,"B3-3",FALSE,FALSE,NA,FALSE,"chr11",79553550,79553650,79553600,2116,"-",69569,TRUE,FALSE,FALSE,"distant",79484031,-69569,FALSE,NA,-3009.04,FALSE,"disruption"
"AU040972","104522","chr11","-",79481719,79484031,79355500,79563500,"B3-19",FALSE,FALSE,NA,FALSE,"chr11",79553650,79553750,79553700,2104,"-",69669,TRUE,FALSE,FALSE,"distant",79484031,-69669,FALSE,NA,-3013.37,FALSE,"disruption"
"AU040972","104522","chr11","-",79481719,79484031,79355500,79563500,"N3-1-13",FALSE,TRUE,"CMZ182,CMZ357",FALSE,"chr11",79558950,79559050,79559000,1278,"-",74969,TRUE,FALSE,FALSE,"distant",79484031,-74969,FALSE,NA,-3242.6,FALSE,"disruption"
"AU040972","104522","chr11","-",79481719,79484031,79355500,79563500,"N-A07",FALSE,TRUE,"CMZ182,CMZ357",FALSE,"chr11",79558950,79559050,79559000,111,"-",74969,TRUE,FALSE,FALSE,"distant",79484031,-74969,FALSE,NA,-3242.6,FALSE,"disruption"
"Bap1","104416","chr14","+",31251450,31259944,31025800,31233800,"B3-c-10",TRUE,FALSE,NA,FALSE,"chr14",31025750,31025850,31025800,3335,"+",225650,TRUE,FALSE,TRUE,"distant",31251450,-225650,FALSE,NA,-2656.58,FALSE,"disruption"
"Bap1","104416","chr14","+",31251450,31259944,31025800,31233800,"N-A01",TRUE,TRUE,"CMZ110,CMZ355",FALSE,"chr14",31026750,31026850,31026800,4567,"+",224650,TRUE,FALSE,TRUE,"distant",31251450,-224650,FALSE,NA,-2644.81,FALSE,"disruption"
"Bap1","104416","chr14","+",31251450,31259944,31025800,31233800,"B3-c-10",TRUE,FALSE,NA,FALSE,"chr14",31030750,31030850,31030800,6185,"+",220650,TRUE,FALSE,TRUE,"distant",31251450,-220650,FALSE,NA,-2597.72,FALSE,"disruption"
"Bap1","104416","chr14","+",31251450,31259944,31025800,31233800,"B-B11",TRUE,TRUE,"CMZ105",FALSE,"chr14",31041250,31041350,31041300,4371,"-",210150,TRUE,FALSE,FALSE,"distant",31251450,-210150,FALSE,NA,-2474.1,FALSE,"disruption"
"Bap1","104416","chr14","+",31251450,31259944,31025800,31233800,"B3-c-10",TRUE,FALSE,NA,FALSE,"chr14",31051250,31051350,31051300,4840,"+",200150,TRUE,FALSE,TRUE,"distant",31251450,-200150,FALSE,NA,-2356.37,FALSE,"disruption"
"Bap1","104416","chr14","+",31251450,31259944,31025800,31233800,"N3-c-10",TRUE,FALSE,NA,FALSE,"chr14",31059750,31059850,31059800,9919,"-",191650,TRUE,FALSE,FALSE,"distant",31251450,-191650,FALSE,NA,-2256.3,FALSE,"disruption"
"Bap1","104416","chr14","+",31251450,31259944,31025800,31233800,"B3-12",FALSE,FALSE,NA,FALSE,"chr14",31104250,31104350,31104300,764,"-",147150,TRUE,FALSE,FALSE,"distant",31251450,-147150,FALSE,NA,-1732.4,FALSE,"disruption"
"Bap1","104416","chr14","+",31251450,31259944,31025800,31233800,"N3-1-13",FALSE,TRUE,"CMZ182,CMZ357",FALSE,"chr14",31107550,31107650,31107600,1312,"-",143850,TRUE,FALSE,FALSE,"distant",31251450,-143850,FALSE,NA,-1693.55,FALSE,"disruption"
"Bap1","104416","chr14","+",31251450,31259944,31025800,31233800,"B3-1-13",FALSE,TRUE,"CMZ182,CMZ357",FALSE,"chr14",31107550,31107650,31107600,570,"-",143850,TRUE,FALSE,FALSE,"distant",31251450,-143850,FALSE,NA,-1693.55,FALSE,"disruption"
"Bap1","104416","chr14","+",31251450,31259944,31025800,31233800,"N3-c-28",FALSE,FALSE,NA,FALSE,"chr14",31126550,31126650,31126600,1916,"-",124850,TRUE,FALSE,FALSE,"distant",31251450,-124850,FALSE,NA,-1469.86,FALSE,"disruption"
"Bap1","104416","chr14","+",31251450,31259944,31025800,31233800,"B3-c-28",FALSE,FALSE,NA,FALSE,"chr14",31126550,31126650,31126600,1075,"-",124850,TRUE,FALSE,FALSE,"distant",31251450,-124850,FALSE,NA,-1469.86,FALSE,"disruption"
"Bap1","104416","chr14","+",31251450,31259944,31025800,31233800,"N3-21",FALSE,FALSE,NA,FALSE,"chr14",31205050,31205150,31205100,2339,"-",46350,TRUE,FALSE,FALSE,"distant",31251450,-46350,FALSE,NA,-545.68,FALSE,"disruption"
"Bap1","104416","chr14","+",31251450,31259944,31025800,31233800,"N-3-4",FALSE,FALSE,NA,FALSE,"chr14",31205050,31205150,31205100,1477,"-",46350,TRUE,FALSE,FALSE,"distant",31251450,-46350,FALSE,NA,-545.68,FALSE,"disruption"
"Bap1","104416","chr14","+",31251450,31259944,31025800,31233800,"B3-21",FALSE,FALSE,NA,FALSE,"chr14",31205050,31205150,31205100,36332,"-",46350,TRUE,FALSE,FALSE,"distant",31251450,-46350,FALSE,NA,-545.68,FALSE,"disruption"
"Bap1","104416","chr14","+",31251450,31259944,31025800,31233800,"B-3-4",FALSE,FALSE,NA,FALSE,"chr14",31205050,31205150,31205100,6340,"-",46350,TRUE,FALSE,FALSE,"distant",31251450,-46350,FALSE,NA,-545.68,FALSE,"disruption"
"Baz1b","22385","chr5","+",135187264,135246129,135196000,135235000,"B3-1-3",TRUE,TRUE,"CMZ104",FALSE,"chr5",135195950,135196050,135196000,9316,"+",0,FALSE,FALSE,TRUE,"intronic_same",135187264,8736,FALSE,1,14.84,TRUE,"activation"
"Baz1b","22385","chr5","+",135187264,135246129,135196000,135235000,"N3-1-3",TRUE,TRUE,"CMZ104",FALSE,"chr5",135195950,135196050,135196000,22069,"+",0,FALSE,FALSE,TRUE,"intronic_same",135187264,8736,FALSE,1,14.84,TRUE,"activation"
"Baz1b","22385","chr5","+",135187264,135246129,135196000,135235000,"N3-2-22",TRUE,TRUE,"CMZ347",FALSE,"chr5",135202550,135202650,135202600,3762,"+",0,FALSE,FALSE,TRUE,"intronic_same",135187264,15336,FALSE,3,26.05,TRUE,"activation"
"Baz1b","22385","chr5","+",135187264,135246129,135196000,135235000,"N3-15",FALSE,FALSE,NA,FALSE,"chr5",135218650,135218750,135218700,23010,"-",0,FALSE,FALSE,FALSE,"intronic_opposite",135187264,31436,FALSE,11,53.4,FALSE,"disruption"
"Baz1b","22385","chr5","+",135187264,135246129,135196000,135235000,"B3-15",FALSE,FALSE,NA,FALSE,"chr5",135218650,135218750,135218700,8915,"-",0,FALSE,FALSE,FALSE,"intronic_opposite",135187264,31436,FALSE,11,53.4,FALSE,"disruption"
"Baz1b","22385","chr5","+",135187264,135246129,135196000,135235000,"B-2-21",FALSE,TRUE,"CMZ353",FALSE,"chr5",135232750,135232850,135232800,981,"-",0,FALSE,FALSE,FALSE,"intronic_opposite",135187264,45536,FALSE,17,77.36,FALSE,"disruption"
"Baz1b","22385","chr5","+",135187264,135246129,135196000,135235000,"B3-17",TRUE,FALSE,NA,FALSE,"chr5",135233850,135233950,135233900,849,"-",0,FALSE,FALSE,FALSE,"intronic_opposite",135187264,46636,FALSE,17,79.23,FALSE,"disruption"
"BC048562","434439","chr9","+",108436482,108446086,108217900,108425900,"B-A04",FALSE,TRUE,"CMZ101",FALSE,"chr9",108217850,108217950,108217900,5236,"+",218582,TRUE,FALSE,TRUE,"distant",108436482,-218582,FALSE,NA,-2275.95,FALSE,"disruption"
"BC048562","434439","chr9","+",108436482,108446086,108217900,108425900,"B3-5",FALSE,FALSE,NA,FALSE,"chr9",108220550,108220650,108220600,539,"+",215882,TRUE,FALSE,TRUE,"distant",108436482,-215882,FALSE,NA,-2247.83,FALSE,"disruption"
"BC048562","434439","chr9","+",108436482,108446086,108217900,108425900,"N3-13",FALSE,FALSE,NA,FALSE,"chr9",108301150,108301250,108301200,2171,"-",135282,TRUE,FALSE,FALSE,"distant",108436482,-135282,FALSE,NA,-1408.6,FALSE,"disruption"
"BC048562","434439","chr9","+",108436482,108446086,108217900,108425900,"N3-10",FALSE,FALSE,NA,FALSE,"chr9",108301150,108301250,108301200,2576,"-",135282,TRUE,FALSE,FALSE,"distant",108436482,-135282,FALSE,NA,-1408.6,FALSE,"disruption"
"BC048562","434439","chr9","+",108436482,108446086,108217900,108425900,"B3-10",FALSE,FALSE,NA,FALSE,"chr9",108301150,108301250,108301200,7330,"-",135282,TRUE,FALSE,FALSE,"distant",108436482,-135282,FALSE,NA,-1408.6,FALSE,"disruption"
"BC048562","434439","chr9","+",108436482,108446086,108217900,108425900,"B3-13",FALSE,FALSE,NA,FALSE,"chr9",108301150,108301250,108301200,4999,"-",135282,TRUE,FALSE,FALSE,"distant",108436482,-135282,FALSE,NA,-1408.6,FALSE,"disruption"
"BC048562","434439","chr9","+",108436482,108446086,108217900,108425900,"N-B09",TRUE,TRUE,"CMZ104",FALSE,"chr9",108312550,108312650,108312600,3433,"+",123882,TRUE,FALSE,TRUE,"distant",108436482,-123882,FALSE,NA,-1289.9,FALSE,"disruption"
"BC048562","434439","chr9","+",108436482,108446086,108217900,108425900,"B3-3",FALSE,FALSE,NA,FALSE,"chr9",108324450,108324550,108324500,29425,"+",111982,TRUE,FALSE,TRUE,"distant",108436482,-111982,FALSE,NA,-1165.99,FALSE,"disruption"
"BC048562","434439","chr9","+",108436482,108446086,108217900,108425900,"N3-3",FALSE,FALSE,NA,FALSE,"chr9",108324450,108324550,108324500,5116,"+",111982,TRUE,FALSE,TRUE,"distant",108436482,-111982,FALSE,NA,-1165.99,FALSE,"disruption"
"BC048562","434439","chr9","+",108436482,108446086,108217900,108425900,"N3-5",FALSE,FALSE,NA,FALSE,"chr9",108350050,108350150,108350100,709,"+",86382,TRUE,FALSE,TRUE,"distant",108436482,-86382,FALSE,NA,-899.44,FALSE,"disruption"
"BC048562","434439","chr9","+",108436482,108446086,108217900,108425900,"N-A08",TRUE,FALSE,NA,FALSE,"chr9",108378950,108379050,108379000,1032,"+",57482,TRUE,FALSE,TRUE,"distant",108436482,-57482,FALSE,NA,-598.52,FALSE,"disruption"
"BC048562","434439","chr9","+",108436482,108446086,108217900,108425900,"N3-c-14",FALSE,FALSE,NA,FALSE,"chr9",108383050,108383150,108383100,432,"+",53382,TRUE,FALSE,TRUE,"distant",108436482,-53382,FALSE,NA,-555.83,FALSE,"disruption"
"BC048562","434439","chr9","+",108436482,108446086,108217900,108425900,"N-2-21",FALSE,TRUE,"CMZ353",FALSE,"chr9",108386750,108386850,108386800,97,"+",49682,TRUE,FALSE,TRUE,"distant",108436482,-49682,FALSE,NA,-517.31,FALSE,"disruption"
"Bcl7b","12054","chr5","+",135168283,135181855,135196000,135235000,"B3-1-3",TRUE,TRUE,"CMZ104",FALSE,"chr5",135195950,135196050,135196000,9316,"+",14145,TRUE,FALSE,TRUE,"distant",135168283,27717,FALSE,NA,204.22,FALSE,"disruption"
"Bcl7b","12054","chr5","+",135168283,135181855,135196000,135235000,"N3-1-3",TRUE,TRUE,"CMZ104",FALSE,"chr5",135195950,135196050,135196000,22069,"+",14145,TRUE,FALSE,TRUE,"distant",135168283,27717,FALSE,NA,204.22,FALSE,"disruption"
"Bcl7b","12054","chr5","+",135168283,135181855,135196000,135235000,"N3-2-22",TRUE,TRUE,"CMZ347",FALSE,"chr5",135202550,135202650,135202600,3762,"+",20745,TRUE,FALSE,TRUE,"distant",135168283,34317,FALSE,NA,252.85,FALSE,"disruption"
"Bcl7b","12054","chr5","+",135168283,135181855,135196000,135235000,"N3-15",FALSE,FALSE,NA,FALSE,"chr5",135218650,135218750,135218700,23010,"-",36845,TRUE,FALSE,FALSE,"distant",135168283,50417,FALSE,NA,371.48,FALSE,"disruption"
"Bcl7b","12054","chr5","+",135168283,135181855,135196000,135235000,"B3-15",FALSE,FALSE,NA,FALSE,"chr5",135218650,135218750,135218700,8915,"-",36845,TRUE,FALSE,FALSE,"distant",135168283,50417,FALSE,NA,371.48,FALSE,"disruption"
"Bcl7b","12054","chr5","+",135168283,135181855,135196000,135235000,"B-2-21",FALSE,TRUE,"CMZ353",FALSE,"chr5",135232750,135232850,135232800,981,"-",50945,TRUE,FALSE,FALSE,"distant",135168283,64517,FALSE,NA,475.37,FALSE,"disruption"
"Bcl7b","12054","chr5","+",135168283,135181855,135196000,135235000,"B3-17",TRUE,FALSE,NA,FALSE,"chr5",135233850,135233950,135233900,849,"-",52045,TRUE,FALSE,FALSE,"distant",135168283,65617,FALSE,NA,483.47,FALSE,"disruption"
"Birc6","12211","chr17","+",74528295,74703356,74533800,74603800,"N-A11",FALSE,TRUE,"CMZ103",FALSE,"chr17",74533750,74533850,74533800,1657,"+",0,FALSE,FALSE,TRUE,"intronic_same",74528295,5505,FALSE,4,3.14,TRUE,"activation"
"Birc6","12211","chr17","+",74528295,74703356,74533800,74603800,"N3-2-21",FALSE,FALSE,NA,FALSE,"chr17",74549450,74549550,74549500,1238,"-",0,FALSE,FALSE,FALSE,"intronic_opposite",74528295,21205,FALSE,8,12.11,FALSE,"disruption"
"Birc6","12211","chr17","+",74528295,74703356,74533800,74603800,"B3-5",FALSE,FALSE,NA,FALSE,"chr17",74573050,74573150,74573100,521,"+",0,FALSE,FALSE,TRUE,"intronic_same",74528295,44805,FALSE,17,25.59,FALSE,"disruption"
"Birc6","12211","chr17","+",74528295,74703356,74533800,74603800,"N-B05",FALSE,FALSE,NA,FALSE,"chr17",74576450,74576550,74576500,66964,"+",0,FALSE,FALSE,TRUE,"intronic_same",74528295,48205,FALSE,18,27.54,FALSE,"disruption"
"Birc6","12211","chr17","+",74528295,74703356,74533800,74603800,"B3-11",FALSE,FALSE,NA,FALSE,"chr17",74590550,74590650,74590600,5396,"-",0,FALSE,FALSE,FALSE,"intronic_opposite",74528295,62305,FALSE,21,35.59,FALSE,"disruption"
"Birc6","12211","chr17","+",74528295,74703356,74533800,74603800,"N3-1",FALSE,FALSE,NA,FALSE,"chr17",74598250,74598350,74598300,1276,"+",0,FALSE,FALSE,TRUE,"intronic_same",74528295,70005,FALSE,28,39.99,FALSE,"disruption"
"Bnip3l","12177","chr14","-",66985239,67008877,67004500,67043500,"N3-9",FALSE,FALSE,NA,FALSE,"chr14",67004450,67004550,67004500,3642,"-",0,FALSE,FALSE,FALSE,"intronic_opposite",67008877,4377,FALSE,2,18.52,FALSE,"disruption"
"Bnip3l","12177","chr14","-",66985239,67008877,67004500,67043500,"B3-9",FALSE,FALSE,NA,FALSE,"chr14",67004450,67004550,67004500,6240,"-",0,FALSE,FALSE,FALSE,"intronic_opposite",67008877,4377,FALSE,2,18.52,FALSE,"disruption"
"Bnip3l","12177","chr14","-",66985239,67008877,67004500,67043500,"N3-1-13",FALSE,TRUE,"CMZ182,CMZ357",FALSE,"chr14",67020450,67020550,67020500,1129,"-",11623,TRUE,FALSE,FALSE,"distant",67008877,-11623,FALSE,NA,-49.17,FALSE,"disruption"
"Bnip3l","12177","chr14","-",66985239,67008877,67004500,67043500,"B-B02",TRUE,FALSE,NA,FALSE,"chr14",67024750,67024850,67024800,3953,"-",15923,TRUE,FALSE,FALSE,"distant",67008877,-15923,FALSE,NA,-67.36,FALSE,"disruption"
"Bnip3l","12177","chr14","-",66985239,67008877,67004500,67043500,"N3-7",FALSE,FALSE,NA,FALSE,"chr14",67032950,67033050,67033000,2489,"+",24123,TRUE,FALSE,TRUE,"distant",67008877,-24123,FALSE,NA,-102.05,FALSE,"disruption"
"Bnip3l","12177","chr14","-",66985239,67008877,67004500,67043500,"N3-8",FALSE,FALSE,NA,FALSE,"chr14",67039550,67039650,67039600,10330,"-",30723,TRUE,FALSE,FALSE,"distant",67008877,-30723,FALSE,NA,-129.97,FALSE,"disruption"
"Bnip3l","12177","chr14","-",66985239,67008877,67004500,67043500,"N3-11",FALSE,FALSE,NA,FALSE,"chr14",67039550,67039650,67039600,2635,"-",30723,TRUE,FALSE,FALSE,"distant",67008877,-30723,FALSE,NA,-129.97,FALSE,"disruption"
"Bnip3l","12177","chr14","-",66985239,67008877,67004500,67043500,"B3-8",FALSE,FALSE,NA,FALSE,"chr14",67039550,67039650,67039600,16433,"-",30723,TRUE,FALSE,FALSE,"distant",67008877,-30723,FALSE,NA,-129.97,FALSE,"disruption"
"Bnip3l","12177","chr14","-",66985239,67008877,67004500,67043500,"B3-11",FALSE,FALSE,NA,FALSE,"chr14",67039550,67039650,67039600,14520,"-",30723,TRUE,FALSE,FALSE,"distant",67008877,-30723,FALSE,NA,-129.97,FALSE,"disruption"
"Bptf","207165","chr11","-",107033081,107132127,106828100,107095100,"B-2-26",TRUE,TRUE,"CMZ347",TRUE,"chr11",106828050,106828150,106828100,7087,"-",204981,TRUE,FALSE,FALSE,"distant",107132127,304027,FALSE,NA,306.96,FALSE,"disruption"
"Bptf","207165","chr11","-",107033081,107132127,106828100,107095100,"B-2-23",FALSE,FALSE,NA,FALSE,"chr11",106862350,106862450,106862400,384,"+",170681,TRUE,FALSE,TRUE,"distant",107132127,269727,FALSE,NA,272.32,FALSE,"disruption"
"Bptf","207165","chr11","-",107033081,107132127,106828100,107095100,"B-B04",TRUE,TRUE,"CMZ108",FALSE,"chr11",106867150,106867250,106867200,2504,"+",165881,TRUE,FALSE,TRUE,"distant",107132127,264927,FALSE,NA,267.48,FALSE,"disruption"
"Bptf","207165","chr11","-",107033081,107132127,106828100,107095100,"B3-1-5",TRUE,TRUE,"CMZ108",FALSE,"chr11",106867150,106867250,106867200,1243,"+",165881,TRUE,FALSE,TRUE,"distant",107132127,264927,FALSE,NA,267.48,FALSE,"disruption"
"Bptf","207165","chr11","-",107033081,107132127,106828100,107095100,"N-A10",FALSE,TRUE,"CMZ184",FALSE,"chr11",106884950,106885050,106885000,412,"-",148081,TRUE,FALSE,FALSE,"distant",107132127,247127,FALSE,NA,249.51,FALSE,"disruption"
"Bptf","207165","chr11","-",107033081,107132127,106828100,107095100,"N3-c-10",TRUE,FALSE,NA,FALSE,"chr11",106885550,106885650,106885600,4032,"-",147481,TRUE,FALSE,FALSE,"distant",107132127,246527,FALSE,NA,248.9,FALSE,"disruption"
"Bptf","207165","chr11","-",107033081,107132127,106828100,107095100,"N3-c-10",TRUE,FALSE,NA,FALSE,"chr11",106892350,106892450,106892400,15043,"+",140681,TRUE,FALSE,TRUE,"distant",107132127,239727,FALSE,NA,242.04,FALSE,"disruption"
"Bptf","207165","chr11","-",107033081,107132127,106828100,107095100,"B3-c-10",TRUE,FALSE,NA,FALSE,"chr11",106893050,106893150,106893100,2414,"+",139981,TRUE,FALSE,TRUE,"distant",107132127,239027,FALSE,NA,241.33,FALSE,"disruption"
"Bptf","207165","chr11","-",107033081,107132127,106828100,107095100,"N3-2-22",TRUE,TRUE,"CMZ347",TRUE,"chr11",106906150,106906250,106906200,3208,"+",126881,TRUE,FALSE,TRUE,"distant",107132127,225927,FALSE,NA,228.1,FALSE,"disruption"
"Bptf","207165","chr11","-",107033081,107132127,106828100,107095100,"B3-c-28",FALSE,FALSE,NA,FALSE,"chr11",106915050,106915150,106915100,853,"+",117981,TRUE,FALSE,TRUE,"distant",107132127,217027,FALSE,NA,219.12,FALSE,"disruption"
"Bptf","207165","chr11","-",107033081,107132127,106828100,107095100,"B3-c-10",TRUE,FALSE,NA,FALSE,"chr11",106941250,106941350,106941300,1181,"-",91781,TRUE,FALSE,FALSE,"distant",107132127,190827,FALSE,NA,192.67,FALSE,"disruption"
"Bptf","207165","chr11","-",107033081,107132127,106828100,107095100,"B-A05",FALSE,TRUE,"CMZ109",FALSE,"chr11",106993150,106993250,106993200,647,"-",39881,TRUE,FALSE,FALSE,"distant",107132127,138927,FALSE,NA,140.27,FALSE,"disruption"
"Bptf","207165","chr11","-",107033081,107132127,106828100,107095100,"B3-11",FALSE,FALSE,NA,FALSE,"chr11",107001650,107001750,107001700,5577,"+",31381,TRUE,FALSE,TRUE,"distant",107132127,130427,FALSE,NA,131.68,FALSE,"disruption"
"Bptf","207165","chr11","-",107033081,107132127,106828100,107095100,"B3-8",FALSE,FALSE,NA,FALSE,"chr11",107001650,107001750,107001700,1592,"+",31381,TRUE,FALSE,TRUE,"distant",107132127,130427,FALSE,NA,131.68,FALSE,"disruption"
"Bptf","207165","chr11","-",107033081,107132127,106828100,107095100,"N-B07",TRUE,TRUE,"CMZ107",FALSE,"chr11",107030750,107030850,107030800,5632,"+",2281,TRUE,FALSE,TRUE,"distant",107132127,101327,FALSE,NA,102.3,FALSE,"disruption"
"Bptf","207165","chr11","-",107033081,107132127,106828100,107095100,"B-1-2",TRUE,TRUE,"CMZ346",FALSE,"chr11",107045150,107045250,107045200,262,"-",0,FALSE,FALSE,FALSE,"intronic_opposite",107132127,86927,FALSE,34,87.76,FALSE,"disruption"
"Bptf","207165","chr11","-",107033081,107132127,106828100,107095100,"N3-14",FALSE,FALSE,NA,FALSE,"chr11",107056150,107056250,107056200,2791,"-",0,FALSE,FALSE,FALSE,"intronic_opposite",107132127,75927,FALSE,26,76.66,FALSE,"disruption"
"Bptf","207165","chr11","-",107033081,107132127,106828100,107095100,"B3-13",FALSE,FALSE,NA,FALSE,"chr11",107068150,107068250,107068200,1111,"+",0,FALSE,FALSE,TRUE,"intronic_same",107132127,63927,FALSE,16,64.54,FALSE,"disruption"
"Bptf","207165","chr11","-",107033081,107132127,106828100,107095100,"N-B02",TRUE,FALSE,NA,FALSE,"chr11",107084850,107084950,107084900,232,"+",0,FALSE,FALSE,TRUE,"intronic_same",107132127,47227,FALSE,7,47.68,FALSE,"disruption"
"Bptf","207165","chr11","-",107033081,107132127,106828100,107095100,"N3-2",FALSE,FALSE,NA,FALSE,"chr11",107087250,107087350,107087300,1333,"-",0,FALSE,FALSE,FALSE,"intronic_opposite",107132127,44827,FALSE,6,45.26,FALSE,"disruption"
"Brd4","57261","chr17","-",32196274,32284722,32210700,32319700,"B-2-21",FALSE,TRUE,"CMZ353",FALSE,"chr17",32210650,32210750,32210700,1161,"-",0,FALSE,FALSE,FALSE,"intronic_opposite",32284722,74022,FALSE,25,83.69,FALSE,"disruption"
"Brd4","57261","chr17","-",32196274,32284722,32210700,32319700,"B3-9",FALSE,FALSE,NA,FALSE,"chr17",32210750,32210850,32210800,1624,"+",0,FALSE,FALSE,TRUE,"intronic_same",32284722,73922,FALSE,25,83.58,FALSE,"disruption"
"Brd4","57261","chr17","-",32196274,32284722,32210700,32319700,"N3-9",FALSE,FALSE,NA,FALSE,"chr17",32210750,32210850,32210800,2542,"+",0,FALSE,FALSE,TRUE,"intronic_same",32284722,73922,FALSE,25,83.58,FALSE,"disruption"
"Brd4","57261","chr17","-",32196274,32284722,32210700,32319700,"N3-c-10",TRUE,FALSE,NA,FALSE,"chr17",32217950,32218050,32218000,6248,"-",0,FALSE,FALSE,FALSE,"intronic_opposite",32284722,66722,FALSE,18,75.44,FALSE,"disruption"
"Brd4","57261","chr17","-",32196274,32284722,32210700,32319700,"B-A10",FALSE,TRUE,"CMZ184",FALSE,"chr17",32243250,32243350,32243300,2903,"-",0,FALSE,FALSE,FALSE,"intronic_opposite",32284722,41422,FALSE,9,46.83,FALSE,"disruption"
"Brd4","57261","chr17","-",32196274,32284722,32210700,32319700,"N3-12",FALSE,FALSE,NA,FALSE,"chr17",32260750,32260850,32260800,1570,"-",0,FALSE,FALSE,FALSE,"intronic_opposite",32284722,23922,FALSE,7,27.05,FALSE,"disruption"
"Brd4","57261","chr17","-",32196274,32284722,32210700,32319700,"B-2-17",TRUE,TRUE,"CMZ345",FALSE,"chr17",32267050,32267150,32267100,23072,"+",0,FALSE,FALSE,TRUE,"intronic_same",32284722,17622,FALSE,7,19.92,TRUE,"activation"
"Brd4","57261","chr17","-",32196274,32284722,32210700,32319700,"N-2-17",TRUE,TRUE,"CMZ345",FALSE,"chr17",32267050,32267150,32267100,29379,"+",0,FALSE,FALSE,TRUE,"intronic_same",32284722,17622,FALSE,7,19.92,TRUE,"activation"
"Brd4","57261","chr17","-",32196274,32284722,32210700,32319700,"B3-13",FALSE,FALSE,NA,FALSE,"chr17",32279950,32280050,32280000,10873,"+",0,FALSE,FALSE,TRUE,"intronic_same",32284722,4722,FALSE,6,5.34,TRUE,"activation"
"Brd4","57261","chr17","-",32196274,32284722,32210700,32319700,"B3-10",FALSE,FALSE,NA,FALSE,"chr17",32279950,32280050,32280000,19689,"+",0,FALSE,FALSE,TRUE,"intronic_same",32284722,4722,FALSE,6,5.34,TRUE,"activation"
"Brd4","57261","chr17","-",32196274,32284722,32210700,32319700,"N3-10",FALSE,FALSE,NA,FALSE,"chr17",32279950,32280050,32280000,13813,"+",0,FALSE,FALSE,TRUE,"intronic_same",32284722,4722,FALSE,6,5.34,TRUE,"activation"
"Brd4","57261","chr17","-",32196274,32284722,32210700,32319700,"N3-13",FALSE,FALSE,NA,FALSE,"chr17",32279950,32280050,32280000,4843,"+",0,FALSE,FALSE,TRUE,"intronic_same",32284722,4722,FALSE,6,5.34,TRUE,"activation"
"Brd4","57261","chr17","-",32196274,32284722,32210700,32319700,"B3-6",TRUE,FALSE,NA,FALSE,"chr17",32285350,32285450,32285400,1106,"+",678,FALSE,FALSE,TRUE,"intronic_same",32284722,-678,TRUE,NA,-0.77,FALSE,"activation"
"Brd4","57261","chr17","-",32196274,32284722,32210700,32319700,"N3-6",TRUE,FALSE,NA,FALSE,"chr17",32285350,32285450,32285400,996,"+",678,FALSE,FALSE,TRUE,"intronic_same",32284722,-678,TRUE,NA,-0.77,FALSE,"activation"
"C1qtnf4","67445","chr2","+",90885860,90890525,90849600,91057600,"N-B02",TRUE,FALSE,NA,FALSE,"chr2",90849550,90849650,90849600,252,"+",36260,TRUE,FALSE,TRUE,"distant",90885860,-36260,FALSE,NA,-777.28,FALSE,"disruption"
"C1qtnf4","67445","chr2","+",90885860,90890525,90849600,91057600,"N-A12",FALSE,FALSE,NA,FALSE,"chr2",90912250,90912350,90912300,7302,"-",21775,TRUE,FALSE,FALSE,"distant",90885860,26440,FALSE,NA,566.77,FALSE,"disruption"
"C1qtnf4","67445","chr2","+",90885860,90890525,90849600,91057600,"B-A12",FALSE,FALSE,NA,FALSE,"chr2",90912250,90912350,90912300,1089,"-",21775,TRUE,FALSE,FALSE,"distant",90885860,26440,FALSE,NA,566.77,FALSE,"disruption"
"C1qtnf4","67445","chr2","+",90885860,90890525,90849600,91057600,"B-2-14",FALSE,FALSE,NA,FALSE,"chr2",90948950,90949050,90949000,20008,"+",58475,TRUE,FALSE,TRUE,"distant",90885860,63140,FALSE,NA,1353.48,FALSE,"disruption"
"C1qtnf4","67445","chr2","+",90885860,90890525,90849600,91057600,"N-2-14",FALSE,FALSE,NA,FALSE,"chr2",90948950,90949050,90949000,22948,"+",58475,TRUE,FALSE,TRUE,"distant",90885860,63140,FALSE,NA,1353.48,FALSE,"disruption"
"C1qtnf4","67445","chr2","+",90885860,90890525,90849600,91057600,"N-2-21",FALSE,TRUE,"CMZ353",FALSE,"chr2",90963850,90963950,90963900,135,"+",73375,TRUE,FALSE,TRUE,"distant",90885860,78040,FALSE,NA,1672.88,FALSE,"disruption"
"C1qtnf4","67445","chr2","+",90885860,90890525,90849600,91057600,"N-B02",TRUE,FALSE,NA,FALSE,"chr2",90968650,90968750,90968700,367,"+",78175,TRUE,FALSE,TRUE,"distant",90885860,82840,FALSE,NA,1775.78,FALSE,"disruption"
"C1qtnf4","67445","chr2","+",90885860,90890525,90849600,91057600,"B-B03",FALSE,TRUE,"CMZ183",FALSE,"chr2",90980050,90980150,90980100,1005,"+",89575,TRUE,FALSE,TRUE,"distant",90885860,94240,FALSE,NA,2020.15,FALSE,"disruption"
"C1qtnf4","67445","chr2","+",90885860,90890525,90849600,91057600,"B3-c-9",FALSE,FALSE,NA,FALSE,"chr2",91004550,91004650,91004600,1493,"+",114075,TRUE,FALSE,TRUE,"distant",90885860,118740,FALSE,NA,2545.34,FALSE,"disruption"
"C1qtnf4","67445","chr2","+",90885860,90890525,90849600,91057600,"N-B02",TRUE,FALSE,NA,FALSE,"chr2",91010850,91010950,91010900,623,"+",120375,TRUE,FALSE,TRUE,"distant",90885860,125040,FALSE,NA,2680.39,FALSE,"disruption"
"C1qtnf4","67445","chr2","+",90885860,90890525,90849600,91057600,"N3-2-36",TRUE,FALSE,NA,FALSE,"chr2",91010950,91011050,91011000,5012,"-",120475,TRUE,FALSE,FALSE,"distant",90885860,125140,FALSE,NA,2682.53,FALSE,"disruption"
"C1qtnf4","67445","chr2","+",90885860,90890525,90849600,91057600,"B3-c-32",TRUE,FALSE,NA,FALSE,"chr2",91010950,91011050,91011000,11908,"-",120475,TRUE,FALSE,FALSE,"distant",90885860,125140,FALSE,NA,2682.53,FALSE,"disruption"
"C1qtnf4","67445","chr2","+",90885860,90890525,90849600,91057600,"B3-2-36",TRUE,FALSE,NA,FALSE,"chr2",91010950,91011050,91011000,9677,"-",120475,TRUE,FALSE,FALSE,"distant",90885860,125140,FALSE,NA,2682.53,FALSE,"disruption"
"C1qtnf4","67445","chr2","+",90885860,90890525,90849600,91057600,"N3-2-36",TRUE,FALSE,NA,FALSE,"chr2",91013750,91013850,91013800,2667,"-",123275,TRUE,FALSE,FALSE,"distant",90885860,127940,FALSE,NA,2742.55,FALSE,"disruption"
"C1qtnf4","67445","chr2","+",90885860,90890525,90849600,91057600,"B3-2-36",TRUE,FALSE,NA,FALSE,"chr2",91013750,91013850,91013800,1995,"-",123275,TRUE,FALSE,FALSE,"distant",90885860,127940,FALSE,NA,2742.55,FALSE,"disruption"
"Camk2g","12325","chr14","-",20734875,20794088,20679500,20749500,"N-B05",FALSE,FALSE,NA,FALSE,"chr14",20679450,20679550,20679500,8596,"-",55375,TRUE,FALSE,FALSE,"distant",20794088,114588,FALSE,NA,193.52,FALSE,"disruption"
"Camk2g","12325","chr14","-",20734875,20794088,20679500,20749500,"B-B05",FALSE,FALSE,NA,FALSE,"chr14",20679450,20679550,20679500,7396,"-",55375,TRUE,FALSE,FALSE,"distant",20794088,114588,FALSE,NA,193.52,FALSE,"disruption"
"Camk2g","12325","chr14","-",20734875,20794088,20679500,20749500,"B3-5",FALSE,FALSE,NA,FALSE,"chr14",20692250,20692350,20692300,214,"+",42575,TRUE,FALSE,TRUE,"distant",20794088,101788,FALSE,NA,171.9,FALSE,"disruption"
"Camk2g","12325","chr14","-",20734875,20794088,20679500,20749500,"B3-c-10",TRUE,FALSE,NA,FALSE,"chr14",20700450,20700550,20700500,1869,"+",34375,TRUE,FALSE,TRUE,"distant",20794088,93588,FALSE,NA,158.05,FALSE,"disruption"
"Camk2g","12325","chr14","-",20734875,20794088,20679500,20749500,"N3-c-14",FALSE,FALSE,NA,FALSE,"chr14",20700650,20700750,20700700,591,"-",34175,TRUE,FALSE,FALSE,"distant",20794088,93388,FALSE,NA,157.72,FALSE,"disruption"
"Camk2g","12325","chr14","-",20734875,20794088,20679500,20749500,"B3-c-14",FALSE,FALSE,NA,FALSE,"chr14",20700650,20700750,20700700,3336,"-",34175,TRUE,FALSE,FALSE,"distant",20794088,93388,FALSE,NA,157.72,FALSE,"disruption"
"Camk2g","12325","chr14","-",20734875,20794088,20679500,20749500,"N3-c-14",FALSE,FALSE,NA,FALSE,"chr14",20701050,20701150,20701100,3718,"-",33775,TRUE,FALSE,FALSE,"distant",20794088,92988,FALSE,NA,157.04,FALSE,"disruption"
"Camk2g","12325","chr14","-",20734875,20794088,20679500,20749500,"N-2-25",FALSE,TRUE,"CMZ349",FALSE,"chr14",20720650,20720750,20720700,18994,"-",14175,TRUE,FALSE,FALSE,"distant",20794088,73388,FALSE,NA,123.94,FALSE,"disruption"
"Camk2g","12325","chr14","-",20734875,20794088,20679500,20749500,"B-2-25",FALSE,TRUE,"CMZ349",FALSE,"chr14",20720650,20720750,20720700,5768,"-",14175,TRUE,FALSE,FALSE,"distant",20794088,73388,FALSE,NA,123.94,FALSE,"disruption"
"Caprin1","53872","chr2","-",103762941,103797649,103763600,103802600,"N-1-2",TRUE,TRUE,"CMZ346",FALSE,"chr2",103763550,103763650,103763600,242,"-",0,FALSE,TRUE,FALSE,"exonic_opposite",103797649,34049,FALSE,NA,98.1,FALSE,"disruption"
"Caprin1","53872","chr2","-",103762941,103797649,103763600,103802600,"B-1-2",TRUE,TRUE,"CMZ346",FALSE,"chr2",103763550,103763650,103763600,663,"-",0,FALSE,TRUE,FALSE,"exonic_opposite",103797649,34049,FALSE,NA,98.1,FALSE,"disruption"
"Caprin1","53872","chr2","-",103762941,103797649,103763600,103802600,"N3-12",FALSE,FALSE,NA,FALSE,"chr2",103765950,103766050,103766000,713,"+",0,FALSE,TRUE,TRUE,"exonic_same",103797649,31649,FALSE,NA,91.19,FALSE,"disruption"
"Caprin1","53872","chr2","-",103762941,103797649,103763600,103802600,"N-A07",FALSE,TRUE,"CMZ182,CMZ357",FALSE,"chr2",103771050,103771150,103771100,222,"-",0,FALSE,FALSE,FALSE,"intronic_opposite",103797649,26549,FALSE,43,76.49,FALSE,"disruption"
"Caprin1","53872","chr2","-",103762941,103797649,103763600,103802600,"N-2-15",FALSE,FALSE,NA,FALSE,"chr2",103778150,103778250,103778200,396,"+",0,FALSE,FALSE,TRUE,"intronic_same",103797649,19449,FALSE,19,56.04,FALSE,"disruption"
"Caprin1","53872","chr2","-",103762941,103797649,103763600,103802600,"B3-c-10",TRUE,FALSE,NA,FALSE,"chr2",103785550,103785650,103785600,1882,"-",0,FALSE,FALSE,FALSE,"intronic_opposite",103797649,12049,FALSE,11,34.72,FALSE,"disruption"
"Caprin1","53872","chr2","-",103762941,103797649,103763600,103802600,"N3-14",FALSE,FALSE,NA,FALSE,"chr2",103792050,103792150,103792100,356,"-",0,FALSE,FALSE,FALSE,"intronic_opposite",103797649,5549,FALSE,10,15.99,FALSE,"disruption"
"Capza2","12343","chr6","+",17636234,17666972,17644900,17683900,"N-B10",FALSE,FALSE,NA,FALSE,"chr6",17644850,17644950,17644900,406,"+",0,FALSE,FALSE,TRUE,"intronic_same",17636234,8666,FALSE,7,28.19,FALSE,"disruption"
"Capza2","12343","chr6","+",17636234,17666972,17644900,17683900,"B3-c-14",FALSE,FALSE,NA,FALSE,"chr6",17645350,17645450,17645400,1564,"+",0,FALSE,FALSE,TRUE,"intronic_same",17636234,9166,FALSE,7,29.82,FALSE,"disruption"
"Capza2","12343","chr6","+",17636234,17666972,17644900,17683900,"N3-c-14",FALSE,FALSE,NA,FALSE,"chr6",17645350,17645450,17645400,2943,"+",0,FALSE,FALSE,TRUE,"intronic_same",17636234,9166,FALSE,7,29.82,FALSE,"disruption"
"Capza2","12343","chr6","+",17636234,17666972,17644900,17683900,"N-1-2",TRUE,TRUE,"CMZ346",FALSE,"chr6",17647150,17647250,17647200,383,"-",0,FALSE,FALSE,FALSE,"intronic_opposite",17636234,10966,FALSE,7,35.68,FALSE,"disruption"
"Capza2","12343","chr6","+",17636234,17666972,17644900,17683900,"B-1-10",FALSE,FALSE,NA,FALSE,"chr6",17661250,17661350,17661300,36,"+",0,FALSE,FALSE,TRUE,"intronic_same",17636234,25066,FALSE,21,81.55,FALSE,"disruption"
"Capza2","12343","chr6","+",17636234,17666972,17644900,17683900,"B3-18",TRUE,FALSE,NA,FALSE,"chr6",17661850,17661950,17661900,12673,"+",0,FALSE,FALSE,TRUE,"intronic_same",17636234,25666,FALSE,21,83.5,FALSE,"disruption"
"Capza2","12343","chr6","+",17636234,17666972,17644900,17683900,"N3-18",TRUE,FALSE,NA,FALSE,"chr6",17661850,17661950,17661900,11728,"+",0,FALSE,FALSE,TRUE,"intronic_same",17636234,25666,FALSE,21,83.5,FALSE,"disruption"
"Capza2","12343","chr6","+",17636234,17666972,17644900,17683900,"B-2-21",FALSE,TRUE,"CMZ353",FALSE,"chr6",17663650,17663750,17663700,1276,"-",0,FALSE,FALSE,FALSE,"intronic_opposite",17636234,27466,FALSE,22,89.36,FALSE,"disruption"
"Capza2","12343","chr6","+",17636234,17666972,17644900,17683900,"N-A10",FALSE,TRUE,"CMZ184",FALSE,"chr6",17664750,17664850,17664800,379,"-",0,FALSE,FALSE,FALSE,"intronic_opposite",17636234,28566,FALSE,22,92.93,FALSE,"disruption"
"Capza2","12343","chr6","+",17636234,17666972,17644900,17683900,"B-A10",FALSE,TRUE,"CMZ184",FALSE,"chr6",17664750,17664850,17664800,1249,"-",0,FALSE,FALSE,FALSE,"intronic_opposite",17636234,28566,FALSE,22,92.93,FALSE,"disruption"
"Cbx5","12419","chr15","-",103191544,103239816,103190500,103229500,"B3-9",FALSE,FALSE,NA,FALSE,"chr15",103190450,103190550,103190500,10436,"+",1044,FALSE,FALSE,TRUE,"intronic_same",103239816,49316,FALSE,NA,102.16,FALSE,"disruption"
"Cbx5","12419","chr15","-",103191544,103239816,103190500,103229500,"N3-9",FALSE,FALSE,NA,FALSE,"chr15",103190450,103190550,103190500,5039,"+",1044,FALSE,FALSE,TRUE,"intronic_same",103239816,49316,FALSE,NA,102.16,FALSE,"disruption"
"Cbx5","12419","chr15","-",103191544,103239816,103190500,103229500,"B-2-21",FALSE,TRUE,"CMZ353",FALSE,"chr15",103214050,103214150,103214100,1197,"-",0,FALSE,FALSE,FALSE,"intronic_opposite",103239816,25716,FALSE,6,53.27,FALSE,"disruption"
"Cbx5","12419","chr15","-",103191544,103239816,103190500,103229500,"N3-2-2",TRUE,FALSE,NA,FALSE,"chr15",103216350,103216450,103216400,16618,"-",0,FALSE,FALSE,FALSE,"intronic_opposite",103239816,23416,FALSE,1,48.51,FALSE,"disruption"
"Cbx5","12419","chr15","-",103191544,103239816,103190500,103229500,"B3-2-2",TRUE,FALSE,NA,FALSE,"chr15",103216350,103216450,103216400,10368,"-",0,FALSE,FALSE,FALSE,"intronic_opposite",103239816,23416,FALSE,1,48.51,FALSE,"disruption"
"Cbx5","12419","chr15","-",103191544,103239816,103190500,103229500,"N-B09",TRUE,TRUE,"CMZ104",FALSE,"chr15",103218850,103218950,103218900,14068,"-",0,FALSE,FALSE,FALSE,"intronic_opposite",103239816,20916,FALSE,1,43.33,FALSE,"disruption"
"Cbx5","12419","chr15","-",103191544,103239816,103190500,103229500,"N3-c-9",FALSE,FALSE,NA,FALSE,"chr15",103225450,103225550,103225500,5056,"-",0,FALSE,FALSE,FALSE,"intronic_opposite",103239816,14316,FALSE,1,29.66,FALSE,"disruption"
"Ccnb2","12442","chr9","-",70407692,70421547,70439900,70740900,"N3-1-11",TRUE,FALSE,NA,FALSE,"chr9",70439850,70439950,70439900,2126,"+",18353,TRUE,FALSE,TRUE,"distant",70421547,-18353,FALSE,NA,-132.46,FALSE,"disruption"
"Ccnb2","12442","chr9","-",70407692,70421547,70439900,70740900,"B-A07",FALSE,TRUE,"CMZ182,CMZ357",FALSE,"chr9",70455750,70455850,70455800,58401,"+",34253,TRUE,FALSE,TRUE,"distant",70421547,-34253,FALSE,NA,-247.22,FALSE,"disruption"
"Ccnb2","12442","chr9","-",70407692,70421547,70439900,70740900,"B3-1-13",FALSE,TRUE,"CMZ182,CMZ357",FALSE,"chr9",70455750,70455850,70455800,6689,"+",34253,TRUE,FALSE,TRUE,"distant",70421547,-34253,FALSE,NA,-247.22,FALSE,"disruption"
"Ccnb2","12442","chr9","-",70407692,70421547,70439900,70740900,"N3-1-13",FALSE,TRUE,"CMZ182,CMZ357",FALSE,"chr9",70455750,70455850,70455800,1053,"+",34253,TRUE,FALSE,TRUE,"distant",70421547,-34253,FALSE,NA,-247.22,FALSE,"disruption"
"Ccnb2","12442","chr9","-",70407692,70421547,70439900,70740900,"N-A07",FALSE,TRUE,"CMZ182,CMZ357",FALSE,"chr9",70455750,70455850,70455800,234,"+",34253,TRUE,FALSE,TRUE,"distant",70421547,-34253,FALSE,NA,-247.22,FALSE,"disruption"
"Ccnb2","12442","chr9","-",70407692,70421547,70439900,70740900,"N3-2-21",FALSE,FALSE,NA,FALSE,"chr9",70472750,70472850,70472800,3145,"+",51253,TRUE,FALSE,TRUE,"distant",70421547,-51253,FALSE,NA,-369.92,FALSE,"disruption"
"Ccnb2","12442","chr9","-",70407692,70421547,70439900,70740900,"N3-c-9",FALSE,FALSE,NA,FALSE,"chr9",70476850,70476950,70476900,12674,"-",55353,TRUE,FALSE,FALSE,"distant",70421547,-55353,FALSE,NA,-399.52,FALSE,"disruption"
"Ccnb2","12442","chr9","-",70407692,70421547,70439900,70740900,"B3-c-9",FALSE,FALSE,NA,FALSE,"chr9",70476850,70476950,70476900,3220,"-",55353,TRUE,FALSE,FALSE,"distant",70421547,-55353,FALSE,NA,-399.52,FALSE,"disruption"
"Ccnb2","12442","chr9","-",70407692,70421547,70439900,70740900,"N-3-1",FALSE,FALSE,NA,FALSE,"chr9",70499050,70499150,70499100,793,"+",77553,TRUE,FALSE,TRUE,"distant",70421547,-77553,FALSE,NA,-559.75,FALSE,"disruption"
"Ccnb2","12442","chr9","-",70407692,70421547,70439900,70740900,"B3-1-13",FALSE,TRUE,"CMZ182,CMZ357",FALSE,"chr9",70514250,70514350,70514300,871,"+",92753,TRUE,FALSE,TRUE,"distant",70421547,-92753,FALSE,NA,-669.46,FALSE,"disruption"
"Ccnb2","12442","chr9","-",70407692,70421547,70439900,70740900,"N3-1-13",FALSE,TRUE,"CMZ182,CMZ357",FALSE,"chr9",70514250,70514350,70514300,759,"-",92753,TRUE,FALSE,FALSE,"distant",70421547,-92753,FALSE,NA,-669.46,FALSE,"disruption"
"Ccnb2","12442","chr9","-",70407692,70421547,70439900,70740900,"B3-7",FALSE,FALSE,NA,FALSE,"chr9",70554950,70555050,70555000,740,"-",133453,TRUE,FALSE,FALSE,"distant",70421547,-133453,FALSE,NA,-963.21,FALSE,"disruption"
"Ccnb2","12442","chr9","-",70407692,70421547,70439900,70740900,"N-2-21",FALSE,TRUE,"CMZ353",FALSE,"chr9",70556050,70556150,70556100,129,"+",134553,TRUE,FALSE,TRUE,"distant",70421547,-134553,FALSE,NA,-971.15,FALSE,"disruption"
"Ccnb2","12442","chr9","-",70407692,70421547,70439900,70740900,"B3-5",FALSE,FALSE,NA,FALSE,"chr9",70614350,70614450,70614400,266,"-",192853,TRUE,FALSE,FALSE,"distant",70421547,-192853,FALSE,NA,-1391.94,FALSE,"disruption"
"Ccnb2","12442","chr9","-",70407692,70421547,70439900,70740900,"N3-1-2",TRUE,TRUE,"CMZ107",FALSE,"chr9",70630150,70630250,70630200,1686,"-",208653,TRUE,FALSE,FALSE,"distant",70421547,-208653,FALSE,NA,-1505.98,FALSE,"disruption"
"Ccnb2","12442","chr9","-",70407692,70421547,70439900,70740900,"B3-1-11",TRUE,FALSE,NA,FALSE,"chr9",70680850,70680950,70680900,1362,"-",259353,TRUE,FALSE,FALSE,"distant",70421547,-259353,FALSE,NA,-1871.91,FALSE,"disruption"
"Ccnb2","12442","chr9","-",70407692,70421547,70439900,70740900,"B-1-10",FALSE,FALSE,NA,FALSE,"chr9",70700650,70700750,70700700,73,"+",279153,TRUE,FALSE,TRUE,"distant",70421547,-279153,FALSE,NA,-2014.82,FALSE,"disruption"
"Ccnb2","12442","chr9","-",70407692,70421547,70439900,70740900,"N-1-4",FALSE,FALSE,NA,FALSE,"chr9",70717350,70717450,70717400,8,"+",295853,TRUE,FALSE,TRUE,"distant",70421547,-295853,FALSE,NA,-2135.35,FALSE,"disruption"
"Ccnb2","12442","chr9","-",70407692,70421547,70439900,70740900,"B-2-25",FALSE,TRUE,"CMZ349",FALSE,"chr9",70724850,70724950,70724900,3094,"+",303353,TRUE,FALSE,TRUE,"distant",70421547,-303353,FALSE,NA,-2189.48,FALSE,"disruption"
"Ccnb2","12442","chr9","-",70407692,70421547,70439900,70740900,"N-2-25",FALSE,TRUE,"CMZ349",FALSE,"chr9",70724850,70724950,70724900,1822,"+",303353,TRUE,FALSE,TRUE,"distant",70421547,-303353,FALSE,NA,-2189.48,FALSE,"disruption"
"Ccnb2","12442","chr9","-",70407692,70421547,70439900,70740900,"N3-17",TRUE,FALSE,NA,FALSE,"chr9",70736350,70736450,70736400,2196,"-",314853,TRUE,FALSE,FALSE,"distant",70421547,-314853,FALSE,NA,-2272.49,FALSE,"disruption"
"Ccnb2","12442","chr9","-",70407692,70421547,70439900,70740900,"B3-17",TRUE,FALSE,NA,FALSE,"chr9",70736350,70736450,70736400,2687,"-",314853,TRUE,FALSE,FALSE,"distant",70421547,-314853,FALSE,NA,-2272.49,FALSE,"disruption"
"Ccnh","66671","chr13","+",85189408,85223469,85207300,85277300,"N3-c-10",TRUE,FALSE,NA,FALSE,"chr13",85207250,85207350,85207300,19417,"-",0,FALSE,FALSE,FALSE,"intronic_opposite",85189408,17892,FALSE,13,52.53,FALSE,"disruption"
"Ccnh","66671","chr13","+",85189408,85223469,85207300,85277300,"N3-2",FALSE,FALSE,NA,FALSE,"chr13",85219250,85219350,85219300,6154,"-",0,FALSE,FALSE,FALSE,"intronic_opposite",85189408,29892,FALSE,22,87.76,FALSE,"disruption"
"Ccnh","66671","chr13","+",85189408,85223469,85207300,85277300,"N-B03",FALSE,TRUE,"CMZ183",FALSE,"chr13",85223050,85223150,85223100,16655,"+",0,FALSE,FALSE,TRUE,"intronic_same",85189408,33692,FALSE,22,98.92,FALSE,"disruption"
"Ccnh","66671","chr13","+",85189408,85223469,85207300,85277300,"N-B03",FALSE,TRUE,"CMZ183",FALSE,"chr13",85225950,85226050,85226000,7425,"+",2531,TRUE,FALSE,TRUE,"distant",85189408,36592,FALSE,NA,107.43,FALSE,"disruption"
"Ccnh","66671","chr13","+",85189408,85223469,85207300,85277300,"B-B03",FALSE,TRUE,"CMZ183",FALSE,"chr13",85226650,85226750,85226700,5046,"+",3231,TRUE,FALSE,TRUE,"distant",85189408,37292,FALSE,NA,109.49,FALSE,"disruption"
"Ccnh","66671","chr13","+",85189408,85223469,85207300,85277300,"N-B03",FALSE,TRUE,"CMZ183",FALSE,"chr13",85226650,85226750,85226700,5595,"+",3231,TRUE,FALSE,TRUE,"distant",85189408,37292,FALSE,NA,109.49,FALSE,"disruption"
"Ccnh","66671","chr13","+",85189408,85223469,85207300,85277300,"N-1-10",FALSE,FALSE,NA,FALSE,"chr13",85231150,85231250,85231200,60,"+",7731,TRUE,FALSE,TRUE,"distant",85189408,41792,FALSE,NA,122.7,FALSE,"disruption"
"Ccnh","66671","chr13","+",85189408,85223469,85207300,85277300,"B3-15",FALSE,FALSE,NA,FALSE,"chr13",85252950,85253050,85253000,19234,"+",29531,TRUE,FALSE,TRUE,"distant",85189408,63592,FALSE,NA,186.7,FALSE,"disruption"
"Ccnh","66671","chr13","+",85189408,85223469,85207300,85277300,"N3-15",FALSE,FALSE,NA,FALSE,"chr13",85252950,85253050,85253000,9320,"+",29531,TRUE,FALSE,TRUE,"distant",85189408,63592,FALSE,NA,186.7,FALSE,"disruption"
"Ccnh","66671","chr13","+",85189408,85223469,85207300,85277300,"N-A05",FALSE,TRUE,"CMZ109",FALSE,"chr13",85255750,85255850,85255800,2430,"-",32331,TRUE,FALSE,FALSE,"distant",85189408,66392,FALSE,NA,194.92,FALSE,"disruption"
"Ccnh","66671","chr13","+",85189408,85223469,85207300,85277300,"B-A05",FALSE,TRUE,"CMZ109",FALSE,"chr13",85255750,85255850,85255800,8607,"-",32331,TRUE,FALSE,FALSE,"distant",85189408,66392,FALSE,NA,194.92,FALSE,"disruption"
"Ccnh","66671","chr13","+",85189408,85223469,85207300,85277300,"B-B10",FALSE,FALSE,NA,FALSE,"chr13",85272450,85272550,85272500,3181,"+",49031,TRUE,FALSE,TRUE,"distant",85189408,83092,FALSE,NA,243.95,FALSE,"disruption"
"Ccnh","66671","chr13","+",85189408,85223469,85207300,85277300,"N3-14",FALSE,FALSE,NA,FALSE,"chr13",85274950,85275050,85275000,553,"+",51531,TRUE,FALSE,TRUE,"distant",85189408,85592,FALSE,NA,251.29,FALSE,"disruption"
"Cdc42","12540","chr4","-",137319696,137357720,137322500,137361500,"B3-5",FALSE,FALSE,NA,FALSE,"chr4",137322450,137322550,137322500,187,"+",0,FALSE,TRUE,TRUE,"exonic_same",137357720,35220,FALSE,NA,92.63,FALSE,"disruption"
"Cdc42","12540","chr4","-",137319696,137357720,137322500,137361500,"B-B08",TRUE,TRUE,"CMZ106",FALSE,"chr4",137324850,137324950,137324900,880,"+",0,FALSE,FALSE,TRUE,"intronic_same",137357720,32820,FALSE,6,86.31,FALSE,"disruption"
"Cdc42","12540","chr4","-",137319696,137357720,137322500,137361500,"N-B08",TRUE,TRUE,"CMZ106",FALSE,"chr4",137324850,137324950,137324900,1831,"+",0,FALSE,FALSE,TRUE,"intronic_same",137357720,32820,FALSE,6,86.31,FALSE,"disruption"
"Cdc42","12540","chr4","-",137319696,137357720,137322500,137361500,"B3-7",FALSE,FALSE,NA,FALSE,"chr4",137336050,137336150,137336100,678,"-",0,FALSE,TRUE,FALSE,"exonic_opposite",137357720,21620,FALSE,NA,56.86,FALSE,"disruption"
"Cdc42","12540","chr4","-",137319696,137357720,137322500,137361500,"N3-c-9",FALSE,FALSE,NA,FALSE,"chr4",137342750,137342850,137342800,3128,"-",0,FALSE,FALSE,FALSE,"intronic_opposite",137357720,14920,FALSE,2,39.24,FALSE,"disruption"
"Cdc42","12540","chr4","-",137319696,137357720,137322500,137361500,"N3-13",FALSE,FALSE,NA,FALSE,"chr4",137349850,137349950,137349900,1089,"-",0,FALSE,FALSE,FALSE,"intronic_opposite",137357720,7820,FALSE,2,20.57,FALSE,"disruption"
"Cdk13","69562","chr13","-",17710315,17805097,17697500,17806500,"B3-12",FALSE,FALSE,NA,FALSE,"chr13",17697450,17697550,17697500,1981,"+",12815,TRUE,FALSE,TRUE,"distant",17805097,107597,FALSE,NA,113.52,FALSE,"disruption"
"Cdk13","69562","chr13","-",17710315,17805097,17697500,17806500,"B3-14",FALSE,FALSE,NA,FALSE,"chr13",17697450,17697550,17697500,477,"+",12815,TRUE,FALSE,TRUE,"distant",17805097,107597,FALSE,NA,113.52,FALSE,"disruption"
"Cdk13","69562","chr13","-",17710315,17805097,17697500,17806500,"N3-14",FALSE,FALSE,NA,FALSE,"chr13",17697450,17697550,17697500,658,"+",12815,TRUE,FALSE,TRUE,"distant",17805097,107597,FALSE,NA,113.52,FALSE,"disruption"
"Cdk13","69562","chr13","-",17710315,17805097,17697500,17806500,"B3-8",FALSE,FALSE,NA,FALSE,"chr13",17704150,17704250,17704200,6341,"+",6115,TRUE,FALSE,TRUE,"distant",17805097,100897,FALSE,NA,106.45,FALSE,"disruption"
"Cdk13","69562","chr13","-",17710315,17805097,17697500,17806500,"N3-8",FALSE,FALSE,NA,FALSE,"chr13",17704150,17704250,17704200,1179,"+",6115,TRUE,FALSE,TRUE,"distant",17805097,100897,FALSE,NA,106.45,FALSE,"disruption"
"Cdk13","69562","chr13","-",17710315,17805097,17697500,17806500,"N3-c-32",TRUE,FALSE,NA,FALSE,"chr13",17704450,17704550,17704500,1911,"+",5815,TRUE,FALSE,TRUE,"distant",17805097,100597,FALSE,NA,106.14,FALSE,"disruption"
"Cdk13","69562","chr13","-",17710315,17805097,17697500,17806500,"N3-14",FALSE,FALSE,NA,FALSE,"chr13",17721650,17721750,17721700,1080,"+",0,FALSE,FALSE,TRUE,"intronic_same",17805097,83397,FALSE,23,87.99,FALSE,"disruption"
"Cdk13","69562","chr13","-",17710315,17805097,17697500,17806500,"B-3-4",FALSE,FALSE,NA,FALSE,"chr13",17777250,17777350,17777300,1490,"+",0,FALSE,FALSE,TRUE,"intronic_same",17805097,27797,FALSE,8,29.33,FALSE,"disruption"
"Cdk13","69562","chr13","-",17710315,17805097,17697500,17806500,"N-3-4",FALSE,FALSE,NA,FALSE,"chr13",17777250,17777350,17777300,826,"+",0,FALSE,FALSE,TRUE,"intronic_same",17805097,27797,FALSE,8,29.33,FALSE,"disruption"
"Cdk13","69562","chr13","-",17710315,17805097,17697500,17806500,"B3-19",FALSE,FALSE,NA,FALSE,"chr13",17792650,17792750,17792700,1477,"+",0,FALSE,FALSE,TRUE,"intronic_same",17805097,12397,FALSE,8,13.08,TRUE,"activation"
"Cdk13","69562","chr13","-",17710315,17805097,17697500,17806500,"N3-19",FALSE,FALSE,NA,FALSE,"chr13",17792650,17792750,17792700,3703,"+",0,FALSE,FALSE,TRUE,"intronic_same",17805097,12397,FALSE,8,13.08,TRUE,"activation"
"Cdk13","69562","chr13","-",17710315,17805097,17697500,17806500,"N-A05",FALSE,TRUE,"CMZ109",FALSE,"chr13",17801750,17801850,17801800,1317,"-",0,FALSE,FALSE,FALSE,"intronic_opposite",17805097,3297,FALSE,6,3.48,FALSE,"disruption"
"Cdk13","69562","chr13","-",17710315,17805097,17697500,17806500,"B-A05",FALSE,TRUE,"CMZ109",FALSE,"chr13",17801750,17801850,17801800,1146,"-",0,FALSE,FALSE,FALSE,"intronic_opposite",17805097,3297,FALSE,6,3.48,FALSE,"disruption"
"Celf1","13046","chr2","+",90940382,91019497,90849600,91057600,"N-B02",TRUE,FALSE,NA,FALSE,"chr2",90849550,90849650,90849600,252,"+",90782,TRUE,FALSE,TRUE,"distant",90940382,-90782,FALSE,NA,-114.75,FALSE,"disruption"
"Celf1","13046","chr2","+",90940382,91019497,90849600,91057600,"N-A12",FALSE,FALSE,NA,FALSE,"chr2",90912250,90912350,90912300,7302,"-",28082,TRUE,FALSE,FALSE,"distant",90940382,-28082,FALSE,NA,-35.5,FALSE,"disruption"
"Celf1","13046","chr2","+",90940382,91019497,90849600,91057600,"B-A12",FALSE,FALSE,NA,FALSE,"chr2",90912250,90912350,90912300,1089,"-",28082,TRUE,FALSE,FALSE,"distant",90940382,-28082,FALSE,NA,-35.5,FALSE,"disruption"
"Celf1","13046","chr2","+",90940382,91019497,90849600,91057600,"B-2-14",FALSE,FALSE,NA,FALSE,"chr2",90948950,90949050,90949000,20008,"+",0,FALSE,FALSE,TRUE,"intronic_same",90940382,8618,FALSE,5,10.89,TRUE,"activation"
"Celf1","13046","chr2","+",90940382,91019497,90849600,91057600,"N-2-14",FALSE,FALSE,NA,FALSE,"chr2",90948950,90949050,90949000,22948,"+",0,FALSE,FALSE,TRUE,"intronic_same",90940382,8618,FALSE,5,10.89,TRUE,"activation"
"Celf1","13046","chr2","+",90940382,91019497,90849600,91057600,"N-2-21",FALSE,TRUE,"CMZ353",FALSE,"chr2",90963850,90963950,90963900,135,"+",0,FALSE,FALSE,TRUE,"intronic_same",90940382,23518,FALSE,6,29.73,FALSE,"disruption"
"Celf1","13046","chr2","+",90940382,91019497,90849600,91057600,"N-B02",TRUE,FALSE,NA,FALSE,"chr2",90968650,90968750,90968700,367,"+",0,FALSE,FALSE,TRUE,"intronic_same",90940382,28318,FALSE,7,35.79,FALSE,"disruption"
"Celf1","13046","chr2","+",90940382,91019497,90849600,91057600,"B-B03",FALSE,TRUE,"CMZ183",FALSE,"chr2",90980050,90980150,90980100,1005,"+",0,FALSE,FALSE,TRUE,"intronic_same",90940382,39718,FALSE,7,50.2,FALSE,"disruption"
"Celf1","13046","chr2","+",90940382,91019497,90849600,91057600,"B3-c-9",FALSE,FALSE,NA,FALSE,"chr2",91004550,91004650,91004600,1493,"+",0,FALSE,FALSE,TRUE,"intronic_same",90940382,64218,FALSE,18,81.17,FALSE,"disruption"
"Celf1","13046","chr2","+",90940382,91019497,90849600,91057600,"N-B02",TRUE,FALSE,NA,FALSE,"chr2",91010850,91010950,91010900,623,"+",0,FALSE,FALSE,TRUE,"intronic_same",90940382,70518,FALSE,25,89.13,FALSE,"disruption"
"Celf1","13046","chr2","+",90940382,91019497,90849600,91057600,"N3-2-36",TRUE,FALSE,NA,FALSE,"chr2",91010950,91011050,91011000,5012,"-",0,FALSE,FALSE,FALSE,"intronic_opposite",90940382,70618,FALSE,25,89.26,FALSE,"disruption"
"Celf1","13046","chr2","+",90940382,91019497,90849600,91057600,"B3-c-32",TRUE,FALSE,NA,FALSE,"chr2",91010950,91011050,91011000,11908,"-",0,FALSE,FALSE,FALSE,"intronic_opposite",90940382,70618,FALSE,25,89.26,FALSE,"disruption"
"Celf1","13046","chr2","+",90940382,91019497,90849600,91057600,"B3-2-36",TRUE,FALSE,NA,FALSE,"chr2",91010950,91011050,91011000,9677,"-",0,FALSE,FALSE,FALSE,"intronic_opposite",90940382,70618,FALSE,25,89.26,FALSE,"disruption"
"Celf1","13046","chr2","+",90940382,91019497,90849600,91057600,"N3-2-36",TRUE,FALSE,NA,FALSE,"chr2",91013750,91013850,91013800,2667,"-",0,FALSE,TRUE,FALSE,"exonic_opposite",90940382,73418,FALSE,NA,92.8,FALSE,"disruption"
"Celf1","13046","chr2","+",90940382,91019497,90849600,91057600,"B3-2-36",TRUE,FALSE,NA,FALSE,"chr2",91013750,91013850,91013800,1995,"-",0,FALSE,TRUE,FALSE,"exonic_opposite",90940382,73418,FALSE,NA,92.8,FALSE,"disruption"
"Cep95","320162","chr11","+",106789252,106819930,106828100,107095100,"B-2-26",TRUE,TRUE,"CMZ347",TRUE,"chr11",106828050,106828150,106828100,7087,"-",8170,TRUE,FALSE,FALSE,"distant",106789252,38848,FALSE,NA,126.63,FALSE,"disruption"
"Cep95","320162","chr11","+",106789252,106819930,106828100,107095100,"B-2-23",FALSE,FALSE,NA,FALSE,"chr11",106862350,106862450,106862400,384,"+",42470,TRUE,FALSE,TRUE,"distant",106789252,73148,FALSE,NA,238.44,FALSE,"disruption"
"Cep95","320162","chr11","+",106789252,106819930,106828100,107095100,"B-B04",TRUE,TRUE,"CMZ108",FALSE,"chr11",106867150,106867250,106867200,2504,"+",47270,TRUE,FALSE,TRUE,"distant",106789252,77948,FALSE,NA,254.08,FALSE,"disruption"
"Cep95","320162","chr11","+",106789252,106819930,106828100,107095100,"B3-1-5",TRUE,TRUE,"CMZ108",FALSE,"chr11",106867150,106867250,106867200,1243,"+",47270,TRUE,FALSE,TRUE,"distant",106789252,77948,FALSE,NA,254.08,FALSE,"disruption"
"Cep95","320162","chr11","+",106789252,106819930,106828100,107095100,"N-A10",FALSE,TRUE,"CMZ184",FALSE,"chr11",106884950,106885050,106885000,412,"-",65070,TRUE,FALSE,FALSE,"distant",106789252,95748,FALSE,NA,312.11,FALSE,"disruption"
"Cep95","320162","chr11","+",106789252,106819930,106828100,107095100,"N3-c-10",TRUE,FALSE,NA,FALSE,"chr11",106885550,106885650,106885600,4032,"-",65670,TRUE,FALSE,FALSE,"distant",106789252,96348,FALSE,NA,314.06,FALSE,"disruption"
"Cep95","320162","chr11","+",106789252,106819930,106828100,107095100,"N3-c-10",TRUE,FALSE,NA,FALSE,"chr11",106892350,106892450,106892400,15043,"+",72470,TRUE,FALSE,TRUE,"distant",106789252,103148,FALSE,NA,336.23,FALSE,"disruption"
"Cep95","320162","chr11","+",106789252,106819930,106828100,107095100,"B3-c-10",TRUE,FALSE,NA,FALSE,"chr11",106893050,106893150,106893100,2414,"+",73170,TRUE,FALSE,TRUE,"distant",106789252,103848,FALSE,NA,338.51,FALSE,"disruption"
"Cep95","320162","chr11","+",106789252,106819930,106828100,107095100,"N3-2-22",TRUE,TRUE,"CMZ347",TRUE,"chr11",106906150,106906250,106906200,3208,"+",86270,TRUE,FALSE,TRUE,"distant",106789252,116948,FALSE,NA,381.21,FALSE,"disruption"
"Cep95","320162","chr11","+",106789252,106819930,106828100,107095100,"B3-c-28",FALSE,FALSE,NA,FALSE,"chr11",106915050,106915150,106915100,853,"+",95170,TRUE,FALSE,TRUE,"distant",106789252,125848,FALSE,NA,410.22,FALSE,"disruption"
"Cep95","320162","chr11","+",106789252,106819930,106828100,107095100,"B3-c-10",TRUE,FALSE,NA,FALSE,"chr11",106941250,106941350,106941300,1181,"-",121370,TRUE,FALSE,FALSE,"distant",106789252,152048,FALSE,NA,495.63,FALSE,"disruption"
"Cep95","320162","chr11","+",106789252,106819930,106828100,107095100,"B-A05",FALSE,TRUE,"CMZ109",FALSE,"chr11",106993150,106993250,106993200,647,"-",173270,TRUE,FALSE,FALSE,"distant",106789252,203948,FALSE,NA,664.8,FALSE,"disruption"
"Cep95","320162","chr11","+",106789252,106819930,106828100,107095100,"B3-11",FALSE,FALSE,NA,FALSE,"chr11",107001650,107001750,107001700,5577,"+",181770,TRUE,FALSE,TRUE,"distant",106789252,212448,FALSE,NA,692.51,FALSE,"disruption"
"Cep95","320162","chr11","+",106789252,106819930,106828100,107095100,"B3-8",FALSE,FALSE,NA,FALSE,"chr11",107001650,107001750,107001700,1592,"+",181770,TRUE,FALSE,TRUE,"distant",106789252,212448,FALSE,NA,692.51,FALSE,"disruption"
"Cep95","320162","chr11","+",106789252,106819930,106828100,107095100,"N-B07",TRUE,TRUE,"CMZ107",FALSE,"chr11",107030750,107030850,107030800,5632,"+",210870,TRUE,FALSE,TRUE,"distant",106789252,241548,FALSE,NA,787.37,FALSE,"disruption"
"Cep95","320162","chr11","+",106789252,106819930,106828100,107095100,"B-1-2",TRUE,TRUE,"CMZ346",FALSE,"chr11",107045150,107045250,107045200,262,"-",225270,TRUE,FALSE,FALSE,"distant",106789252,255948,FALSE,NA,834.3,FALSE,"disruption"
"Cep95","320162","chr11","+",106789252,106819930,106828100,107095100,"N3-14",FALSE,FALSE,NA,FALSE,"chr11",107056150,107056250,107056200,2791,"-",236270,TRUE,FALSE,FALSE,"distant",106789252,266948,FALSE,NA,870.16,FALSE,"disruption"
"Cep95","320162","chr11","+",106789252,106819930,106828100,107095100,"B3-13",FALSE,FALSE,NA,FALSE,"chr11",107068150,107068250,107068200,1111,"+",248270,TRUE,FALSE,TRUE,"distant",106789252,278948,FALSE,NA,909.28,FALSE,"disruption"
"Cep95","320162","chr11","+",106789252,106819930,106828100,107095100,"N-B02",TRUE,FALSE,NA,FALSE,"chr11",107084850,107084950,107084900,232,"+",264970,TRUE,FALSE,TRUE,"distant",106789252,295648,FALSE,NA,963.71,FALSE,"disruption"
"Cep95","320162","chr11","+",106789252,106819930,106828100,107095100,"N3-2",FALSE,FALSE,NA,FALSE,"chr11",107087250,107087350,107087300,1333,"-",267370,TRUE,FALSE,FALSE,"distant",106789252,298048,FALSE,NA,971.54,FALSE,"disruption"
"Cga","12640","chr4","+",34893779,34907370,34856900,34873900,"N3-c-28",FALSE,FALSE,NA,FALSE,"chr4",34856850,34856950,34856900,2701,"-",36879,TRUE,FALSE,FALSE,"distant",34893779,-36879,FALSE,NA,-271.35,FALSE,"disruption"
"Cga","12640","chr4","+",34893779,34907370,34856900,34873900,"B-A01",TRUE,TRUE,"CMZ110,CMZ355",FALSE,"chr4",34862350,34862450,34862400,17579,"-",31379,TRUE,FALSE,FALSE,"distant",34893779,-31379,FALSE,NA,-230.88,FALSE,"disruption"
"Cga","12640","chr4","+",34893779,34907370,34856900,34873900,"N3-1",FALSE,FALSE,NA,FALSE,"chr4",34864250,34864350,34864300,6754,"-",29479,TRUE,FALSE,FALSE,"distant",34893779,-29479,FALSE,NA,-216.9,FALSE,"disruption"
"Cga","12640","chr4","+",34893779,34907370,34856900,34873900,"B3-1",FALSE,FALSE,NA,FALSE,"chr4",34864250,34864350,34864300,9031,"-",29479,TRUE,FALSE,FALSE,"distant",34893779,-29479,FALSE,NA,-216.9,FALSE,"disruption"
"Cga","12640","chr4","+",34893779,34907370,34856900,34873900,"N-A01",TRUE,TRUE,"CMZ110,CMZ355",FALSE,"chr4",34868350,34868450,34868400,10703,"-",25379,TRUE,FALSE,FALSE,"distant",34893779,-25379,FALSE,NA,-186.73,FALSE,"disruption"
"Cga","12640","chr4","+",34893779,34907370,34856900,34873900,"B-A01",TRUE,TRUE,"CMZ110,CMZ355",FALSE,"chr4",34868350,34868450,34868400,16167,"-",25379,TRUE,FALSE,FALSE,"distant",34893779,-25379,FALSE,NA,-186.73,FALSE,"disruption"
"Chchd1","66121","chr14","+",20703006,20704425,20679500,20749500,"N-B05",FALSE,FALSE,NA,FALSE,"chr14",20679450,20679550,20679500,8596,"-",23506,TRUE,FALSE,FALSE,"distant",20703006,-23506,FALSE,NA,-1656.52,FALSE,"disruption"
"Chchd1","66121","chr14","+",20703006,20704425,20679500,20749500,"B-B05",FALSE,FALSE,NA,FALSE,"chr14",20679450,20679550,20679500,7396,"-",23506,TRUE,FALSE,FALSE,"distant",20703006,-23506,FALSE,NA,-1656.52,FALSE,"disruption"
"Chchd1","66121","chr14","+",20703006,20704425,20679500,20749500,"B3-5",FALSE,FALSE,NA,FALSE,"chr14",20692250,20692350,20692300,214,"+",10706,TRUE,FALSE,TRUE,"distant",20703006,-10706,FALSE,NA,-754.47,FALSE,"disruption"
"Chchd1","66121","chr14","+",20703006,20704425,20679500,20749500,"B3-c-10",TRUE,FALSE,NA,FALSE,"chr14",20700450,20700550,20700500,1869,"+",2506,TRUE,FALSE,TRUE,"distant",20703006,-2506,FALSE,NA,-176.6,FALSE,"disruption"
"Chchd1","66121","chr14","+",20703006,20704425,20679500,20749500,"N3-c-14",FALSE,FALSE,NA,FALSE,"chr14",20700650,20700750,20700700,591,"-",2306,TRUE,FALSE,FALSE,"distant",20703006,-2306,FALSE,NA,-162.51,FALSE,"disruption"
"Chchd1","66121","chr14","+",20703006,20704425,20679500,20749500,"B3-c-14",FALSE,FALSE,NA,FALSE,"chr14",20700650,20700750,20700700,3336,"-",2306,TRUE,FALSE,FALSE,"distant",20703006,-2306,FALSE,NA,-162.51,FALSE,"disruption"
"Chchd1","66121","chr14","+",20703006,20704425,20679500,20749500,"N3-c-14",FALSE,FALSE,NA,FALSE,"chr14",20701050,20701150,20701100,3718,"-",1906,FALSE,FALSE,FALSE,"intronic_opposite",20703006,-1906,FALSE,NA,-134.32,FALSE,"disruption"
"Chchd1","66121","chr14","+",20703006,20704425,20679500,20749500,"N-2-25",FALSE,TRUE,"CMZ349",FALSE,"chr14",20720650,20720750,20720700,18994,"-",16275,TRUE,FALSE,FALSE,"distant",20703006,17694,FALSE,NA,1246.93,FALSE,"disruption"
"Chchd1","66121","chr14","+",20703006,20704425,20679500,20749500,"B-2-25",FALSE,TRUE,"CMZ349",FALSE,"chr14",20720650,20720750,20720700,5768,"-",16275,TRUE,FALSE,FALSE,"distant",20703006,17694,FALSE,NA,1246.93,FALSE,"disruption"
"Chd6","71389","chr2","-",160946978,161109075,161035000,161105000,"N-B03",FALSE,TRUE,"CMZ183",FALSE,"chr2",161034950,161035050,161035000,5445,"+",0,FALSE,FALSE,TRUE,"intronic_same",161109075,74075,FALSE,10,45.7,FALSE,"disruption"
"Chd6","71389","chr2","-",160946978,161109075,161035000,161105000,"B-A01",TRUE,TRUE,"CMZ110,CMZ355",FALSE,"chr2",161053650,161053750,161053700,1177,"-",0,FALSE,FALSE,FALSE,"intronic_opposite",161109075,55375,FALSE,4,34.16,FALSE,"disruption"
"Chd6","71389","chr2","-",160946978,161109075,161035000,161105000,"N-A01",TRUE,TRUE,"CMZ110,CMZ355",FALSE,"chr2",161071850,161071950,161071900,3729,"+",0,FALSE,FALSE,TRUE,"intronic_same",161109075,37175,FALSE,3,22.93,TRUE,"activation"
"Chd6","71389","chr2","-",160946978,161109075,161035000,161105000,"N-B02",TRUE,FALSE,NA,FALSE,"chr2",161080250,161080350,161080300,241,"-",0,FALSE,FALSE,FALSE,"intronic_opposite",161109075,28775,FALSE,3,17.75,FALSE,"disruption"
"Chd6","71389","chr2","-",160946978,161109075,161035000,161105000,"B3-9",FALSE,FALSE,NA,FALSE,"chr2",161092650,161092750,161092700,2812,"+",0,FALSE,FALSE,TRUE,"intronic_same",161109075,16375,FALSE,3,10.1,TRUE,"activation"
"Chd6","71389","chr2","-",160946978,161109075,161035000,161105000,"N3-9",FALSE,FALSE,NA,FALSE,"chr2",161092650,161092750,161092700,3185,"+",0,FALSE,FALSE,TRUE,"intronic_same",161109075,16375,FALSE,3,10.1,TRUE,"activation"
"Chd6","71389","chr2","-",160946978,161109075,161035000,161105000,"N3-1-11",TRUE,FALSE,NA,FALSE,"chr2",161098650,161098750,161098700,4337,"+",0,FALSE,FALSE,TRUE,"intronic_same",161109075,10375,FALSE,3,6.4,TRUE,"activation"
"Chd6","71389","chr2","-",160946978,161109075,161035000,161105000,"N3-12",FALSE,FALSE,NA,FALSE,"chr2",161102450,161102550,161102500,1336,"-",0,FALSE,FALSE,FALSE,"intronic_opposite",161109075,6575,FALSE,3,4.06,FALSE,"disruption"
"Cltc","67300","chr11","-",86694351,86757565,86693000,86763000,"B-2-25",FALSE,TRUE,"CMZ349",FALSE,"chr11",86692950,86693050,86693000,25018,"+",1351,FALSE,FALSE,TRUE,"intronic_same",86757565,64565,FALSE,NA,102.14,FALSE,"disruption"
"Cltc","67300","chr11","-",86694351,86757565,86693000,86763000,"N-1-7",FALSE,FALSE,NA,FALSE,"chr11",86711250,86711350,86711300,104,"+",0,FALSE,FALSE,TRUE,"intronic_same",86757565,46265,FALSE,23,73.19,FALSE,"disruption"
"Cltc","67300","chr11","-",86694351,86757565,86693000,86763000,"B3-3",FALSE,FALSE,NA,FALSE,"chr11",86728950,86729050,86729000,1305,"+",0,FALSE,FALSE,TRUE,"intronic_same",86757565,28565,FALSE,8,45.19,FALSE,"disruption"
"Cltc","67300","chr11","-",86694351,86757565,86693000,86763000,"B-A04",FALSE,TRUE,"CMZ101",FALSE,"chr11",86735650,86735750,86735700,21263,"+",0,FALSE,FALSE,TRUE,"intronic_same",86757565,21865,FALSE,4,34.59,FALSE,"disruption"
"Cltc","67300","chr11","-",86694351,86757565,86693000,86763000,"N-A04",FALSE,TRUE,"CMZ101",FALSE,"chr11",86735650,86735750,86735700,2360,"+",0,FALSE,FALSE,TRUE,"intronic_same",86757565,21865,FALSE,4,34.59,FALSE,"disruption"
"Cltc","67300","chr11","-",86694351,86757565,86693000,86763000,"B-2-26",TRUE,TRUE,"CMZ347",FALSE,"chr11",86739250,86739350,86739300,1961,"-",0,FALSE,FALSE,FALSE,"intronic_opposite",86757565,18265,FALSE,2,28.89,FALSE,"disruption"
"Cltc","67300","chr11","-",86694351,86757565,86693000,86763000,"N3-4",FALSE,FALSE,NA,FALSE,"chr11",86743450,86743550,86743500,2372,"-",0,FALSE,FALSE,FALSE,"intronic_opposite",86757565,14065,FALSE,2,22.25,FALSE,"disruption"
"Cltc","67300","chr11","-",86694351,86757565,86693000,86763000,"B3-4",FALSE,FALSE,NA,FALSE,"chr11",86743450,86743550,86743500,7073,"-",0,FALSE,FALSE,FALSE,"intronic_opposite",86757565,14065,FALSE,2,22.25,FALSE,"disruption"
"Cltc","67300","chr11","-",86694351,86757565,86693000,86763000,"N-B11",TRUE,TRUE,"CMZ105",FALSE,"chr11",86748350,86748450,86748400,4048,"+",0,FALSE,FALSE,TRUE,"intronic_same",86757565,9165,FALSE,2,14.5,TRUE,"activation"
"Cltc","67300","chr11","-",86694351,86757565,86693000,86763000,"B3-c-9",FALSE,FALSE,NA,FALSE,"chr11",86753950,86754050,86754000,1777,"-",0,FALSE,FALSE,FALSE,"intronic_opposite",86757565,3565,FALSE,2,5.64,FALSE,"disruption"
"Cmip","74440","chr8","+",117257064,117459430,117180700,117447700,"N3-12",FALSE,FALSE,NA,FALSE,"chr8",117180650,117180750,117180700,2375,"-",76364,TRUE,FALSE,FALSE,"distant",117257064,-76364,FALSE,NA,-37.74,FALSE,"disruption"
"Cmip","74440","chr8","+",117257064,117459430,117180700,117447700,"N-A05",FALSE,TRUE,"CMZ109",FALSE,"chr8",117192650,117192750,117192700,246,"+",64364,TRUE,FALSE,TRUE,"distant",117257064,-64364,FALSE,NA,-31.81,FALSE,"disruption"
"Cmip","74440","chr8","+",117257064,117459430,117180700,117447700,"B-A05",FALSE,TRUE,"CMZ109",FALSE,"chr8",117207250,117207350,117207300,3370,"-",49764,TRUE,FALSE,FALSE,"distant",117257064,-49764,FALSE,NA,-24.59,FALSE,"disruption"
"Cmip","74440","chr8","+",117257064,117459430,117180700,117447700,"B-1-2",TRUE,TRUE,"CMZ346",FALSE,"chr8",117225150,117225250,117225200,1205,"+",31864,TRUE,FALSE,TRUE,"distant",117257064,-31864,FALSE,NA,-15.75,FALSE,"disruption"
"Cmip","74440","chr8","+",117257064,117459430,117180700,117447700,"N-1-2",TRUE,TRUE,"CMZ346",FALSE,"chr8",117225150,117225250,117225200,567,"+",31864,TRUE,FALSE,TRUE,"distant",117257064,-31864,FALSE,NA,-15.75,FALSE,"disruption"
"Cmip","74440","chr8","+",117257064,117459430,117180700,117447700,"N-A10",FALSE,TRUE,"CMZ184",FALSE,"chr8",117283150,117283250,117283200,711,"-",0,FALSE,FALSE,FALSE,"intronic_opposite",117257064,26136,FALSE,2,12.92,FALSE,"disruption"
"Cmip","74440","chr8","+",117257064,117459430,117180700,117447700,"N3-16",FALSE,FALSE,NA,FALSE,"chr8",117285550,117285650,117285600,5893,"-",0,FALSE,FALSE,FALSE,"intronic_opposite",117257064,28536,FALSE,2,14.1,FALSE,"disruption"
"Cmip","74440","chr8","+",117257064,117459430,117180700,117447700,"N3-4",FALSE,FALSE,NA,FALSE,"chr8",117285550,117285650,117285600,10562,"-",0,FALSE,FALSE,FALSE,"intronic_opposite",117257064,28536,FALSE,2,14.1,FALSE,"disruption"
"Cmip","74440","chr8","+",117257064,117459430,117180700,117447700,"B3-16",FALSE,FALSE,NA,FALSE,"chr8",117285550,117285650,117285600,12144,"-",0,FALSE,FALSE,FALSE,"intronic_opposite",117257064,28536,FALSE,2,14.1,FALSE,"disruption"
"Cmip","74440","chr8","+",117257064,117459430,117180700,117447700,"B3-4",FALSE,FALSE,NA,FALSE,"chr8",117285550,117285650,117285600,19875,"-",0,FALSE,FALSE,FALSE,"intronic_opposite",117257064,28536,FALSE,2,14.1,FALSE,"disruption"
"Cmip","74440","chr8","+",117257064,117459430,117180700,117447700,"N-B10",FALSE,FALSE,NA,FALSE,"chr8",117294750,117294850,117294800,410,"+",0,FALSE,FALSE,TRUE,"intronic_same",117257064,37736,FALSE,2,18.65,TRUE,"activation"
"Cmip","74440","chr8","+",117257064,117459430,117180700,117447700,"N-1-2",TRUE,TRUE,"CMZ346",FALSE,"chr8",117342550,117342650,117342600,255,"-",0,FALSE,FALSE,FALSE,"intronic_opposite",117257064,85536,FALSE,2,42.27,FALSE,"disruption"
"Cmip","74440","chr8","+",117257064,117459430,117180700,117447700,"B-1-2",TRUE,TRUE,"CMZ346",FALSE,"chr8",117342550,117342650,117342600,340,"-",0,FALSE,FALSE,FALSE,"intronic_opposite",117257064,85536,FALSE,2,42.27,FALSE,"disruption"
"Cmip","74440","chr8","+",117257064,117459430,117180700,117447700,"N3-1-5",TRUE,TRUE,"CMZ108",FALSE,"chr8",117369450,117369550,117369500,4637,"-",0,FALSE,FALSE,FALSE,"intronic_opposite",117257064,112436,FALSE,3,55.56,FALSE,"disruption"
"Cmip","74440","chr8","+",117257064,117459430,117180700,117447700,"N-B04",TRUE,TRUE,"CMZ108",FALSE,"chr8",117369450,117369550,117369500,2140,"-",0,FALSE,FALSE,FALSE,"intronic_opposite",117257064,112436,FALSE,3,55.56,FALSE,"disruption"
"Cmip","74440","chr8","+",117257064,117459430,117180700,117447700,"B3-1-5",TRUE,TRUE,"CMZ108",FALSE,"chr8",117369450,117369550,117369500,17177,"-",0,FALSE,FALSE,FALSE,"intronic_opposite",117257064,112436,FALSE,3,55.56,FALSE,"disruption"
"Cmip","74440","chr8","+",117257064,117459430,117180700,117447700,"B-B04",TRUE,TRUE,"CMZ108",FALSE,"chr8",117369450,117369550,117369500,16311,"-",0,FALSE,FALSE,FALSE,"intronic_opposite",117257064,112436,FALSE,3,55.56,FALSE,"disruption"
"Cmip","74440","chr8","+",117257064,117459430,117180700,117447700,"B-1-10",FALSE,FALSE,NA,FALSE,"chr8",117396350,117396450,117396400,56,"-",0,FALSE,FALSE,FALSE,"intronic_opposite",117257064,139336,FALSE,5,68.85,FALSE,"disruption"
"Cmip","74440","chr8","+",117257064,117459430,117180700,117447700,"B3-5",FALSE,FALSE,NA,FALSE,"chr8",117410350,117410450,117410400,262,"+",0,FALSE,FALSE,TRUE,"intronic_same",117257064,153336,FALSE,5,75.77,FALSE,"disruption"
"Cmip","74440","chr8","+",117257064,117459430,117180700,117447700,"N-A02",FALSE,TRUE,"CMZ181",FALSE,"chr8",117424150,117424250,117424200,853,"+",0,FALSE,TRUE,TRUE,"exonic_same",117257064,167136,FALSE,NA,82.59,FALSE,"disruption"
"Cmip","74440","chr8","+",117257064,117459430,117180700,117447700,"N-B08",TRUE,TRUE,"CMZ106",FALSE,"chr8",117440950,117441050,117441000,263,"+",0,FALSE,FALSE,TRUE,"intronic_same",117257064,183936,FALSE,13,90.89,FALSE,"disruption"
"Cnot1","234594","chr8","-",95719451,95807464,95746500,95785500,"N-A05",FALSE,TRUE,"CMZ109",FALSE,"chr8",95746450,95746550,95746500,447,"+",0,FALSE,FALSE,TRUE,"intronic_same",95807464,60964,FALSE,40,69.27,FALSE,"disruption"
"Cnot1","234594","chr8","-",95719451,95807464,95746500,95785500,"N3-7",FALSE,FALSE,NA,FALSE,"chr8",95753050,95753150,95753100,1501,"-",0,FALSE,TRUE,FALSE,"exonic_opposite",95807464,54364,FALSE,NA,61.77,FALSE,"disruption"
"Cnot1","234594","chr8","-",95719451,95807464,95746500,95785500,"B3-4",FALSE,FALSE,NA,FALSE,"chr8",95774850,95774950,95774900,2712,"+",0,FALSE,FALSE,TRUE,"intronic_same",95807464,32564,FALSE,8,37,FALSE,"disruption"
"Cnot1","234594","chr8","-",95719451,95807464,95746500,95785500,"B-A07",FALSE,TRUE,"CMZ182,CMZ357",FALSE,"chr8",95775150,95775250,95775200,21100,"+",0,FALSE,FALSE,TRUE,"intronic_same",95807464,32264,FALSE,8,36.66,FALSE,"disruption"
"Cnot1","234594","chr8","-",95719451,95807464,95746500,95785500,"N-A07",FALSE,TRUE,"CMZ182,CMZ357",FALSE,"chr8",95775150,95775250,95775200,1639,"+",0,FALSE,FALSE,TRUE,"intronic_same",95807464,32264,FALSE,8,36.66,FALSE,"disruption"
"Cnot1","234594","chr8","-",95719451,95807464,95746500,95785500,"B3-4",FALSE,FALSE,NA,FALSE,"chr8",95776850,95776950,95776900,8028,"+",0,FALSE,FALSE,TRUE,"intronic_same",95807464,30564,FALSE,7,34.73,FALSE,"disruption"
"Cnot1","234594","chr8","-",95719451,95807464,95746500,95785500,"B3-16",FALSE,FALSE,NA,FALSE,"chr8",95776850,95776950,95776900,5332,"+",0,FALSE,FALSE,TRUE,"intronic_same",95807464,30564,FALSE,7,34.73,FALSE,"disruption"
"Cnot1","234594","chr8","-",95719451,95807464,95746500,95785500,"B3-2-22",TRUE,TRUE,"CMZ347",FALSE,"chr8",95777950,95778050,95778000,1726,"+",0,FALSE,FALSE,TRUE,"intronic_same",95807464,29464,FALSE,7,33.48,FALSE,"disruption"
"Cnot1","234594","chr8","-",95719451,95807464,95746500,95785500,"N3-2-22",TRUE,TRUE,"CMZ347",FALSE,"chr8",95777950,95778050,95778000,9155,"+",0,FALSE,FALSE,TRUE,"intronic_same",95807464,29464,FALSE,7,33.48,FALSE,"disruption"
"Cnot1","234594","chr8","-",95719451,95807464,95746500,95785500,"N3-2-22",TRUE,TRUE,"CMZ347",FALSE,"chr8",95780050,95780150,95780100,1778,"-",0,FALSE,FALSE,FALSE,"intronic_opposite",95807464,27364,FALSE,7,31.09,FALSE,"disruption"
"Cplx1","12889","chr5","-",108518554,108550024,108462200,108571200,"B-1-2",TRUE,TRUE,"CMZ346",FALSE,"chr5",108462150,108462250,108462200,310,"+",56354,TRUE,FALSE,TRUE,"distant",108550024,87824,FALSE,NA,279.07,FALSE,"disruption"
"Cplx1","12889","chr5","-",108518554,108550024,108462200,108571200,"N-2-12",FALSE,TRUE,"CMZ354",FALSE,"chr5",108464250,108464350,108464300,3516,"+",54254,TRUE,FALSE,TRUE,"distant",108550024,85724,FALSE,NA,272.4,FALSE,"disruption"
"Cplx1","12889","chr5","-",108518554,108550024,108462200,108571200,"N3-1-11",TRUE,FALSE,NA,FALSE,"chr5",108468950,108469050,108469000,1410,"+",49554,TRUE,FALSE,TRUE,"distant",108550024,81024,FALSE,NA,257.46,FALSE,"disruption"
"Cplx1","12889","chr5","-",108518554,108550024,108462200,108571200,"B3-12",FALSE,FALSE,NA,FALSE,"chr5",108501850,108501950,108501900,525,"-",16654,TRUE,FALSE,FALSE,"distant",108550024,48124,FALSE,NA,152.92,FALSE,"disruption"
"Cplx1","12889","chr5","-",108518554,108550024,108462200,108571200,"N-A04",FALSE,TRUE,"CMZ101",FALSE,"chr5",108503750,108503850,108503800,929,"-",14754,TRUE,FALSE,FALSE,"distant",108550024,46224,FALSE,NA,146.88,FALSE,"disruption"
"Cplx1","12889","chr5","-",108518554,108550024,108462200,108571200,"N3-15",FALSE,FALSE,NA,FALSE,"chr5",108564950,108565050,108565000,621,"-",14976,TRUE,FALSE,FALSE,"distant",108550024,-14976,FALSE,NA,-47.59,FALSE,"disruption"
"Cplx1","12889","chr5","-",108518554,108550024,108462200,108571200,"N-A11",FALSE,TRUE,"CMZ103",FALSE,"chr5",108570950,108571050,108571000,2463,"-",20976,TRUE,FALSE,FALSE,"distant",108550024,-20976,FALSE,NA,-66.65,FALSE,"disruption"
"Cplx1","12889","chr5","-",108518554,108550024,108462200,108571200,"B-A11",FALSE,TRUE,"CMZ103",FALSE,"chr5",108570950,108571050,108571000,2029,"-",20976,TRUE,FALSE,FALSE,"distant",108550024,-20976,FALSE,NA,-66.65,FALSE,"disruption"
"Cpsf6","432508","chr10","-",117344673,117380015,117339600,117378600,"N3-8",FALSE,FALSE,NA,FALSE,"chr10",117339550,117339650,117339600,9882,"-",5073,TRUE,FALSE,FALSE,"distant",117380015,40415,FALSE,NA,114.35,FALSE,"disruption"
"Cpsf6","432508","chr10","-",117344673,117380015,117339600,117378600,"B3-7",FALSE,FALSE,NA,FALSE,"chr10",117346150,117346250,117346200,624,"+",0,FALSE,TRUE,TRUE,"exonic_same",117380015,33815,FALSE,NA,95.68,FALSE,"disruption"
"Cpsf6","432508","chr10","-",117344673,117380015,117339600,117378600,"B-B09",TRUE,TRUE,"CMZ104",FALSE,"chr10",117348650,117348750,117348700,4545,"-",0,FALSE,TRUE,FALSE,"exonic_opposite",117380015,31315,FALSE,NA,88.61,FALSE,"disruption"
"Cpsf6","432508","chr10","-",117344673,117380015,117339600,117378600,"B-A10",FALSE,TRUE,"CMZ184",FALSE,"chr10",117358250,117358350,117358300,2708,"+",0,FALSE,FALSE,TRUE,"intronic_same",117380015,21715,FALSE,21,61.44,FALSE,"disruption"
"Cpsf6","432508","chr10","-",117344673,117380015,117339600,117378600,"N-B10",FALSE,FALSE,NA,FALSE,"chr10",117368550,117368650,117368600,1123,"-",0,FALSE,FALSE,FALSE,"intronic_opposite",117380015,11415,FALSE,6,32.3,FALSE,"disruption"
"Cpsf6","432508","chr10","-",117344673,117380015,117339600,117378600,"B-B10",FALSE,FALSE,NA,FALSE,"chr10",117368550,117368650,117368600,6999,"-",0,FALSE,FALSE,FALSE,"intronic_opposite",117380015,11415,FALSE,6,32.3,FALSE,"disruption"
"Cpsf6","432508","chr10","-",117344673,117380015,117339600,117378600,"B-1-10",FALSE,FALSE,NA,FALSE,"chr10",117372950,117373050,117373000,44,"-",0,FALSE,FALSE,FALSE,"intronic_opposite",117380015,7015,FALSE,6,19.85,FALSE,"disruption"
"Crkl","12929","chr16","+",17451987,17487434,17461100,17500100,"N3-c-28",FALSE,FALSE,NA,FALSE,"chr16",17461050,17461150,17461100,12598,"-",0,FALSE,FALSE,FALSE,"intronic_opposite",17451987,9113,FALSE,5,25.71,FALSE,"disruption"
"Crkl","12929","chr16","+",17451987,17487434,17461100,17500100,"B3-c-28",FALSE,FALSE,NA,FALSE,"chr16",17463150,17463250,17463200,1109,"-",0,FALSE,FALSE,FALSE,"intronic_opposite",17451987,11213,FALSE,5,31.63,FALSE,"disruption"
"Crkl","12929","chr16","+",17451987,17487434,17461100,17500100,"N3-c-14",FALSE,FALSE,NA,FALSE,"chr16",17466050,17466150,17466100,2199,"+",0,FALSE,FALSE,TRUE,"intronic_same",17451987,14113,FALSE,5,39.81,FALSE,"disruption"
"Crkl","12929","chr16","+",17451987,17487434,17461100,17500100,"B3-8",FALSE,FALSE,NA,FALSE,"chr16",17470750,17470850,17470800,6650,"-",0,FALSE,FALSE,FALSE,"intronic_opposite",17451987,18813,FALSE,7,53.07,FALSE,"disruption"
"Crkl","12929","chr16","+",17451987,17487434,17461100,17500100,"N3-8",FALSE,FALSE,NA,FALSE,"chr16",17470850,17470950,17470900,2278,"-",0,FALSE,FALSE,FALSE,"intronic_opposite",17451987,18913,FALSE,7,53.36,FALSE,"disruption"
"Crkl","12929","chr16","+",17451987,17487434,17461100,17500100,"N3-3",FALSE,FALSE,NA,FALSE,"chr16",17480050,17480150,17480100,569,"+",0,FALSE,FALSE,TRUE,"intronic_same",17451987,28113,FALSE,7,79.31,FALSE,"disruption"
"Crkl","12929","chr16","+",17451987,17487434,17461100,17500100,"B3-2-22",TRUE,TRUE,"CMZ347",FALSE,"chr16",17485650,17485750,17485700,2731,"+",0,FALSE,TRUE,TRUE,"exonic_same",17451987,33713,FALSE,NA,95.11,FALSE,"disruption"
"Crkl","12929","chr16","+",17451987,17487434,17461100,17500100,"N3-2-22",TRUE,TRUE,"CMZ347",FALSE,"chr16",17485650,17485750,17485700,11546,"+",0,FALSE,TRUE,TRUE,"exonic_same",17451987,33713,FALSE,NA,95.11,FALSE,"disruption"
"Csde1","229663","chr3","+",103020426,103058186,103023100,103040100,"N-A12",FALSE,FALSE,NA,FALSE,"chr3",103023050,103023150,103023100,919,"-",0,FALSE,FALSE,FALSE,"intronic_opposite",103020426,2674,FALSE,7,7.08,FALSE,"disruption"
"Csde1","229663","chr3","+",103020426,103058186,103023100,103040100,"B-A12",FALSE,FALSE,NA,FALSE,"chr3",103023050,103023150,103023100,1524,"-",0,FALSE,FALSE,FALSE,"intronic_opposite",103020426,2674,FALSE,7,7.08,FALSE,"disruption"
"Csde1","229663","chr3","+",103020426,103058186,103023100,103040100,"N3-14",FALSE,FALSE,NA,FALSE,"chr3",103025250,103025350,103025300,1523,"+",0,FALSE,FALSE,TRUE,"intronic_same",103020426,4874,FALSE,7,12.91,TRUE,"activation"
"Csde1","229663","chr3","+",103020426,103058186,103023100,103040100,"N-B09",TRUE,TRUE,"CMZ104",FALSE,"chr3",103035350,103035450,103035400,5889,"-",0,FALSE,FALSE,FALSE,"intronic_opposite",103020426,14974,FALSE,10,39.66,FALSE,"disruption"
"Csde1","229663","chr3","+",103020426,103058186,103023100,103040100,"B3-7",FALSE,FALSE,NA,FALSE,"chr3",103035850,103035950,103035900,630,"-",0,FALSE,FALSE,FALSE,"intronic_opposite",103020426,15474,FALSE,10,40.98,FALSE,"disruption"
"Ctdspl2","329506","chr2","+",121956001,122013642,121959600,121976600,"B3-c-10",TRUE,FALSE,NA,FALSE,"chr2",121959550,121959650,121959600,9448,"+",0,FALSE,FALSE,TRUE,"intronic_same",121956001,3599,FALSE,6,6.24,TRUE,"activation"
"Ctdspl2","329506","chr2","+",121956001,122013642,121959600,121976600,"N3-c-10",TRUE,FALSE,NA,FALSE,"chr2",121959550,121959650,121959600,8228,"+",0,FALSE,FALSE,TRUE,"intronic_same",121956001,3599,FALSE,6,6.24,TRUE,"activation"
"Ctdspl2","329506","chr2","+",121956001,122013642,121959600,121976600,"N3-c-10",TRUE,FALSE,NA,FALSE,"chr2",121960150,121960250,121960200,5696,"-",0,FALSE,FALSE,FALSE,"intronic_opposite",121956001,4199,FALSE,6,7.28,FALSE,"disruption"
"Ctdspl2","329506","chr2","+",121956001,122013642,121959600,121976600,"B3-18",TRUE,FALSE,NA,FALSE,"chr2",121967250,121967350,121967300,4753,"+",0,FALSE,FALSE,TRUE,"intronic_same",121956001,11299,FALSE,6,19.6,TRUE,"activation"
"Ctdspl2","329506","chr2","+",121956001,122013642,121959600,121976600,"N3-18",TRUE,FALSE,NA,FALSE,"chr2",121967250,121967350,121967300,7088,"+",0,FALSE,FALSE,TRUE,"intronic_same",121956001,11299,FALSE,6,19.6,TRUE,"activation"
"Ctdspl2","329506","chr2","+",121956001,122013642,121959600,121976600,"B-A03",TRUE,TRUE,"CMZ111,CMZ356",FALSE,"chr2",121975850,121975950,121975900,4447,"-",0,FALSE,FALSE,FALSE,"intronic_opposite",121956001,19899,FALSE,8,34.52,FALSE,"disruption"
"Cul1","26965","chr6","+",47453398,47526139,47410000,47618000,"N3-6",TRUE,FALSE,NA,FALSE,"chr6",47409950,47410050,47410000,760,"+",43398,TRUE,FALSE,TRUE,"distant",47453398,-43398,FALSE,NA,-59.66,FALSE,"disruption"
"Cul1","26965","chr6","+",47453398,47526139,47410000,47618000,"B3-c-28",FALSE,FALSE,NA,FALSE,"chr6",47457150,47457250,47457200,574,"-",0,FALSE,FALSE,FALSE,"intronic_opposite",47453398,3802,FALSE,7,5.23,FALSE,"disruption"
"Cul1","26965","chr6","+",47453398,47526139,47410000,47618000,"B-1-10",FALSE,FALSE,NA,FALSE,"chr6",47463850,47463950,47463900,39,"-",0,FALSE,FALSE,FALSE,"intronic_opposite",47453398,10502,FALSE,7,14.44,FALSE,"disruption"
"Cul1","26965","chr6","+",47453398,47526139,47410000,47618000,"N-A02",FALSE,TRUE,"CMZ181",FALSE,"chr6",47469250,47469350,47469300,727,"+",0,FALSE,FALSE,TRUE,"intronic_same",47453398,15902,FALSE,7,21.86,FALSE,"disruption"
"Cul1","26965","chr6","+",47453398,47526139,47410000,47618000,"N3-1-5",TRUE,TRUE,"CMZ108",FALSE,"chr6",47485350,47485450,47485400,17094,"-",0,FALSE,FALSE,FALSE,"intronic_opposite",47453398,32002,FALSE,10,43.99,FALSE,"disruption"
"Cul1","26965","chr6","+",47453398,47526139,47410000,47618000,"N-B07",TRUE,TRUE,"CMZ107",FALSE,"chr6",47485350,47485450,47485400,4626,"-",0,FALSE,FALSE,FALSE,"intronic_opposite",47453398,32002,FALSE,10,43.99,FALSE,"disruption"
"Cul1","26965","chr6","+",47453398,47526139,47410000,47618000,"N-B04",TRUE,TRUE,"CMZ108",FALSE,"chr6",47485350,47485450,47485400,8656,"-",0,FALSE,FALSE,FALSE,"intronic_opposite",47453398,32002,FALSE,10,43.99,FALSE,"disruption"
"Cul1","26965","chr6","+",47453398,47526139,47410000,47618000,"B3-14",FALSE,FALSE,NA,FALSE,"chr6",47494150,47494250,47494200,433,"-",0,FALSE,FALSE,FALSE,"intronic_opposite",47453398,40802,FALSE,10,56.09,FALSE,"disruption"
"Cul1","26965","chr6","+",47453398,47526139,47410000,47618000,"B-2-21",FALSE,TRUE,"CMZ353",FALSE,"chr6",47511650,47511750,47511700,1047,"-",0,FALSE,FALSE,FALSE,"intronic_opposite",47453398,58302,FALSE,18,80.15,FALSE,"disruption"
"Cul1","26965","chr6","+",47453398,47526139,47410000,47618000,"B-B03",FALSE,TRUE,"CMZ183",FALSE,"chr6",47512450,47512550,47512500,11288,"+",0,FALSE,FALSE,TRUE,"intronic_same",47453398,59102,FALSE,18,81.25,FALSE,"disruption"
"Cul1","26965","chr6","+",47453398,47526139,47410000,47618000,"N-B03",FALSE,TRUE,"CMZ183",FALSE,"chr6",47512450,47512550,47512500,72591,"+",0,FALSE,FALSE,TRUE,"intronic_same",47453398,59102,FALSE,18,81.25,FALSE,"disruption"
"Cul1","26965","chr6","+",47453398,47526139,47410000,47618000,"N3-c-9",FALSE,FALSE,NA,FALSE,"chr6",47575250,47575350,47575300,8573,"-",49161,TRUE,FALSE,FALSE,"distant",47453398,121902,FALSE,NA,167.58,FALSE,"disruption"
"Cul1","26965","chr6","+",47453398,47526139,47410000,47618000,"B3-c-14",FALSE,FALSE,NA,FALSE,"chr6",47575250,47575350,47575300,1529,"-",49161,TRUE,FALSE,FALSE,"distant",47453398,121902,FALSE,NA,167.58,FALSE,"disruption"
"Cul1","26965","chr6","+",47453398,47526139,47410000,47618000,"B-2-15",FALSE,FALSE,NA,FALSE,"chr6",47584450,47584550,47584500,2197,"+",58361,TRUE,FALSE,TRUE,"distant",47453398,131102,FALSE,NA,180.23,FALSE,"disruption"
"Cul1","26965","chr6","+",47453398,47526139,47410000,47618000,"B-B04",TRUE,TRUE,"CMZ108",FALSE,"chr6",47586450,47586550,47586500,1720,"+",60361,TRUE,FALSE,TRUE,"distant",47453398,133102,FALSE,NA,182.98,FALSE,"disruption"
"Cul1","26965","chr6","+",47453398,47526139,47410000,47618000,"N-B10",FALSE,FALSE,NA,FALSE,"chr6",47616350,47616450,47616400,308,"-",90261,TRUE,FALSE,FALSE,"distant",47453398,163002,FALSE,NA,224.09,FALSE,"disruption"
"Cxxc5","67393","chr18","+",35829397,35861688,35556000,35823000,"N3-c-28",FALSE,FALSE,NA,FALSE,"chr18",35555950,35556050,35556000,1789,"-",273397,TRUE,FALSE,FALSE,"distant",35829397,-273397,FALSE,NA,-846.67,FALSE,"disruption"
"Cxxc5","67393","chr18","+",35829397,35861688,35556000,35823000,"B3-7",FALSE,FALSE,NA,FALSE,"chr18",35569650,35569750,35569700,1193,"+",259697,TRUE,FALSE,TRUE,"distant",35829397,-259697,FALSE,NA,-804.24,FALSE,"disruption"
"Cxxc5","67393","chr18","+",35829397,35861688,35556000,35823000,"B-A10",FALSE,TRUE,"CMZ184",FALSE,"chr18",35571650,35571750,35571700,4917,"+",257697,TRUE,FALSE,TRUE,"distant",35829397,-257697,FALSE,NA,-798.05,FALSE,"disruption"
"Cxxc5","67393","chr18","+",35829397,35861688,35556000,35823000,"N-A10",FALSE,TRUE,"CMZ184",FALSE,"chr18",35571650,35571750,35571700,1946,"+",257697,TRUE,FALSE,TRUE,"distant",35829397,-257697,FALSE,NA,-798.05,FALSE,"disruption"
"Cxxc5","67393","chr18","+",35829397,35861688,35556000,35823000,"B-A01",TRUE,TRUE,"CMZ110,CMZ355",FALSE,"chr18",35576150,35576250,35576200,3214,"+",253197,TRUE,FALSE,TRUE,"distant",35829397,-253197,FALSE,NA,-784.11,FALSE,"disruption"
"Cxxc5","67393","chr18","+",35829397,35861688,35556000,35823000,"N-A01",TRUE,TRUE,"CMZ110,CMZ355",FALSE,"chr18",35576150,35576250,35576200,8152,"+",253197,TRUE,FALSE,TRUE,"distant",35829397,-253197,FALSE,NA,-784.11,FALSE,"disruption"
"Cxxc5","67393","chr18","+",35829397,35861688,35556000,35823000,"B3-c-10",TRUE,FALSE,NA,FALSE,"chr18",35577350,35577450,35577400,1648,"+",251997,TRUE,FALSE,TRUE,"distant",35829397,-251997,FALSE,NA,-780.39,FALSE,"disruption"
"Cxxc5","67393","chr18","+",35829397,35861688,35556000,35823000,"N-1-4",FALSE,FALSE,NA,FALSE,"chr18",35603650,35603750,35603700,198,"+",225697,TRUE,FALSE,TRUE,"distant",35829397,-225697,FALSE,NA,-698.95,FALSE,"disruption"
"Cxxc5","67393","chr18","+",35829397,35861688,35556000,35823000,"N-B03",FALSE,TRUE,"CMZ183",FALSE,"chr18",35612050,35612150,35612100,3638,"+",217297,TRUE,FALSE,TRUE,"distant",35829397,-217297,FALSE,NA,-672.93,FALSE,"disruption"
"Cxxc5","67393","chr18","+",35829397,35861688,35556000,35823000,"N3-2-7",TRUE,FALSE,NA,FALSE,"chr18",35788950,35789050,35789000,1160,"-",40397,TRUE,FALSE,FALSE,"distant",35829397,-40397,FALSE,NA,-125.1,FALSE,"disruption"
"Cxxc5","67393","chr18","+",35829397,35861688,35556000,35823000,"B3-2-7",TRUE,FALSE,NA,FALSE,"chr18",35788950,35789050,35789000,1029,"-",40397,TRUE,FALSE,FALSE,"distant",35829397,-40397,FALSE,NA,-125.1,FALSE,"disruption"
"Cxxc5","67393","chr18","+",35829397,35861688,35556000,35823000,"B3-1",FALSE,FALSE,NA,FALSE,"chr18",35798350,35798450,35798400,809,"+",30997,TRUE,FALSE,TRUE,"distant",35829397,-30997,FALSE,NA,-95.99,FALSE,"disruption"
"Cxxc5","67393","chr18","+",35829397,35861688,35556000,35823000,"B3-5",FALSE,FALSE,NA,FALSE,"chr18",35798850,35798950,35798900,201,"+",30497,TRUE,FALSE,TRUE,"distant",35829397,-30497,FALSE,NA,-94.44,FALSE,"disruption"
"Cxxc5","67393","chr18","+",35829397,35861688,35556000,35823000,"N-A08",TRUE,FALSE,NA,FALSE,"chr18",35800950,35801050,35801000,958,"-",28397,TRUE,FALSE,FALSE,"distant",35829397,-28397,FALSE,NA,-87.94,FALSE,"disruption"
"Cxxc5","67393","chr18","+",35829397,35861688,35556000,35823000,"N-B11",TRUE,TRUE,"CMZ105",FALSE,"chr18",35800950,35801050,35801000,23874,"-",28397,TRUE,FALSE,FALSE,"distant",35829397,-28397,FALSE,NA,-87.94,FALSE,"disruption"
"Cxxc5","67393","chr18","+",35829397,35861688,35556000,35823000,"B3-5",FALSE,FALSE,NA,FALSE,"chr18",35808550,35808650,35808600,197,"-",20797,TRUE,FALSE,FALSE,"distant",35829397,-20797,FALSE,NA,-64.4,FALSE,"disruption"
"Cyb5r3","109754","chr15","-",83153494,83172592,83130800,83147800,"N3-1-5",TRUE,TRUE,"CMZ108",FALSE,"chr15",83130750,83130850,83130800,1524,"-",22694,TRUE,FALSE,FALSE,"distant",83172592,41792,FALSE,NA,218.83,FALSE,"disruption"
"Cyb5r3","109754","chr15","-",83153494,83172592,83130800,83147800,"N-1-10",FALSE,FALSE,NA,FALSE,"chr15",83138650,83138750,83138700,86,"-",14794,TRUE,FALSE,FALSE,"distant",83172592,33892,FALSE,NA,177.46,FALSE,"disruption"
"Cyb5r3","109754","chr15","-",83153494,83172592,83130800,83147800,"N-B02",TRUE,FALSE,NA,FALSE,"chr15",83141450,83141550,83141500,900,"-",11994,TRUE,FALSE,FALSE,"distant",83172592,31092,FALSE,NA,162.8,FALSE,"disruption"
"Cyb5r3","109754","chr15","-",83153494,83172592,83130800,83147800,"B3-21",FALSE,FALSE,NA,FALSE,"chr15",83144050,83144150,83144100,3692,"+",9394,TRUE,FALSE,TRUE,"distant",83172592,28492,FALSE,NA,149.19,FALSE,"disruption"
"Cyb5r3","109754","chr15","-",83153494,83172592,83130800,83147800,"N3-21",FALSE,FALSE,NA,FALSE,"chr15",83144050,83144150,83144100,2799,"+",9394,TRUE,FALSE,TRUE,"distant",83172592,28492,FALSE,NA,149.19,FALSE,"disruption"
"Cyb5r3","109754","chr15","-",83153494,83172592,83130800,83147800,"N-1-10",FALSE,FALSE,NA,FALSE,"chr15",83144550,83144650,83144600,61,"-",8894,TRUE,FALSE,FALSE,"distant",83172592,27992,FALSE,NA,146.57,FALSE,"disruption"
"Dag1","13138","chr9","-",108204634,108263958,108217900,108425900,"B-A04",FALSE,TRUE,"CMZ101",FALSE,"chr9",108217850,108217950,108217900,5236,"+",0,FALSE,FALSE,TRUE,"intronic_same",108263958,46058,FALSE,15,77.64,FALSE,"disruption"
"Dag1","13138","chr9","-",108204634,108263958,108217900,108425900,"B3-5",FALSE,FALSE,NA,FALSE,"chr9",108220550,108220650,108220600,539,"+",0,FALSE,FALSE,TRUE,"intronic_same",108263958,43358,FALSE,12,73.09,FALSE,"disruption"
"Dag1","13138","chr9","-",108204634,108263958,108217900,108425900,"N3-13",FALSE,FALSE,NA,FALSE,"chr9",108301150,108301250,108301200,2171,"-",37242,TRUE,FALSE,FALSE,"distant",108263958,-37242,FALSE,NA,-62.78,FALSE,"disruption"
"Dag1","13138","chr9","-",108204634,108263958,108217900,108425900,"N3-10",FALSE,FALSE,NA,FALSE,"chr9",108301150,108301250,108301200,2576,"-",37242,TRUE,FALSE,FALSE,"distant",108263958,-37242,FALSE,NA,-62.78,FALSE,"disruption"
"Dag1","13138","chr9","-",108204634,108263958,108217900,108425900,"B3-10",FALSE,FALSE,NA,FALSE,"chr9",108301150,108301250,108301200,7330,"-",37242,TRUE,FALSE,FALSE,"distant",108263958,-37242,FALSE,NA,-62.78,FALSE,"disruption"
"Dag1","13138","chr9","-",108204634,108263958,108217900,108425900,"B3-13",FALSE,FALSE,NA,FALSE,"chr9",108301150,108301250,108301200,4999,"-",37242,TRUE,FALSE,FALSE,"distant",108263958,-37242,FALSE,NA,-62.78,FALSE,"disruption"
"Dag1","13138","chr9","-",108204634,108263958,108217900,108425900,"N-B09",TRUE,TRUE,"CMZ104",FALSE,"chr9",108312550,108312650,108312600,3433,"+",48642,TRUE,FALSE,TRUE,"distant",108263958,-48642,FALSE,NA,-81.99,FALSE,"disruption"
"Dag1","13138","chr9","-",108204634,108263958,108217900,108425900,"B3-3",FALSE,FALSE,NA,FALSE,"chr9",108324450,108324550,108324500,29425,"+",60542,TRUE,FALSE,TRUE,"distant",108263958,-60542,FALSE,NA,-102.05,FALSE,"disruption"
"Dag1","13138","chr9","-",108204634,108263958,108217900,108425900,"N3-3",FALSE,FALSE,NA,FALSE,"chr9",108324450,108324550,108324500,5116,"+",60542,TRUE,FALSE,TRUE,"distant",108263958,-60542,FALSE,NA,-102.05,FALSE,"disruption"
"Dag1","13138","chr9","-",108204634,108263958,108217900,108425900,"N3-5",FALSE,FALSE,NA,FALSE,"chr9",108350050,108350150,108350100,709,"+",86142,TRUE,FALSE,TRUE,"distant",108263958,-86142,FALSE,NA,-145.21,FALSE,"disruption"
"Dag1","13138","chr9","-",108204634,108263958,108217900,108425900,"N-A08",TRUE,FALSE,NA,FALSE,"chr9",108378950,108379050,108379000,1032,"+",115042,TRUE,FALSE,TRUE,"distant",108263958,-115042,FALSE,NA,-193.92,FALSE,"disruption"
"Dag1","13138","chr9","-",108204634,108263958,108217900,108425900,"N3-c-14",FALSE,FALSE,NA,FALSE,"chr9",108383050,108383150,108383100,432,"+",119142,TRUE,FALSE,TRUE,"distant",108263958,-119142,FALSE,NA,-200.83,FALSE,"disruption"
"Dag1","13138","chr9","-",108204634,108263958,108217900,108425900,"N-2-21",FALSE,TRUE,"CMZ353",FALSE,"chr9",108386750,108386850,108386800,97,"+",122842,TRUE,FALSE,TRUE,"distant",108263958,-122842,FALSE,NA,-207.07,FALSE,"disruption"
"Dap3","65111","chr3","-",88920803,88951181,88954600,89063600,"B-B10",FALSE,FALSE,NA,FALSE,"chr3",88954550,88954650,88954600,3338,"-",3419,TRUE,FALSE,FALSE,"distant",88951181,-3419,FALSE,NA,-11.25,FALSE,"disruption"
"Dap3","65111","chr3","-",88920803,88951181,88954600,89063600,"B3-1-2",TRUE,TRUE,"CMZ107",FALSE,"chr3",88960950,88961050,88961000,2248,"-",9819,TRUE,FALSE,FALSE,"distant",88951181,-9819,FALSE,NA,-32.32,FALSE,"disruption"
"Dap3","65111","chr3","-",88920803,88951181,88954600,89063600,"B-B02",TRUE,FALSE,NA,FALSE,"chr3",88973250,88973350,88973300,10522,"+",22119,TRUE,FALSE,TRUE,"distant",88951181,-22119,FALSE,NA,-72.81,FALSE,"disruption"
"Dap3","65111","chr3","-",88920803,88951181,88954600,89063600,"N3-1-3",TRUE,TRUE,"CMZ104",FALSE,"chr3",88986250,88986350,88986300,1304,"-",35119,TRUE,FALSE,FALSE,"distant",88951181,-35119,FALSE,NA,-115.61,FALSE,"disruption"
"Dap3","65111","chr3","-",88920803,88951181,88954600,89063600,"B-B03",FALSE,TRUE,"CMZ183",FALSE,"chr3",88987150,88987250,88987200,7033,"+",36019,TRUE,FALSE,TRUE,"distant",88951181,-36019,FALSE,NA,-118.57,FALSE,"disruption"
"Dap3","65111","chr3","-",88920803,88951181,88954600,89063600,"B3-1-11",TRUE,FALSE,NA,FALSE,"chr3",88998950,88999050,88999000,6588,"+",47819,TRUE,FALSE,TRUE,"distant",88951181,-47819,FALSE,NA,-157.41,FALSE,"disruption"
"Dap3","65111","chr3","-",88920803,88951181,88954600,89063600,"N3-1-11",TRUE,FALSE,NA,FALSE,"chr3",88998950,88999050,88999000,2652,"+",47819,TRUE,FALSE,TRUE,"distant",88951181,-47819,FALSE,NA,-157.41,FALSE,"disruption"
"Dap3","65111","chr3","-",88920803,88951181,88954600,89063600,"N3-6",TRUE,FALSE,NA,FALSE,"chr3",89019950,89020050,89020000,912,"+",68819,TRUE,FALSE,TRUE,"distant",88951181,-68819,FALSE,NA,-226.54,FALSE,"disruption"
"Dap3","65111","chr3","-",88920803,88951181,88954600,89063600,"B-B03",FALSE,TRUE,"CMZ183",FALSE,"chr3",89022850,89022950,89022900,2741,"+",71719,TRUE,FALSE,TRUE,"distant",88951181,-71719,FALSE,NA,-236.09,FALSE,"disruption"
"Dap3","65111","chr3","-",88920803,88951181,88954600,89063600,"B3-5",FALSE,FALSE,NA,FALSE,"chr3",89031550,89031650,89031600,293,"+",80419,TRUE,FALSE,TRUE,"distant",88951181,-80419,FALSE,NA,-264.73,FALSE,"disruption"
"Dap3","65111","chr3","-",88920803,88951181,88954600,89063600,"N3-1-2",TRUE,TRUE,"CMZ107",FALSE,"chr3",89049950,89050050,89050000,3204,"-",98819,TRUE,FALSE,FALSE,"distant",88951181,-98819,FALSE,NA,-325.3,FALSE,"disruption"
"Dap3","65111","chr3","-",88920803,88951181,88954600,89063600,"N-B07",TRUE,TRUE,"CMZ107",FALSE,"chr3",89049950,89050050,89050000,12160,"-",98819,TRUE,FALSE,FALSE,"distant",88951181,-98819,FALSE,NA,-325.3,FALSE,"disruption"
"Dhx40","67487","chr11","-",86768846,86807746,86693000,86763000,"B-2-25",FALSE,TRUE,"CMZ349",FALSE,"chr11",86692950,86693050,86693000,25018,"+",75846,TRUE,FALSE,TRUE,"distant",86807746,114746,FALSE,NA,294.98,FALSE,"disruption"
"Dhx40","67487","chr11","-",86768846,86807746,86693000,86763000,"N-1-7",FALSE,FALSE,NA,FALSE,"chr11",86711250,86711350,86711300,104,"+",57546,TRUE,FALSE,TRUE,"distant",86807746,96446,FALSE,NA,247.93,FALSE,"disruption"
"Dhx40","67487","chr11","-",86768846,86807746,86693000,86763000,"B3-3",FALSE,FALSE,NA,FALSE,"chr11",86728950,86729050,86729000,1305,"+",39846,TRUE,FALSE,TRUE,"distant",86807746,78746,FALSE,NA,202.43,FALSE,"disruption"
"Dhx40","67487","chr11","-",86768846,86807746,86693000,86763000,"B-A04",FALSE,TRUE,"CMZ101",FALSE,"chr11",86735650,86735750,86735700,21263,"+",33146,TRUE,FALSE,TRUE,"distant",86807746,72046,FALSE,NA,185.21,FALSE,"disruption"
"Dhx40","67487","chr11","-",86768846,86807746,86693000,86763000,"N-A04",FALSE,TRUE,"CMZ101",FALSE,"chr11",86735650,86735750,86735700,2360,"+",33146,TRUE,FALSE,TRUE,"distant",86807746,72046,FALSE,NA,185.21,FALSE,"disruption"
"Dhx40","67487","chr11","-",86768846,86807746,86693000,86763000,"B-2-26",TRUE,TRUE,"CMZ347",FALSE,"chr11",86739250,86739350,86739300,1961,"-",29546,TRUE,FALSE,FALSE,"distant",86807746,68446,FALSE,NA,175.95,FALSE,"disruption"
"Dhx40","67487","chr11","-",86768846,86807746,86693000,86763000,"N3-4",FALSE,FALSE,NA,FALSE,"chr11",86743450,86743550,86743500,2372,"-",25346,TRUE,FALSE,FALSE,"distant",86807746,64246,FALSE,NA,165.16,FALSE,"disruption"
"Dhx40","67487","chr11","-",86768846,86807746,86693000,86763000,"B3-4",FALSE,FALSE,NA,FALSE,"chr11",86743450,86743550,86743500,7073,"-",25346,TRUE,FALSE,FALSE,"distant",86807746,64246,FALSE,NA,165.16,FALSE,"disruption"
"Dhx40","67487","chr11","-",86768846,86807746,86693000,86763000,"N-B11",TRUE,TRUE,"CMZ105",FALSE,"chr11",86748350,86748450,86748400,4048,"+",20446,TRUE,FALSE,TRUE,"distant",86807746,59346,FALSE,NA,152.56,FALSE,"disruption"
"Dhx40","67487","chr11","-",86768846,86807746,86693000,86763000,"B3-c-9",FALSE,FALSE,NA,FALSE,"chr11",86753950,86754050,86754000,1777,"-",14846,TRUE,FALSE,FALSE,"distant",86807746,53746,FALSE,NA,138.16,FALSE,"disruption"
"Dip2b","239667","chr15","+",100038664,100219473,100143000,100182000,"N-B11",TRUE,TRUE,"CMZ105",FALSE,"chr15",100142950,100143050,100143000,13079,"+",0,FALSE,FALSE,TRUE,"intronic_same",100038664,104336,FALSE,4,57.71,FALSE,"disruption"
"Dip2b","239667","chr15","+",100038664,100219473,100143000,100182000,"B3-c-9",FALSE,FALSE,NA,FALSE,"chr15",100146950,100147050,100147000,3609,"-",0,FALSE,FALSE,FALSE,"intronic_opposite",100038664,108336,FALSE,4,59.92,FALSE,"disruption"
"Dip2b","239667","chr15","+",100038664,100219473,100143000,100182000,"B-B09",TRUE,TRUE,"CMZ104",FALSE,"chr15",100158050,100158150,100158100,7498,"+",0,FALSE,FALSE,TRUE,"intronic_same",100038664,119436,FALSE,11,66.06,FALSE,"disruption"
"Dip2b","239667","chr15","+",100038664,100219473,100143000,100182000,"N-B09",TRUE,TRUE,"CMZ104",FALSE,"chr15",100158050,100158150,100158100,23752,"+",0,FALSE,FALSE,TRUE,"intronic_same",100038664,119436,FALSE,11,66.06,FALSE,"disruption"
"Dip2b","239667","chr15","+",100038664,100219473,100143000,100182000,"N3-21",FALSE,FALSE,NA,FALSE,"chr15",100160550,100160650,100160600,1134,"+",0,FALSE,FALSE,TRUE,"intronic_same",100038664,121936,FALSE,12,67.44,FALSE,"disruption"
"Dip2b","239667","chr15","+",100038664,100219473,100143000,100182000,"N3-c-14",FALSE,FALSE,NA,FALSE,"chr15",100171550,100171650,100171600,4162,"+",0,FALSE,FALSE,TRUE,"intronic_same",100038664,132936,FALSE,19,73.52,FALSE,"disruption"
"Dlat","235339","chr9","-",50634633,50659780,50601500,50618500,"N-A02",FALSE,TRUE,"CMZ181",FALSE,"chr9",50601450,50601550,50601500,14707,"-",33133,TRUE,FALSE,FALSE,"distant",50659780,58280,FALSE,NA,231.76,FALSE,"disruption"
"Dlat","235339","chr9","-",50634633,50659780,50601500,50618500,"B-A02",FALSE,TRUE,"CMZ181",FALSE,"chr9",50601450,50601550,50601500,1036,"-",33133,TRUE,FALSE,FALSE,"distant",50659780,58280,FALSE,NA,231.76,FALSE,"disruption"
"Dlat","235339","chr9","-",50634633,50659780,50601500,50618500,"B3-1",FALSE,FALSE,NA,FALSE,"chr9",50606450,50606550,50606500,2546,"-",28133,TRUE,FALSE,FALSE,"distant",50659780,53280,FALSE,NA,211.87,FALSE,"disruption"
"Dlat","235339","chr9","-",50634633,50659780,50601500,50618500,"N3-c-14",FALSE,FALSE,NA,FALSE,"chr9",50608350,50608450,50608400,1086,"+",26233,TRUE,FALSE,TRUE,"distant",50659780,51380,FALSE,NA,204.32,FALSE,"disruption"
"Dlat","235339","chr9","-",50634633,50659780,50601500,50618500,"N-B07",TRUE,TRUE,"CMZ107",FALSE,"chr9",50616050,50616150,50616100,7912,"-",18533,TRUE,FALSE,FALSE,"distant",50659780,43680,FALSE,NA,173.7,FALSE,"disruption"
"Dnajb4","67035","chr3","-",152178511,152210279,152227000,152244000,"N-1-10",FALSE,FALSE,NA,FALSE,"chr3",152226950,152227050,152227000,28,"-",16721,TRUE,FALSE,FALSE,"distant",152210279,-16721,FALSE,NA,-52.63,FALSE,"disruption"
"Dnajb4","67035","chr3","-",152178511,152210279,152227000,152244000,"N-B10",FALSE,FALSE,NA,FALSE,"chr3",152234550,152234650,152234600,319,"+",24321,TRUE,FALSE,TRUE,"distant",152210279,-24321,FALSE,NA,-76.56,FALSE,"disruption"
"Dnajb4","67035","chr3","-",152178511,152210279,152227000,152244000,"B-A08",TRUE,FALSE,NA,FALSE,"chr3",152236350,152236450,152236400,3625,"+",26121,TRUE,FALSE,TRUE,"distant",152210279,-26121,FALSE,NA,-82.22,FALSE,"disruption"
"Dnajb4","67035","chr3","-",152178511,152210279,152227000,152244000,"N3-12",FALSE,FALSE,NA,FALSE,"chr3",152238650,152238750,152238700,789,"-",28421,TRUE,FALSE,FALSE,"distant",152210279,-28421,FALSE,NA,-89.46,FALSE,"disruption"
"Dnajb4","67035","chr3","-",152178511,152210279,152227000,152244000,"N-B03",FALSE,TRUE,"CMZ183",FALSE,"chr3",152239650,152239750,152239700,28215,"-",29421,TRUE,FALSE,FALSE,"distant",152210279,-29421,FALSE,NA,-92.61,FALSE,"disruption"
"Dnajb4","67035","chr3","-",152178511,152210279,152227000,152244000,"B-B03",FALSE,TRUE,"CMZ183",FALSE,"chr3",152239650,152239750,152239700,18226,"-",29421,TRUE,FALSE,FALSE,"distant",152210279,-29421,FALSE,NA,-92.61,FALSE,"disruption"
"Dnajc1","13418","chr2","-",18195654,18392830,18120200,18190200,"B3-2-2",TRUE,FALSE,NA,FALSE,"chr2",18120150,18120250,18120200,768,"+",75454,TRUE,FALSE,TRUE,"distant",18392830,272630,FALSE,NA,138.27,FALSE,"disruption"
"Dnajc1","13418","chr2","-",18195654,18392830,18120200,18190200,"B3-c-9",FALSE,FALSE,NA,FALSE,"chr2",18127950,18128050,18128000,1355,"-",67654,TRUE,FALSE,FALSE,"distant",18392830,264830,FALSE,NA,134.31,FALSE,"disruption"
"Dnajc1","13418","chr2","-",18195654,18392830,18120200,18190200,"N-2-17",TRUE,TRUE,"CMZ345",TRUE,"chr2",18136950,18137050,18137000,26860,"-",58654,TRUE,FALSE,FALSE,"distant",18392830,255830,FALSE,NA,129.75,FALSE,"disruption"
"Dnajc1","13418","chr2","-",18195654,18392830,18120200,18190200,"B-2-17",TRUE,TRUE,"CMZ345",TRUE,"chr2",18136950,18137050,18137000,3160,"-",58654,TRUE,FALSE,FALSE,"distant",18392830,255830,FALSE,NA,129.75,FALSE,"disruption"
"Dnajc1","13418","chr2","-",18195654,18392830,18120200,18190200,"N-A03",TRUE,TRUE,"CMZ111,CMZ356",FALSE,"chr2",18137950,18138050,18138000,2915,"-",57654,TRUE,FALSE,FALSE,"distant",18392830,254830,FALSE,NA,129.24,FALSE,"disruption"
"Dnajc1","13418","chr2","-",18195654,18392830,18120200,18190200,"N3-6",TRUE,FALSE,NA,FALSE,"chr2",18151150,18151250,18151200,1012,"+",44454,TRUE,FALSE,TRUE,"distant",18392830,241630,FALSE,NA,122.55,FALSE,"disruption"
"Dnajc1","13418","chr2","-",18195654,18392830,18120200,18190200,"B-B07",TRUE,TRUE,"CMZ107",FALSE,"chr2",18184850,18184950,18184900,3058,"+",10754,TRUE,FALSE,TRUE,"distant",18392830,207930,FALSE,NA,105.45,FALSE,"disruption"
"Dnajc1","13418","chr2","-",18195654,18392830,18120200,18190200,"B3-1-2",TRUE,TRUE,"CMZ107",FALSE,"chr2",18184850,18184950,18184900,2035,"+",10754,TRUE,FALSE,TRUE,"distant",18392830,207930,FALSE,NA,105.45,FALSE,"disruption"
"Dnajc1","13418","chr2","-",18195654,18392830,18120200,18190200,"N-B07",TRUE,TRUE,"CMZ107",FALSE,"chr2",18184850,18184950,18184900,25892,"+",10754,TRUE,FALSE,TRUE,"distant",18392830,207930,FALSE,NA,105.45,FALSE,"disruption"
"Dnajc1","13418","chr2","-",18195654,18392830,18120200,18190200,"N3-1-2",TRUE,TRUE,"CMZ107",FALSE,"chr2",18184850,18184950,18184900,1992,"+",10754,TRUE,FALSE,TRUE,"distant",18392830,207930,FALSE,NA,105.45,FALSE,"disruption"
"Dnajc18","76594","chr18","-",35671103,35708414,35556000,35823000,"N3-c-28",FALSE,FALSE,NA,FALSE,"chr18",35555950,35556050,35556000,1789,"-",115103,TRUE,FALSE,FALSE,"distant",35708414,152414,FALSE,NA,408.5,FALSE,"disruption"
"Dnajc18","76594","chr18","-",35671103,35708414,35556000,35823000,"B3-7",FALSE,FALSE,NA,FALSE,"chr18",35569650,35569750,35569700,1193,"+",101403,TRUE,FALSE,TRUE,"distant",35708414,138714,FALSE,NA,371.78,FALSE,"disruption"
"Dnajc18","76594","chr18","-",35671103,35708414,35556000,35823000,"B-A10",FALSE,TRUE,"CMZ184",FALSE,"chr18",35571650,35571750,35571700,4917,"+",99403,TRUE,FALSE,TRUE,"distant",35708414,136714,FALSE,NA,366.42,FALSE,"disruption"
"Dnajc18","76594","chr18","-",35671103,35708414,35556000,35823000,"N-A10",FALSE,TRUE,"CMZ184",FALSE,"chr18",35571650,35571750,35571700,1946,"+",99403,TRUE,FALSE,TRUE,"distant",35708414,136714,FALSE,NA,366.42,FALSE,"disruption"
"Dnajc18","76594","chr18","-",35671103,35708414,35556000,35823000,"B-A01",TRUE,TRUE,"CMZ110,CMZ355",FALSE,"chr18",35576150,35576250,35576200,3214,"+",94903,TRUE,FALSE,TRUE,"distant",35708414,132214,FALSE,NA,354.36,FALSE,"disruption"
"Dnajc18","76594","chr18","-",35671103,35708414,35556000,35823000,"N-A01",TRUE,TRUE,"CMZ110,CMZ355",FALSE,"chr18",35576150,35576250,35576200,8152,"+",94903,TRUE,FALSE,TRUE,"distant",35708414,132214,FALSE,NA,354.36,FALSE,"disruption"
"Dnajc18","76594","chr18","-",35671103,35708414,35556000,35823000,"B3-c-10",TRUE,FALSE,NA,FALSE,"chr18",35577350,35577450,35577400,1648,"+",93703,TRUE,FALSE,TRUE,"distant",35708414,131014,FALSE,NA,351.14,FALSE,"disruption"
"Dnajc18","76594","chr18","-",35671103,35708414,35556000,35823000,"N-1-4",FALSE,FALSE,NA,FALSE,"chr18",35603650,35603750,35603700,198,"+",67403,TRUE,FALSE,TRUE,"distant",35708414,104714,FALSE,NA,280.65,FALSE,"disruption"
"Dnajc18","76594","chr18","-",35671103,35708414,35556000,35823000,"N-B03",FALSE,TRUE,"CMZ183",FALSE,"chr18",35612050,35612150,35612100,3638,"+",59003,TRUE,FALSE,TRUE,"distant",35708414,96314,FALSE,NA,258.14,FALSE,"disruption"
"Dnajc18","76594","chr18","-",35671103,35708414,35556000,35823000,"N3-2-7",TRUE,FALSE,NA,FALSE,"chr18",35788950,35789050,35789000,1160,"-",80586,TRUE,FALSE,FALSE,"distant",35708414,-80586,FALSE,NA,-215.98,FALSE,"disruption"
"Dnajc18","76594","chr18","-",35671103,35708414,35556000,35823000,"B3-2-7",TRUE,FALSE,NA,FALSE,"chr18",35788950,35789050,35789000,1029,"-",80586,TRUE,FALSE,FALSE,"distant",35708414,-80586,FALSE,NA,-215.98,FALSE,"disruption"
"Dnajc18","76594","chr18","-",35671103,35708414,35556000,35823000,"B3-1",FALSE,FALSE,NA,FALSE,"chr18",35798350,35798450,35798400,809,"+",89986,TRUE,FALSE,TRUE,"distant",35708414,-89986,FALSE,NA,-241.18,FALSE,"disruption"
"Dnajc18","76594","chr18","-",35671103,35708414,35556000,35823000,"B3-5",FALSE,FALSE,NA,FALSE,"chr18",35798850,35798950,35798900,201,"+",90486,TRUE,FALSE,TRUE,"distant",35708414,-90486,FALSE,NA,-242.52,FALSE,"disruption"
"Dnajc18","76594","chr18","-",35671103,35708414,35556000,35823000,"N-A08",TRUE,FALSE,NA,FALSE,"chr18",35800950,35801050,35801000,958,"-",92586,TRUE,FALSE,FALSE,"distant",35708414,-92586,FALSE,NA,-248.15,FALSE,"disruption"
"Dnajc18","76594","chr18","-",35671103,35708414,35556000,35823000,"N-B11",TRUE,TRUE,"CMZ105",FALSE,"chr18",35800950,35801050,35801000,23874,"-",92586,TRUE,FALSE,FALSE,"distant",35708414,-92586,FALSE,NA,-248.15,FALSE,"disruption"
"Dnajc18","76594","chr18","-",35671103,35708414,35556000,35823000,"B3-5",FALSE,FALSE,NA,FALSE,"chr18",35808550,35808650,35808600,197,"-",100186,TRUE,FALSE,FALSE,"distant",35708414,-100186,FALSE,NA,-268.52,FALSE,"disruption"
"Dpm1","13480","chr2","-",168209048,168230591,168177200,168216200,"B3-7",FALSE,FALSE,NA,FALSE,"chr2",168177150,168177250,168177200,564,"-",31848,TRUE,FALSE,FALSE,"distant",168230591,53391,FALSE,NA,247.83,FALSE,"disruption"
"Dpm1","13480","chr2","-",168209048,168230591,168177200,168216200,"B-2-23",FALSE,FALSE,NA,FALSE,"chr2",168177250,168177350,168177300,310,"+",31748,TRUE,FALSE,TRUE,"distant",168230591,53291,FALSE,NA,247.37,FALSE,"disruption"
"Dpm1","13480","chr2","-",168209048,168230591,168177200,168216200,"N-2-23",FALSE,FALSE,NA,FALSE,"chr2",168177250,168177350,168177300,4700,"+",31748,TRUE,FALSE,TRUE,"distant",168230591,53291,FALSE,NA,247.37,FALSE,"disruption"
"Dpm1","13480","chr2","-",168209048,168230591,168177200,168216200,"B-2-25",FALSE,TRUE,"CMZ349",FALSE,"chr2",168187250,168187350,168187300,9569,"+",21748,TRUE,FALSE,TRUE,"distant",168230591,43291,FALSE,NA,200.95,FALSE,"disruption"
"Dpm1","13480","chr2","-",168209048,168230591,168177200,168216200,"N-2-25",FALSE,TRUE,"CMZ349",FALSE,"chr2",168187250,168187350,168187300,7350,"+",21748,TRUE,FALSE,TRUE,"distant",168230591,43291,FALSE,NA,200.95,FALSE,"disruption"
"Dpm1","13480","chr2","-",168209048,168230591,168177200,168216200,"N3-1",FALSE,FALSE,NA,FALSE,"chr2",168195650,168195750,168195700,1070,"-",13348,TRUE,FALSE,FALSE,"distant",168230591,34891,FALSE,NA,161.96,FALSE,"disruption"
"Dpm1","13480","chr2","-",168209048,168230591,168177200,168216200,"B-1-4",FALSE,FALSE,NA,FALSE,"chr2",168195950,168196050,168196000,22,"+",13048,TRUE,FALSE,TRUE,"distant",168230591,34591,FALSE,NA,160.57,FALSE,"disruption"
"Dpm1","13480","chr2","-",168209048,168230591,168177200,168216200,"B-A05",FALSE,TRUE,"CMZ109",FALSE,"chr2",168204550,168204650,168204600,3555,"+",4448,TRUE,FALSE,TRUE,"distant",168230591,25991,FALSE,NA,120.65,FALSE,"disruption"
"Dpp8","74388","chr9","+",65032414,65082651,65051200,65090200,"N-1-10",FALSE,FALSE,NA,FALSE,"chr9",65051150,65051250,65051200,69,"+",0,FALSE,FALSE,TRUE,"intronic_same",65032414,18786,FALSE,9,37.39,FALSE,"disruption"
"Dpp8","74388","chr9","+",65032414,65082651,65051200,65090200,"B-1-10",FALSE,FALSE,NA,FALSE,"chr9",65058550,65058650,65058600,63,"-",0,FALSE,FALSE,FALSE,"intronic_opposite",65032414,26186,FALSE,15,52.12,FALSE,"disruption"
"Dpp8","74388","chr9","+",65032414,65082651,65051200,65090200,"B3-21",FALSE,FALSE,NA,FALSE,"chr9",65075850,65075950,65075900,1710,"+",0,FALSE,FALSE,TRUE,"intronic_same",65032414,43486,FALSE,24,86.56,FALSE,"disruption"
"Dpp8","74388","chr9","+",65032414,65082651,65051200,65090200,"B3-21",FALSE,FALSE,NA,FALSE,"chr9",65077450,65077550,65077500,1308,"+",0,FALSE,FALSE,TRUE,"intronic_same",65032414,45086,FALSE,24,89.75,FALSE,"disruption"
"Dpp8","74388","chr9","+",65032414,65082651,65051200,65090200,"N3-21",FALSE,FALSE,NA,FALSE,"chr9",65077450,65077550,65077500,808,"+",0,FALSE,FALSE,TRUE,"intronic_same",65032414,45086,FALSE,24,89.75,FALSE,"disruption"
"Dpp8","74388","chr9","+",65032414,65082651,65051200,65090200,"B3-9",FALSE,FALSE,NA,FALSE,"chr9",65079150,65079250,65079200,3706,"+",0,FALSE,FALSE,TRUE,"intronic_same",65032414,46786,FALSE,26,93.13,FALSE,"disruption"
"Dpp8","74388","chr9","+",65032414,65082651,65051200,65090200,"N3-9",FALSE,FALSE,NA,FALSE,"chr9",65079150,65079250,65079200,1647,"+",0,FALSE,FALSE,TRUE,"intronic_same",65032414,46786,FALSE,26,93.13,FALSE,"disruption"
"Dyrk1a","13548","chr16","+",94570010,94695517,94393400,94694400,"B3-1-3",TRUE,TRUE,"CMZ104",FALSE,"chr16",94393350,94393450,94393400,1400,"-",176610,TRUE,FALSE,FALSE,"distant",94570010,-176610,FALSE,NA,-140.72,FALSE,"disruption"
"Dyrk1a","13548","chr16","+",94570010,94695517,94393400,94694400,"N3-14",FALSE,FALSE,NA,FALSE,"chr16",94408350,94408450,94408400,1599,"+",161610,TRUE,FALSE,TRUE,"distant",94570010,-161610,FALSE,NA,-128.77,FALSE,"disruption"
"Dyrk1a","13548","chr16","+",94570010,94695517,94393400,94694400,"B-A12",FALSE,FALSE,NA,FALSE,"chr16",94450750,94450850,94450800,5529,"+",119210,TRUE,FALSE,TRUE,"distant",94570010,-119210,FALSE,NA,-94.98,FALSE,"disruption"
"Dyrk1a","13548","chr16","+",94570010,94695517,94393400,94694400,"N-A12",FALSE,FALSE,NA,FALSE,"chr16",94450750,94450850,94450800,6540,"+",119210,TRUE,FALSE,TRUE,"distant",94570010,-119210,FALSE,NA,-94.98,FALSE,"disruption"
"Dyrk1a","13548","chr16","+",94570010,94695517,94393400,94694400,"N-A10",FALSE,TRUE,"CMZ184",FALSE,"chr16",94491650,94491750,94491700,447,"-",78310,TRUE,FALSE,FALSE,"distant",94570010,-78310,FALSE,NA,-62.39,FALSE,"disruption"
"Dyrk1a","13548","chr16","+",94570010,94695517,94393400,94694400,"N-A07",FALSE,TRUE,"CMZ182,CMZ357",FALSE,"chr16",94515850,94515950,94515900,203,"+",54110,TRUE,FALSE,TRUE,"distant",94570010,-54110,FALSE,NA,-43.11,FALSE,"disruption"
"Dyrk1a","13548","chr16","+",94570010,94695517,94393400,94694400,"B3-5",FALSE,FALSE,NA,FALSE,"chr16",94596850,94596950,94596900,209,"-",0,FALSE,FALSE,FALSE,"intronic_opposite",94570010,26890,FALSE,4,21.43,FALSE,"disruption"
"Dyrk1a","13548","chr16","+",94570010,94695517,94393400,94694400,"B-1-2",TRUE,TRUE,"CMZ346",FALSE,"chr16",94613550,94613650,94613600,294,"+",0,FALSE,FALSE,TRUE,"intronic_same",94570010,43590,FALSE,5,34.73,FALSE,"disruption"
"Dyrk1a","13548","chr16","+",94570010,94695517,94393400,94694400,"N-1-2",TRUE,TRUE,"CMZ346",FALSE,"chr16",94613550,94613650,94613600,2383,"+",0,FALSE,FALSE,TRUE,"intronic_same",94570010,43590,FALSE,5,34.73,FALSE,"disruption"
"Dyrk1a","13548","chr16","+",94570010,94695517,94393400,94694400,"B-A04",FALSE,TRUE,"CMZ101",FALSE,"chr16",94617050,94617150,94617100,4632,"-",0,FALSE,FALSE,FALSE,"intronic_opposite",94570010,47090,FALSE,5,37.52,FALSE,"disruption"
"Dyrk1a","13548","chr16","+",94570010,94695517,94393400,94694400,"N3-2-2",TRUE,FALSE,NA,FALSE,"chr16",94622050,94622150,94622100,1241,"+",0,FALSE,FALSE,TRUE,"intronic_same",94570010,52090,FALSE,5,41.5,FALSE,"disruption"
"Dyrk1a","13548","chr16","+",94570010,94695517,94393400,94694400,"N3-9",FALSE,FALSE,NA,FALSE,"chr16",94632850,94632950,94632900,3359,"-",0,FALSE,FALSE,FALSE,"intronic_opposite",94570010,62890,FALSE,5,50.11,FALSE,"disruption"
"Dyrk1a","13548","chr16","+",94570010,94695517,94393400,94694400,"B3-9",FALSE,FALSE,NA,FALSE,"chr16",94632850,94632950,94632900,10201,"-",0,FALSE,FALSE,FALSE,"intronic_opposite",94570010,62890,FALSE,5,50.11,FALSE,"disruption"
"Dyrk1a","13548","chr16","+",94570010,94695517,94393400,94694400,"N-B02",TRUE,FALSE,NA,FALSE,"chr16",94639850,94639950,94639900,408,"+",0,FALSE,FALSE,TRUE,"intronic_same",94570010,69890,FALSE,5,55.69,FALSE,"disruption"
"Dyrk1a","13548","chr16","+",94570010,94695517,94393400,94694400,"B-1-10",FALSE,FALSE,NA,FALSE,"chr16",94644550,94644650,94644600,47,"+",0,FALSE,FALSE,TRUE,"intronic_same",94570010,74590,FALSE,5,59.43,FALSE,"disruption"
"Dyrk1a","13548","chr16","+",94570010,94695517,94393400,94694400,"N-3-1",FALSE,FALSE,NA,FALSE,"chr16",94673250,94673350,94673300,478,"+",0,FALSE,FALSE,TRUE,"intronic_same",94570010,103290,FALSE,14,82.3,FALSE,"disruption"
"Ecscr","68545","chr18","-",35713086,35722356,35556000,35823000,"N3-c-28",FALSE,FALSE,NA,FALSE,"chr18",35555950,35556050,35556000,1789,"-",157086,TRUE,FALSE,FALSE,"distant",35722356,166356,FALSE,NA,1794.56,FALSE,"disruption"
"Ecscr","68545","chr18","-",35713086,35722356,35556000,35823000,"B3-7",FALSE,FALSE,NA,FALSE,"chr18",35569650,35569750,35569700,1193,"+",143386,TRUE,FALSE,TRUE,"distant",35722356,152656,FALSE,NA,1646.77,FALSE,"disruption"
"Ecscr","68545","chr18","-",35713086,35722356,35556000,35823000,"B-A10",FALSE,TRUE,"CMZ184",FALSE,"chr18",35571650,35571750,35571700,4917,"+",141386,TRUE,FALSE,TRUE,"distant",35722356,150656,FALSE,NA,1625.2,FALSE,"disruption"
"Ecscr","68545","chr18","-",35713086,35722356,35556000,35823000,"N-A10",FALSE,TRUE,"CMZ184",FALSE,"chr18",35571650,35571750,35571700,1946,"+",141386,TRUE,FALSE,TRUE,"distant",35722356,150656,FALSE,NA,1625.2,FALSE,"disruption"
"Ecscr","68545","chr18","-",35713086,35722356,35556000,35823000,"B-A01",TRUE,TRUE,"CMZ110,CMZ355",FALSE,"chr18",35576150,35576250,35576200,3214,"+",136886,TRUE,FALSE,TRUE,"distant",35722356,146156,FALSE,NA,1576.66,FALSE,"disruption"
"Ecscr","68545","chr18","-",35713086,35722356,35556000,35823000,"N-A01",TRUE,TRUE,"CMZ110,CMZ355",FALSE,"chr18",35576150,35576250,35576200,8152,"+",136886,TRUE,FALSE,TRUE,"distant",35722356,146156,FALSE,NA,1576.66,FALSE,"disruption"
"Ecscr","68545","chr18","-",35713086,35722356,35556000,35823000,"B3-c-10",TRUE,FALSE,NA,FALSE,"chr18",35577350,35577450,35577400,1648,"+",135686,TRUE,FALSE,TRUE,"distant",35722356,144956,FALSE,NA,1563.71,FALSE,"disruption"
"Ecscr","68545","chr18","-",35713086,35722356,35556000,35823000,"N-1-4",FALSE,FALSE,NA,FALSE,"chr18",35603650,35603750,35603700,198,"+",109386,TRUE,FALSE,TRUE,"distant",35722356,118656,FALSE,NA,1280,FALSE,"disruption"
"Ecscr","68545","chr18","-",35713086,35722356,35556000,35823000,"N-B03",FALSE,TRUE,"CMZ183",FALSE,"chr18",35612050,35612150,35612100,3638,"+",100986,TRUE,FALSE,TRUE,"distant",35722356,110256,FALSE,NA,1189.39,FALSE,"disruption"
"Ecscr","68545","chr18","-",35713086,35722356,35556000,35823000,"N3-2-7",TRUE,FALSE,NA,FALSE,"chr18",35788950,35789050,35789000,1160,"-",66644,TRUE,FALSE,FALSE,"distant",35722356,-66644,FALSE,NA,-718.92,FALSE,"disruption"
"Ecscr","68545","chr18","-",35713086,35722356,35556000,35823000,"B3-2-7",TRUE,FALSE,NA,FALSE,"chr18",35788950,35789050,35789000,1029,"-",66644,TRUE,FALSE,FALSE,"distant",35722356,-66644,FALSE,NA,-718.92,FALSE,"disruption"
"Ecscr","68545","chr18","-",35713086,35722356,35556000,35823000,"B3-1",FALSE,FALSE,NA,FALSE,"chr18",35798350,35798450,35798400,809,"+",76044,TRUE,FALSE,TRUE,"distant",35722356,-76044,FALSE,NA,-820.32,FALSE,"disruption"
"Ecscr","68545","chr18","-",35713086,35722356,35556000,35823000,"B3-5",FALSE,FALSE,NA,FALSE,"chr18",35798850,35798950,35798900,201,"+",76544,TRUE,FALSE,TRUE,"distant",35722356,-76544,FALSE,NA,-825.72,FALSE,"disruption"
"Ecscr","68545","chr18","-",35713086,35722356,35556000,35823000,"N-A08",TRUE,FALSE,NA,FALSE,"chr18",35800950,35801050,35801000,958,"-",78644,TRUE,FALSE,FALSE,"distant",35722356,-78644,FALSE,NA,-848.37,FALSE,"disruption"
"Ecscr","68545","chr18","-",35713086,35722356,35556000,35823000,"N-B11",TRUE,TRUE,"CMZ105",FALSE,"chr18",35800950,35801050,35801000,23874,"-",78644,TRUE,FALSE,FALSE,"distant",35722356,-78644,FALSE,NA,-848.37,FALSE,"disruption"
"Ecscr","68545","chr18","-",35713086,35722356,35556000,35823000,"B3-5",FALSE,FALSE,NA,FALSE,"chr18",35808550,35808650,35808600,197,"-",86244,TRUE,FALSE,FALSE,"distant",35722356,-86244,FALSE,NA,-930.36,FALSE,"disruption"
"Eif2s2","67204","chr2","-",154871410,154892935,154837100,154876100,"B3-14",FALSE,FALSE,NA,FALSE,"chr2",154837050,154837150,154837100,467,"+",34310,TRUE,FALSE,TRUE,"distant",154892935,55835,FALSE,NA,259.4,FALSE,"disruption"
"Eif2s2","67204","chr2","-",154871410,154892935,154837100,154876100,"B-B02",TRUE,FALSE,NA,FALSE,"chr2",154850350,154850450,154850400,22798,"-",21010,TRUE,FALSE,FALSE,"distant",154892935,42535,FALSE,NA,197.61,FALSE,"disruption"
"Eif2s2","67204","chr2","-",154871410,154892935,154837100,154876100,"N-A05",FALSE,TRUE,"CMZ109",FALSE,"chr2",154850950,154851050,154851000,723,"-",20410,TRUE,FALSE,FALSE,"distant",154892935,41935,FALSE,NA,194.82,FALSE,"disruption"
"Eif2s2","67204","chr2","-",154871410,154892935,154837100,154876100,"B3-12",FALSE,FALSE,NA,FALSE,"chr2",154852650,154852750,154852700,508,"+",18710,TRUE,FALSE,TRUE,"distant",154892935,40235,FALSE,NA,186.92,FALSE,"disruption"
"Eif2s2","67204","chr2","-",154871410,154892935,154837100,154876100,"B3-c-10",TRUE,FALSE,NA,FALSE,"chr2",154867850,154867950,154867900,1557,"-",3510,TRUE,FALSE,FALSE,"distant",154892935,25035,FALSE,NA,116.31,FALSE,"disruption"
"Eif2s2","67204","chr2","-",154871410,154892935,154837100,154876100,"N-A07",FALSE,TRUE,"CMZ182,CMZ357",FALSE,"chr2",154870050,154870150,154870100,3041,"-",1310,FALSE,FALSE,FALSE,"intronic_opposite",154892935,22835,FALSE,NA,106.09,FALSE,"disruption"
"Eif2s2","67204","chr2","-",154871410,154892935,154837100,154876100,"B-A07",FALSE,TRUE,"CMZ182,CMZ357",FALSE,"chr2",154870050,154870150,154870100,57275,"-",1310,FALSE,FALSE,FALSE,"intronic_opposite",154892935,22835,FALSE,NA,106.09,FALSE,"disruption"
"Eif2s2","67204","chr2","-",154871410,154892935,154837100,154876100,"B3-2-21",FALSE,FALSE,NA,FALSE,"chr2",154871950,154872050,154872000,774,"+",0,FALSE,TRUE,TRUE,"exonic_same",154892935,20935,FALSE,NA,97.26,FALSE,"disruption"
"Eif2s2","67204","chr2","-",154871410,154892935,154837100,154876100,"N3-2-21",FALSE,FALSE,NA,FALSE,"chr2",154871950,154872050,154872000,2323,"+",0,FALSE,TRUE,TRUE,"exonic_same",154892935,20935,FALSE,NA,97.26,FALSE,"disruption"
"Eif3h","68135","chr15","-",51786558,51865523,51837400,51992400,"N-2-21",FALSE,TRUE,"CMZ353",FALSE,"chr15",51837350,51837450,51837400,118,"-",0,FALSE,FALSE,FALSE,"intronic_opposite",51865523,28123,FALSE,3,35.61,FALSE,"disruption"
"Eif3h","68135","chr15","-",51786558,51865523,51837400,51992400,"N-3-1",FALSE,FALSE,NA,FALSE,"chr15",51837850,51837950,51837900,586,"-",0,FALSE,FALSE,FALSE,"intronic_opposite",51865523,27623,FALSE,3,34.98,FALSE,"disruption"
"Eif3h","68135","chr15","-",51786558,51865523,51837400,51992400,"B-3-1",FALSE,FALSE,NA,FALSE,"chr15",51837850,51837950,51837900,442,"-",0,FALSE,FALSE,FALSE,"intronic_opposite",51865523,27623,FALSE,3,34.98,FALSE,"disruption"
"Eif3h","68135","chr15","-",51786558,51865523,51837400,51992400,"N-2-9",TRUE,TRUE,"CMZ344",FALSE,"chr15",51841950,51842050,51842000,5832,"+",0,FALSE,FALSE,TRUE,"intronic_same",51865523,23523,FALSE,3,29.79,TRUE,"activation"
"Eif3h","68135","chr15","-",51786558,51865523,51837400,51992400,"N-B05",FALSE,FALSE,NA,FALSE,"chr15",51852650,51852750,51852700,10606,"-",0,FALSE,FALSE,FALSE,"intronic_opposite",51865523,12823,FALSE,2,16.24,FALSE,"disruption"
"Eif3h","68135","chr15","-",51786558,51865523,51837400,51992400,"B-B05",FALSE,FALSE,NA,FALSE,"chr15",51852650,51852750,51852700,11383,"-",0,FALSE,FALSE,FALSE,"intronic_opposite",51865523,12823,FALSE,2,16.24,FALSE,"disruption"
"Eif3h","68135","chr15","-",51786558,51865523,51837400,51992400,"B-1-10",FALSE,FALSE,NA,FALSE,"chr15",51968050,51968150,51968100,61,"+",102577,TRUE,FALSE,TRUE,"distant",51865523,-102577,FALSE,NA,-129.9,FALSE,"disruption"
"Eif3h","68135","chr15","-",51786558,51865523,51837400,51992400,"B-B03",FALSE,TRUE,"CMZ183",FALSE,"chr15",51982850,51982950,51982900,11412,"+",117377,TRUE,FALSE,TRUE,"distant",51865523,-117377,FALSE,NA,-148.64,FALSE,"disruption"
"Eif3h","68135","chr15","-",51786558,51865523,51837400,51992400,"N-B03",FALSE,TRUE,"CMZ183",FALSE,"chr15",51982850,51982950,51982900,35445,"+",117377,TRUE,FALSE,TRUE,"distant",51865523,-117377,FALSE,NA,-148.64,FALSE,"disruption"
"Eif3h","68135","chr15","-",51786558,51865523,51837400,51992400,"N3-3",FALSE,FALSE,NA,FALSE,"chr15",51983450,51983550,51983500,358,"+",117977,TRUE,FALSE,TRUE,"distant",51865523,-117977,FALSE,NA,-149.4,FALSE,"disruption"
"Eif3h","68135","chr15","-",51786558,51865523,51837400,51992400,"B3-9",FALSE,FALSE,NA,FALSE,"chr15",51989350,51989450,51989400,7578,"+",123877,TRUE,FALSE,TRUE,"distant",51865523,-123877,FALSE,NA,-156.88,FALSE,"disruption"
"Eif3h","68135","chr15","-",51786558,51865523,51837400,51992400,"N3-9",FALSE,FALSE,NA,FALSE,"chr15",51989350,51989450,51989400,7140,"+",123877,TRUE,FALSE,TRUE,"distant",51865523,-123877,FALSE,NA,-156.88,FALSE,"disruption"
"Eif4b","75705","chr15","+",102073773,102097173,102075700,102092700,"N3-10",FALSE,FALSE,NA,FALSE,"chr15",102075650,102075750,102075700,1099,"+",0,FALSE,FALSE,TRUE,"intronic_same",102073773,1927,FALSE,2,8.24,TRUE,"activation"
"Eif4b","75705","chr15","+",102073773,102097173,102075700,102092700,"N3-13",FALSE,FALSE,NA,FALSE,"chr15",102075650,102075750,102075700,1630,"+",0,FALSE,FALSE,TRUE,"intronic_same",102073773,1927,FALSE,2,8.24,TRUE,"activation"
"Eif4b","75705","chr15","+",102073773,102097173,102075700,102092700,"B3-5",FALSE,FALSE,NA,FALSE,"chr15",102080350,102080450,102080400,356,"-",0,FALSE,FALSE,FALSE,"intronic_opposite",102073773,6627,FALSE,2,28.32,FALSE,"disruption"
"Eif4b","75705","chr15","+",102073773,102097173,102075700,102092700,"B-1-4",FALSE,FALSE,NA,FALSE,"chr15",102080850,102080950,102080900,32,"-",0,FALSE,FALSE,FALSE,"intronic_opposite",102073773,7127,FALSE,2,30.46,FALSE,"disruption"
"Eif4b","75705","chr15","+",102073773,102097173,102075700,102092700,"N3-3",FALSE,FALSE,NA,FALSE,"chr15",102088150,102088250,102088200,10555,"-",0,FALSE,FALSE,FALSE,"intronic_opposite",102073773,14427,FALSE,8,61.65,FALSE,"disruption"
"Eif4b","75705","chr15","+",102073773,102097173,102075700,102092700,"B3-3",FALSE,FALSE,NA,FALSE,"chr15",102088150,102088250,102088200,59902,"-",0,FALSE,FALSE,FALSE,"intronic_opposite",102073773,14427,FALSE,8,61.65,FALSE,"disruption"
"Eif4b","75705","chr15","+",102073773,102097173,102075700,102092700,"B-2-26",TRUE,TRUE,"CMZ347",FALSE,"chr15",102090850,102090950,102090900,3796,"+",0,FALSE,FALSE,TRUE,"intronic_same",102073773,17127,FALSE,14,73.19,FALSE,"disruption"
"Epc2","227867","chr2","+",49451486,49551948,49448400,49557400,"B3-7",FALSE,FALSE,NA,FALSE,"chr2",49448350,49448450,49448400,478,"+",3086,TRUE,FALSE,TRUE,"distant",49451486,-3086,FALSE,NA,-3.07,FALSE,"disruption"
"Epc2","227867","chr2","+",49451486,49551948,49448400,49557400,"B3-c-10",TRUE,FALSE,NA,FALSE,"chr2",49457850,49457950,49457900,7086,"-",0,FALSE,FALSE,FALSE,"intronic_opposite",49451486,6414,FALSE,1,6.38,FALSE,"disruption"
"Epc2","227867","chr2","+",49451486,49551948,49448400,49557400,"N3-2-22",TRUE,TRUE,"CMZ347",FALSE,"chr2",49459750,49459850,49459800,1323,"+",0,FALSE,FALSE,TRUE,"intronic_same",49451486,8314,FALSE,1,8.28,TRUE,"activation"
"Epc2","227867","chr2","+",49451486,49551948,49448400,49557400,"N-A11",FALSE,TRUE,"CMZ103",FALSE,"chr2",49460950,49461050,49461000,1551,"+",0,FALSE,FALSE,TRUE,"intronic_same",49451486,9514,FALSE,1,9.47,TRUE,"activation"
"Epc2","227867","chr2","+",49451486,49551948,49448400,49557400,"N3-8",FALSE,FALSE,NA,FALSE,"chr2",49464850,49464950,49464900,923,"-",0,FALSE,FALSE,FALSE,"intronic_opposite",49451486,13414,FALSE,1,13.35,FALSE,"disruption"
"Epc2","227867","chr2","+",49451486,49551948,49448400,49557400,"N3-c-9",FALSE,FALSE,NA,FALSE,"chr2",49502550,49502650,49502600,5339,"+",0,FALSE,FALSE,TRUE,"intronic_same",49451486,51114,FALSE,2,50.88,TRUE,"activation"
"Epc2","227867","chr2","+",49451486,49551948,49448400,49557400,"B-A01",TRUE,TRUE,"CMZ110,CMZ355",FALSE,"chr2",49504450,49504550,49504500,3063,"-",0,FALSE,FALSE,FALSE,"intronic_opposite",49451486,53014,FALSE,2,52.77,FALSE,"disruption"
"Epc2","227867","chr2","+",49451486,49551948,49448400,49557400,"B-B08",TRUE,TRUE,"CMZ106",FALSE,"chr2",49516350,49516450,49516400,205,"+",0,FALSE,FALSE,TRUE,"intronic_same",49451486,64914,FALSE,3,64.62,TRUE,"activation"
"Epc2","227867","chr2","+",49451486,49551948,49448400,49557400,"N-B08",TRUE,TRUE,"CMZ106",FALSE,"chr2",49516350,49516450,49516400,293,"+",0,FALSE,FALSE,TRUE,"intronic_same",49451486,64914,FALSE,3,64.62,TRUE,"activation"
"Epc2","227867","chr2","+",49451486,49551948,49448400,49557400,"N-3-4",FALSE,FALSE,NA,FALSE,"chr2",49516850,49516950,49516900,975,"-",0,FALSE,FALSE,FALSE,"intronic_opposite",49451486,65414,FALSE,3,65.11,FALSE,"disruption"
"Epc2","227867","chr2","+",49451486,49551948,49448400,49557400,"B-B05",FALSE,FALSE,NA,FALSE,"chr2",49532550,49532650,49532600,1575,"+",0,FALSE,FALSE,TRUE,"intronic_same",49451486,81114,FALSE,8,80.74,FALSE,"disruption"
"Epc2","227867","chr2","+",49451486,49551948,49448400,49557400,"B-2-23",FALSE,FALSE,NA,FALSE,"chr2",49544250,49544350,49544300,266,"+",0,FALSE,FALSE,TRUE,"intronic_same",49451486,92814,FALSE,12,92.39,FALSE,"disruption"
"Epc2","227867","chr2","+",49451486,49551948,49448400,49557400,"B3-5",FALSE,FALSE,NA,FALSE,"chr2",49554950,49555050,49555000,290,"-",3052,TRUE,FALSE,FALSE,"distant",49451486,103514,FALSE,NA,103.04,FALSE,"disruption"
"Etv6","14011","chr6","+",134035700,134270158,134057200,134166200,"B3-2-22",TRUE,TRUE,"CMZ347",FALSE,"chr6",134057150,134057250,134057200,5346,"+",0,FALSE,FALSE,TRUE,"intronic_same",134035700,21500,FALSE,2,9.17,TRUE,"activation"
"Etv6","14011","chr6","+",134035700,134270158,134057200,134166200,"N3-2-22",TRUE,TRUE,"CMZ347",FALSE,"chr6",134057150,134057250,134057200,1939,"+",0,FALSE,FALSE,TRUE,"intronic_same",134035700,21500,FALSE,2,9.17,TRUE,"activation"
"Etv6","14011","chr6","+",134035700,134270158,134057200,134166200,"N-A08",TRUE,FALSE,NA,FALSE,"chr6",134063550,134063650,134063600,940,"+",0,FALSE,FALSE,TRUE,"intronic_same",134035700,27900,FALSE,2,11.9,TRUE,"activation"
"Etv6","14011","chr6","+",134035700,134270158,134057200,134166200,"N-2-25",FALSE,TRUE,"CMZ349",FALSE,"chr6",134086850,134086950,134086900,2238,"+",0,FALSE,FALSE,TRUE,"intronic_same",134035700,51200,FALSE,3,21.84,TRUE,"activation"
"Etv6","14011","chr6","+",134035700,134270158,134057200,134166200,"B-1-10",FALSE,FALSE,NA,FALSE,"chr6",134111050,134111150,134111100,53,"-",0,FALSE,FALSE,FALSE,"intronic_opposite",134035700,75400,FALSE,3,32.16,FALSE,"disruption"
"Etv6","14011","chr6","+",134035700,134270158,134057200,134166200,"N-A05",FALSE,TRUE,"CMZ109",FALSE,"chr6",134120650,134120750,134120700,267,"-",0,FALSE,FALSE,FALSE,"intronic_opposite",134035700,85000,FALSE,3,36.25,FALSE,"disruption"
"Etv6","14011","chr6","+",134035700,134270158,134057200,134166200,"B-3-1",FALSE,FALSE,NA,FALSE,"chr6",134146750,134146850,134146800,328,"-",0,FALSE,FALSE,FALSE,"intronic_opposite",134035700,111100,FALSE,5,47.39,FALSE,"disruption"
"Etv6","14011","chr6","+",134035700,134270158,134057200,134166200,"N3-9",FALSE,FALSE,NA,FALSE,"chr6",134160150,134160250,134160200,1217,"+",0,FALSE,FALSE,TRUE,"intronic_same",134035700,124500,FALSE,5,53.1,FALSE,"disruption"
"Evi2a","14017","chr11","-",79526560,79530609,79355500,79563500,"N-A02",FALSE,TRUE,"CMZ181",FALSE,"chr11",79355450,79355550,79355500,3042,"-",171060,TRUE,FALSE,FALSE,"distant",79530609,175109,FALSE,NA,4324.75,FALSE,"disruption"
"Evi2a","14017","chr11","-",79526560,79530609,79355500,79563500,"B-2-23",FALSE,FALSE,NA,FALSE,"chr11",79376150,79376250,79376200,253,"-",150360,TRUE,FALSE,FALSE,"distant",79530609,154409,FALSE,NA,3813.51,FALSE,"disruption"
"Evi2a","14017","chr11","-",79526560,79530609,79355500,79563500,"B-1-7",FALSE,FALSE,NA,FALSE,"chr11",79383950,79384050,79384000,2667,"+",142560,TRUE,FALSE,TRUE,"distant",79530609,146609,FALSE,NA,3620.87,FALSE,"disruption"
"Evi2a","14017","chr11","-",79526560,79530609,79355500,79563500,"N-1-7",FALSE,FALSE,NA,FALSE,"chr11",79383950,79384050,79384000,411,"+",142560,TRUE,FALSE,TRUE,"distant",79530609,146609,FALSE,NA,3620.87,FALSE,"disruption"
"Evi2a","14017","chr11","-",79526560,79530609,79355500,79563500,"N-2-23",FALSE,FALSE,NA,FALSE,"chr11",79385550,79385650,79385600,13356,"-",140960,TRUE,FALSE,FALSE,"distant",79530609,145009,FALSE,NA,3581.35,FALSE,"disruption"
"Evi2a","14017","chr11","-",79526560,79530609,79355500,79563500,"N3-c-28",FALSE,FALSE,NA,FALSE,"chr11",79388650,79388750,79388700,1459,"-",137860,TRUE,FALSE,FALSE,"distant",79530609,141909,FALSE,NA,3504.79,FALSE,"disruption"
"Evi2a","14017","chr11","-",79526560,79530609,79355500,79563500,"N-2-23",FALSE,FALSE,NA,FALSE,"chr11",79388950,79389050,79389000,4704,"-",137560,TRUE,FALSE,FALSE,"distant",79530609,141609,FALSE,NA,3497.38,FALSE,"disruption"
"Evi2a","14017","chr11","-",79526560,79530609,79355500,79563500,"B-2-23",FALSE,FALSE,NA,FALSE,"chr11",79388950,79389050,79389000,443,"-",137560,TRUE,FALSE,FALSE,"distant",79530609,141609,FALSE,NA,3497.38,FALSE,"disruption"
"Evi2a","14017","chr11","-",79526560,79530609,79355500,79563500,"N3-c-9",FALSE,FALSE,NA,FALSE,"chr11",79420450,79420550,79420500,6276,"+",106060,TRUE,FALSE,TRUE,"distant",79530609,110109,FALSE,NA,2719.41,FALSE,"disruption"
"Evi2a","14017","chr11","-",79526560,79530609,79355500,79563500,"B-A05",FALSE,TRUE,"CMZ109",FALSE,"chr11",79427850,79427950,79427900,12953,"+",98660,TRUE,FALSE,TRUE,"distant",79530609,102709,FALSE,NA,2536.65,FALSE,"disruption"
"Evi2a","14017","chr11","-",79526560,79530609,79355500,79563500,"N-A05",FALSE,TRUE,"CMZ109",FALSE,"chr11",79427850,79427950,79427900,1593,"+",98660,TRUE,FALSE,TRUE,"distant",79530609,102709,FALSE,NA,2536.65,FALSE,"disruption"
"Evi2a","14017","chr11","-",79526560,79530609,79355500,79563500,"B3-19",FALSE,FALSE,NA,FALSE,"chr11",79440050,79440150,79440100,2070,"+",86460,TRUE,FALSE,TRUE,"distant",79530609,90509,FALSE,NA,2235.34,FALSE,"disruption"
"Evi2a","14017","chr11","-",79526560,79530609,79355500,79563500,"B-A11",FALSE,TRUE,"CMZ103",FALSE,"chr11",79441950,79442050,79442000,1298,"+",84560,TRUE,FALSE,TRUE,"distant",79530609,88609,FALSE,NA,2188.42,FALSE,"disruption"
"Evi2a","14017","chr11","-",79526560,79530609,79355500,79563500,"N-A11",FALSE,TRUE,"CMZ103",FALSE,"chr11",79441950,79442050,79442000,1582,"+",84560,TRUE,FALSE,TRUE,"distant",79530609,88609,FALSE,NA,2188.42,FALSE,"disruption"
"Evi2a","14017","chr11","-",79526560,79530609,79355500,79563500,"N-A11",FALSE,TRUE,"CMZ103",FALSE,"chr11",79442150,79442250,79442200,3636,"-",84360,TRUE,FALSE,FALSE,"distant",79530609,88409,FALSE,NA,2183.48,FALSE,"disruption"
"Evi2a","14017","chr11","-",79526560,79530609,79355500,79563500,"B-A11",FALSE,TRUE,"CMZ103",FALSE,"chr11",79442150,79442250,79442200,4804,"-",84360,TRUE,FALSE,FALSE,"distant",79530609,88409,FALSE,NA,2183.48,FALSE,"disruption"
"Evi2a","14017","chr11","-",79526560,79530609,79355500,79563500,"B3-19",FALSE,FALSE,NA,FALSE,"chr11",79456050,79456150,79456100,7220,"+",70460,TRUE,FALSE,TRUE,"distant",79530609,74509,FALSE,NA,1840.18,FALSE,"disruption"
"Evi2a","14017","chr11","-",79526560,79530609,79355500,79563500,"N-A11",FALSE,TRUE,"CMZ103",FALSE,"chr11",79486950,79487050,79487000,1343,"-",39560,TRUE,FALSE,FALSE,"distant",79530609,43609,FALSE,NA,1077.03,FALSE,"disruption"
"Evi2a","14017","chr11","-",79526560,79530609,79355500,79563500,"N3-15",FALSE,FALSE,NA,FALSE,"chr11",79487750,79487850,79487800,13069,"-",38760,TRUE,FALSE,FALSE,"distant",79530609,42809,FALSE,NA,1057.27,FALSE,"disruption"
"Evi2a","14017","chr11","-",79526560,79530609,79355500,79563500,"B3-15",FALSE,FALSE,NA,FALSE,"chr11",79487750,79487850,79487800,19769,"-",38760,TRUE,FALSE,FALSE,"distant",79530609,42809,FALSE,NA,1057.27,FALSE,"disruption"
"Evi2a","14017","chr11","-",79526560,79530609,79355500,79563500,"B3-c-10",TRUE,FALSE,NA,FALSE,"chr11",79499150,79499250,79499200,1732,"-",27360,TRUE,FALSE,FALSE,"distant",79530609,31409,FALSE,NA,775.72,FALSE,"disruption"
"Evi2a","14017","chr11","-",79526560,79530609,79355500,79563500,"B3-14",FALSE,FALSE,NA,FALSE,"chr11",79517450,79517550,79517500,399,"-",9060,TRUE,FALSE,FALSE,"distant",79530609,13109,FALSE,NA,323.76,FALSE,"disruption"
"Evi2a","14017","chr11","-",79526560,79530609,79355500,79563500,"B3-3",FALSE,FALSE,NA,FALSE,"chr11",79553550,79553650,79553600,2116,"-",22991,TRUE,FALSE,FALSE,"distant",79530609,-22991,FALSE,NA,-567.82,FALSE,"disruption"
"Evi2a","14017","chr11","-",79526560,79530609,79355500,79563500,"B3-19",FALSE,FALSE,NA,FALSE,"chr11",79553650,79553750,79553700,2104,"-",23091,TRUE,FALSE,FALSE,"distant",79530609,-23091,FALSE,NA,-570.29,FALSE,"disruption"
"Evi2a","14017","chr11","-",79526560,79530609,79355500,79563500,"N3-1-13",FALSE,TRUE,"CMZ182,CMZ357",FALSE,"chr11",79558950,79559050,79559000,1278,"-",28391,TRUE,FALSE,FALSE,"distant",79530609,-28391,FALSE,NA,-701.19,FALSE,"disruption"
"Evi2a","14017","chr11","-",79526560,79530609,79355500,79563500,"N-A07",FALSE,TRUE,"CMZ182,CMZ357",FALSE,"chr11",79558950,79559050,79559000,111,"-",28391,TRUE,FALSE,FALSE,"distant",79530609,-28391,FALSE,NA,-701.19,FALSE,"disruption"
"Evi2b","216984","chr11","-",79523736,79523762,79355500,79563500,"N-A02",FALSE,TRUE,"CMZ181",FALSE,"chr11",79355450,79355550,79355500,3042,"-",168236,TRUE,FALSE,FALSE,"distant",79523762,168262,FALSE,NA,647161.54,FALSE,"disruption"
"Evi2b","216984","chr11","-",79523736,79523762,79355500,79563500,"B-2-23",FALSE,FALSE,NA,FALSE,"chr11",79376150,79376250,79376200,253,"-",147536,TRUE,FALSE,FALSE,"distant",79523762,147562,FALSE,NA,567546.15,FALSE,"disruption"
"Evi2b","216984","chr11","-",79523736,79523762,79355500,79563500,"B-1-7",FALSE,FALSE,NA,FALSE,"chr11",79383950,79384050,79384000,2667,"+",139736,TRUE,FALSE,TRUE,"distant",79523762,139762,FALSE,NA,537546.15,FALSE,"disruption"
"Evi2b","216984","chr11","-",79523736,79523762,79355500,79563500,"N-1-7",FALSE,FALSE,NA,FALSE,"chr11",79383950,79384050,79384000,411,"+",139736,TRUE,FALSE,TRUE,"distant",79523762,139762,FALSE,NA,537546.15,FALSE,"disruption"
"Evi2b","216984","chr11","-",79523736,79523762,79355500,79563500,"N-2-23",FALSE,FALSE,NA,FALSE,"chr11",79385550,79385650,79385600,13356,"-",138136,TRUE,FALSE,FALSE,"distant",79523762,138162,FALSE,NA,531392.31,FALSE,"disruption"
"Evi2b","216984","chr11","-",79523736,79523762,79355500,79563500,"N3-c-28",FALSE,FALSE,NA,FALSE,"chr11",79388650,79388750,79388700,1459,"-",135036,TRUE,FALSE,FALSE,"distant",79523762,135062,FALSE,NA,519469.23,FALSE,"disruption"
"Evi2b","216984","chr11","-",79523736,79523762,79355500,79563500,"N-2-23",FALSE,FALSE,NA,FALSE,"chr11",79388950,79389050,79389000,4704,"-",134736,TRUE,FALSE,FALSE,"distant",79523762,134762,FALSE,NA,518315.38,FALSE,"disruption"
"Evi2b","216984","chr11","-",79523736,79523762,79355500,79563500,"B-2-23",FALSE,FALSE,NA,FALSE,"chr11",79388950,79389050,79389000,443,"-",134736,TRUE,FALSE,FALSE,"distant",79523762,134762,FALSE,NA,518315.38,FALSE,"disruption"
"Evi2b","216984","chr11","-",79523736,79523762,79355500,79563500,"N3-c-9",FALSE,FALSE,NA,FALSE,"chr11",79420450,79420550,79420500,6276,"+",103236,TRUE,FALSE,TRUE,"distant",79523762,103262,FALSE,NA,397161.54,FALSE,"disruption"
"Evi2b","216984","chr11","-",79523736,79523762,79355500,79563500,"B-A05",FALSE,TRUE,"CMZ109",FALSE,"chr11",79427850,79427950,79427900,12953,"+",95836,TRUE,FALSE,TRUE,"distant",79523762,95862,FALSE,NA,368700,FALSE,"disruption"
"Evi2b","216984","chr11","-",79523736,79523762,79355500,79563500,"N-A05",FALSE,TRUE,"CMZ109",FALSE,"chr11",79427850,79427950,79427900,1593,"+",95836,TRUE,FALSE,TRUE,"distant",79523762,95862,FALSE,NA,368700,FALSE,"disruption"
"Evi2b","216984","chr11","-",79523736,79523762,79355500,79563500,"B3-19",FALSE,FALSE,NA,FALSE,"chr11",79440050,79440150,79440100,2070,"+",83636,TRUE,FALSE,TRUE,"distant",79523762,83662,FALSE,NA,321776.92,FALSE,"disruption"
"Evi2b","216984","chr11","-",79523736,79523762,79355500,79563500,"B-A11",FALSE,TRUE,"CMZ103",FALSE,"chr11",79441950,79442050,79442000,1298,"+",81736,TRUE,FALSE,TRUE,"distant",79523762,81762,FALSE,NA,314469.23,FALSE,"disruption"
"Evi2b","216984","chr11","-",79523736,79523762,79355500,79563500,"N-A11",FALSE,TRUE,"CMZ103",FALSE,"chr11",79441950,79442050,79442000,1582,"+",81736,TRUE,FALSE,TRUE,"distant",79523762,81762,FALSE,NA,314469.23,FALSE,"disruption"
"Evi2b","216984","chr11","-",79523736,79523762,79355500,79563500,"N-A11",FALSE,TRUE,"CMZ103",FALSE,"chr11",79442150,79442250,79442200,3636,"-",81536,TRUE,FALSE,FALSE,"distant",79523762,81562,FALSE,NA,313700,FALSE,"disruption"
"Evi2b","216984","chr11","-",79523736,79523762,79355500,79563500,"B-A11",FALSE,TRUE,"CMZ103",FALSE,"chr11",79442150,79442250,79442200,4804,"-",81536,TRUE,FALSE,FALSE,"distant",79523762,81562,FALSE,NA,313700,FALSE,"disruption"
"Evi2b","216984","chr11","-",79523736,79523762,79355500,79563500,"B3-19",FALSE,FALSE,NA,FALSE,"chr11",79456050,79456150,79456100,7220,"+",67636,TRUE,FALSE,TRUE,"distant",79523762,67662,FALSE,NA,260238.46,FALSE,"disruption"
"Evi2b","216984","chr11","-",79523736,79523762,79355500,79563500,"N-A11",FALSE,TRUE,"CMZ103",FALSE,"chr11",79486950,79487050,79487000,1343,"-",36736,TRUE,FALSE,FALSE,"distant",79523762,36762,FALSE,NA,141392.31,FALSE,"disruption"
"Evi2b","216984","chr11","-",79523736,79523762,79355500,79563500,"N3-15",FALSE,FALSE,NA,FALSE,"chr11",79487750,79487850,79487800,13069,"-",35936,TRUE,FALSE,FALSE,"distant",79523762,35962,FALSE,NA,138315.38,FALSE,"disruption"
"Evi2b","216984","chr11","-",79523736,79523762,79355500,79563500,"B3-15",FALSE,FALSE,NA,FALSE,"chr11",79487750,79487850,79487800,19769,"-",35936,TRUE,FALSE,FALSE,"distant",79523762,35962,FALSE,NA,138315.38,FALSE,"disruption"
"Evi2b","216984","chr11","-",79523736,79523762,79355500,79563500,"B3-c-10",TRUE,FALSE,NA,FALSE,"chr11",79499150,79499250,79499200,1732,"-",24536,TRUE,FALSE,FALSE,"distant",79523762,24562,FALSE,NA,94469.23,FALSE,"disruption"
"Evi2b","216984","chr11","-",79523736,79523762,79355500,79563500,"B3-14",FALSE,FALSE,NA,FALSE,"chr11",79517450,79517550,79517500,399,"-",6236,TRUE,FALSE,FALSE,"distant",79523762,6262,FALSE,NA,24084.62,FALSE,"disruption"
"Evi2b","216984","chr11","-",79523736,79523762,79355500,79563500,"B3-3",FALSE,FALSE,NA,FALSE,"chr11",79553550,79553650,79553600,2116,"-",29838,TRUE,FALSE,FALSE,"distant",79523762,-29838,FALSE,NA,-114761.54,FALSE,"disruption"
"Evi2b","216984","chr11","-",79523736,79523762,79355500,79563500,"B3-19",FALSE,FALSE,NA,FALSE,"chr11",79553650,79553750,79553700,2104,"-",29938,TRUE,FALSE,FALSE,"distant",79523762,-29938,FALSE,NA,-115146.15,FALSE,"disruption"
"Evi2b","216984","chr11","-",79523736,79523762,79355500,79563500,"N3-1-13",FALSE,TRUE,"CMZ182,CMZ357",FALSE,"chr11",79558950,79559050,79559000,1278,"-",35238,TRUE,FALSE,FALSE,"distant",79523762,-35238,FALSE,NA,-135530.77,FALSE,"disruption"
"Evi2b","216984","chr11","-",79523736,79523762,79355500,79563500,"N-A07",FALSE,TRUE,"CMZ182,CMZ357",FALSE,"chr11",79558950,79559050,79559000,111,"-",35238,TRUE,FALSE,FALSE,"distant",79523762,-35238,FALSE,NA,-135530.77,FALSE,"disruption"
"Ezh2","14056","chr6","-",47530139,47595341,47410000,47618000,"N3-6",TRUE,FALSE,NA,FALSE,"chr6",47409950,47410050,47410000,760,"+",120139,TRUE,FALSE,TRUE,"distant",47595341,185341,FALSE,NA,284.26,FALSE,"disruption"
"Ezh2","14056","chr6","-",47530139,47595341,47410000,47618000,"B3-c-28",FALSE,FALSE,NA,FALSE,"chr6",47457150,47457250,47457200,574,"-",72939,TRUE,FALSE,FALSE,"distant",47595341,138141,FALSE,NA,211.87,FALSE,"disruption"
"Ezh2","14056","chr6","-",47530139,47595341,47410000,47618000,"B-1-10",FALSE,FALSE,NA,FALSE,"chr6",47463850,47463950,47463900,39,"-",66239,TRUE,FALSE,FALSE,"distant",47595341,131441,FALSE,NA,201.59,FALSE,"disruption"
"Ezh2","14056","chr6","-",47530139,47595341,47410000,47618000,"N-A02",FALSE,TRUE,"CMZ181",FALSE,"chr6",47469250,47469350,47469300,727,"+",60839,TRUE,FALSE,TRUE,"distant",47595341,126041,FALSE,NA,193.31,FALSE,"disruption"
"Ezh2","14056","chr6","-",47530139,47595341,47410000,47618000,"N3-1-5",TRUE,TRUE,"CMZ108",FALSE,"chr6",47485350,47485450,47485400,17094,"-",44739,TRUE,FALSE,FALSE,"distant",47595341,109941,FALSE,NA,168.62,FALSE,"disruption"
"Ezh2","14056","chr6","-",47530139,47595341,47410000,47618000,"N-B07",TRUE,TRUE,"CMZ107",FALSE,"chr6",47485350,47485450,47485400,4626,"-",44739,TRUE,FALSE,FALSE,"distant",47595341,109941,FALSE,NA,168.62,FALSE,"disruption"
"Ezh2","14056","chr6","-",47530139,47595341,47410000,47618000,"N-B04",TRUE,TRUE,"CMZ108",FALSE,"chr6",47485350,47485450,47485400,8656,"-",44739,TRUE,FALSE,FALSE,"distant",47595341,109941,FALSE,NA,168.62,FALSE,"disruption"
"Ezh2","14056","chr6","-",47530139,47595341,47410000,47618000,"B3-14",FALSE,FALSE,NA,FALSE,"chr6",47494150,47494250,47494200,433,"-",35939,TRUE,FALSE,FALSE,"distant",47595341,101141,FALSE,NA,155.12,FALSE,"disruption"
"Ezh2","14056","chr6","-",47530139,47595341,47410000,47618000,"B-2-21",FALSE,TRUE,"CMZ353",FALSE,"chr6",47511650,47511750,47511700,1047,"-",18439,TRUE,FALSE,FALSE,"distant",47595341,83641,FALSE,NA,128.28,FALSE,"disruption"
"Ezh2","14056","chr6","-",47530139,47595341,47410000,47618000,"B-B03",FALSE,TRUE,"CMZ183",FALSE,"chr6",47512450,47512550,47512500,11288,"+",17639,TRUE,FALSE,TRUE,"distant",47595341,82841,FALSE,NA,127.05,FALSE,"disruption"
"Ezh2","14056","chr6","-",47530139,47595341,47410000,47618000,"N-B03",FALSE,TRUE,"CMZ183",FALSE,"chr6",47512450,47512550,47512500,72591,"+",17639,TRUE,FALSE,TRUE,"distant",47595341,82841,FALSE,NA,127.05,FALSE,"disruption"
"Ezh2","14056","chr6","-",47530139,47595341,47410000,47618000,"N3-c-9",FALSE,FALSE,NA,FALSE,"chr6",47575250,47575350,47575300,8573,"-",0,FALSE,FALSE,FALSE,"intronic_opposite",47595341,20041,FALSE,8,30.74,FALSE,"disruption"
"Ezh2","14056","chr6","-",47530139,47595341,47410000,47618000,"B3-c-14",FALSE,FALSE,NA,FALSE,"chr6",47575250,47575350,47575300,1529,"-",0,FALSE,FALSE,FALSE,"intronic_opposite",47595341,20041,FALSE,8,30.74,FALSE,"disruption"
"Ezh2","14056","chr6","-",47530139,47595341,47410000,47618000,"B-2-15",FALSE,FALSE,NA,FALSE,"chr6",47584450,47584550,47584500,2197,"+",0,FALSE,FALSE,TRUE,"intronic_same",47595341,10841,FALSE,3,16.63,TRUE,"activation"
"Ezh2","14056","chr6","-",47530139,47595341,47410000,47618000,"B-B04",TRUE,TRUE,"CMZ108",FALSE,"chr6",47586450,47586550,47586500,1720,"+",0,FALSE,FALSE,TRUE,"intronic_same",47595341,8841,FALSE,3,13.56,TRUE,"activation"
"Ezh2","14056","chr6","-",47530139,47595341,47410000,47618000,"N-B10",FALSE,FALSE,NA,FALSE,"chr6",47616350,47616450,47616400,308,"-",21059,TRUE,FALSE,FALSE,"distant",47595341,-21059,FALSE,NA,-32.3,FALSE,"disruption"
"Fam174b","100038347","chr7","+",73740302,73776919,73752000,73769000,"B3-9",FALSE,FALSE,NA,FALSE,"chr7",73751950,73752050,73752000,5079,"+",0,FALSE,FALSE,TRUE,"intronic_same",73740302,11698,FALSE,1,31.95,TRUE,"activation"
"Fam174b","100038347","chr7","+",73740302,73776919,73752000,73769000,"N3-9",FALSE,FALSE,NA,FALSE,"chr7",73751950,73752050,73752000,9654,"+",0,FALSE,FALSE,TRUE,"intronic_same",73740302,11698,FALSE,1,31.95,TRUE,"activation"
"Fam174b","100038347","chr7","+",73740302,73776919,73752000,73769000,"B-2-17",TRUE,TRUE,"CMZ345",FALSE,"chr7",73753550,73753650,73753600,63873,"+",0,FALSE,FALSE,TRUE,"intronic_same",73740302,13298,FALSE,1,36.32,TRUE,"activation"
"Fam174b","100038347","chr7","+",73740302,73776919,73752000,73769000,"N-2-17",TRUE,TRUE,"CMZ345",FALSE,"chr7",73753550,73753650,73753600,8427,"+",0,FALSE,FALSE,TRUE,"intronic_same",73740302,13298,FALSE,1,36.32,TRUE,"activation"
"Fam174b","100038347","chr7","+",73740302,73776919,73752000,73769000,"B3-9",FALSE,FALSE,NA,FALSE,"chr7",73753950,73754050,73754000,2351,"+",0,FALSE,FALSE,TRUE,"intronic_same",73740302,13698,FALSE,1,37.41,TRUE,"activation"
"Fam174b","100038347","chr7","+",73740302,73776919,73752000,73769000,"N3-9",FALSE,FALSE,NA,FALSE,"chr7",73753950,73754050,73754000,5667,"+",0,FALSE,FALSE,TRUE,"intronic_same",73740302,13698,FALSE,1,37.41,TRUE,"activation"
"Fam174b","100038347","chr7","+",73740302,73776919,73752000,73769000,"N3-c-14",FALSE,FALSE,NA,FALSE,"chr7",73756650,73756750,73756700,3090,"-",0,FALSE,FALSE,FALSE,"intronic_opposite",73740302,16398,FALSE,1,44.78,FALSE,"disruption"
"Fbll1","237730","chr11","-",35797382,35798884,35799800,35816800,"B-2-9",TRUE,TRUE,"CMZ344",FALSE,"chr11",35799750,35799850,35799800,1302,"-",916,FALSE,FALSE,FALSE,"intronic_opposite",35798884,-916,FALSE,NA,-60.99,FALSE,"disruption"
"Fbll1","237730","chr11","-",35797382,35798884,35799800,35816800,"N-A04",FALSE,TRUE,"CMZ101",FALSE,"chr11",35806850,35806950,35806900,7502,"-",8016,TRUE,FALSE,FALSE,"distant",35798884,-8016,FALSE,NA,-533.69,FALSE,"disruption"
"Fbll1","237730","chr11","-",35797382,35798884,35799800,35816800,"B-A04",FALSE,TRUE,"CMZ101",FALSE,"chr11",35806850,35806950,35806900,6298,"-",8016,TRUE,FALSE,FALSE,"distant",35798884,-8016,FALSE,NA,-533.69,FALSE,"disruption"
"Fbll1","237730","chr11","-",35797382,35798884,35799800,35816800,"N-A04",FALSE,TRUE,"CMZ101",FALSE,"chr11",35815450,35815550,35815500,1631,"+",16616,TRUE,FALSE,TRUE,"distant",35798884,-16616,FALSE,NA,-1106.26,FALSE,"disruption"
"Fbll1","237730","chr11","-",35797382,35798884,35799800,35816800,"B-B10",FALSE,FALSE,NA,FALSE,"chr11",35815550,35815650,35815600,2552,"+",16716,TRUE,FALSE,TRUE,"distant",35798884,-16716,FALSE,NA,-1112.92,FALSE,"disruption"
"Fbll1","237730","chr11","-",35797382,35798884,35799800,35816800,"N-B10",FALSE,FALSE,NA,FALSE,"chr11",35815550,35815650,35815600,1918,"+",16716,TRUE,FALSE,TRUE,"distant",35798884,-16716,FALSE,NA,-1112.92,FALSE,"disruption"
"Fibcd1","98970","chr2","-",31813290,31846005,31737400,31807400,"N-A04",FALSE,TRUE,"CMZ101",FALSE,"chr2",31737350,31737450,31737400,763,"-",75890,TRUE,FALSE,FALSE,"distant",31846005,108605,FALSE,NA,331.97,FALSE,"disruption"
"Fibcd1","98970","chr2","-",31813290,31846005,31737400,31807400,"B-A04",FALSE,TRUE,"CMZ101",FALSE,"chr2",31737350,31737450,31737400,6238,"-",75890,TRUE,FALSE,FALSE,"distant",31846005,108605,FALSE,NA,331.97,FALSE,"disruption"
"Fibcd1","98970","chr2","-",31813290,31846005,31737400,31807400,"B3-2-22",TRUE,TRUE,"CMZ347",FALSE,"chr2",31762250,31762350,31762300,956,"+",50990,TRUE,FALSE,TRUE,"distant",31846005,83705,FALSE,NA,255.86,FALSE,"disruption"
"Fibcd1","98970","chr2","-",31813290,31846005,31737400,31807400,"N3-2-22",TRUE,TRUE,"CMZ347",FALSE,"chr2",31762250,31762350,31762300,1755,"+",50990,TRUE,FALSE,TRUE,"distant",31846005,83705,FALSE,NA,255.86,FALSE,"disruption"
"Fibcd1","98970","chr2","-",31813290,31846005,31737400,31807400,"N-B10",FALSE,FALSE,NA,FALSE,"chr2",31765450,31765550,31765500,1338,"-",47790,TRUE,FALSE,FALSE,"distant",31846005,80505,FALSE,NA,246.08,FALSE,"disruption"
"Fibcd1","98970","chr2","-",31813290,31846005,31737400,31807400,"B-B10",FALSE,FALSE,NA,FALSE,"chr2",31765450,31765550,31765500,24499,"-",47790,TRUE,FALSE,FALSE,"distant",31846005,80505,FALSE,NA,246.08,FALSE,"disruption"
"Fibcd1","98970","chr2","-",31813290,31846005,31737400,31807400,"N3-4",FALSE,FALSE,NA,FALSE,"chr2",31786150,31786250,31786200,712,"+",27090,TRUE,FALSE,TRUE,"distant",31846005,59805,FALSE,NA,182.81,FALSE,"disruption"
"Fibcd1","98970","chr2","-",31813290,31846005,31737400,31807400,"N-2-12",FALSE,TRUE,"CMZ354",FALSE,"chr2",31789650,31789750,31789700,9252,"-",23590,TRUE,FALSE,FALSE,"distant",31846005,56305,FALSE,NA,172.11,FALSE,"disruption"
"Fibcd1","98970","chr2","-",31813290,31846005,31737400,31807400,"B-2-12",FALSE,TRUE,"CMZ354",FALSE,"chr2",31789650,31789750,31789700,4486,"-",23590,TRUE,FALSE,FALSE,"distant",31846005,56305,FALSE,NA,172.11,FALSE,"disruption"
"Fibcd1","98970","chr2","-",31813290,31846005,31737400,31807400,"N-B02",TRUE,FALSE,NA,FALSE,"chr2",31801850,31801950,31801900,229,"+",11390,TRUE,FALSE,TRUE,"distant",31846005,44105,FALSE,NA,134.82,FALSE,"disruption"
"Fubp1","51886","chr3","+",152210422,152236826,152227000,152244000,"N-1-10",FALSE,FALSE,NA,FALSE,"chr3",152226950,152227050,152227000,28,"-",0,FALSE,FALSE,FALSE,"intronic_opposite",152210422,16578,FALSE,44,62.79,FALSE,"disruption"
"Fubp1","51886","chr3","+",152210422,152236826,152227000,152244000,"N-B10",FALSE,FALSE,NA,FALSE,"chr3",152234550,152234650,152234600,319,"+",0,FALSE,TRUE,TRUE,"exonic_same",152210422,24178,FALSE,NA,91.57,FALSE,"disruption"
"Fubp1","51886","chr3","+",152210422,152236826,152227000,152244000,"B-A08",TRUE,FALSE,NA,FALSE,"chr3",152236350,152236450,152236400,3625,"+",0,FALSE,TRUE,TRUE,"exonic_same",152210422,25978,FALSE,NA,98.39,FALSE,"disruption"
"Fubp1","51886","chr3","+",152210422,152236826,152227000,152244000,"N3-12",FALSE,FALSE,NA,FALSE,"chr3",152238650,152238750,152238700,789,"-",1874,FALSE,FALSE,FALSE,"intronic_opposite",152210422,28278,FALSE,NA,107.1,FALSE,"disruption"
"Fubp1","51886","chr3","+",152210422,152236826,152227000,152244000,"N-B03",FALSE,TRUE,"CMZ183",FALSE,"chr3",152239650,152239750,152239700,28215,"-",2874,TRUE,FALSE,FALSE,"distant",152210422,29278,FALSE,NA,110.88,FALSE,"disruption"
"Fubp1","51886","chr3","+",152210422,152236826,152227000,152244000,"B-B03",FALSE,TRUE,"CMZ183",FALSE,"chr3",152239650,152239750,152239700,18226,"-",2874,TRUE,FALSE,FALSE,"distant",152210422,29278,FALSE,NA,110.88,FALSE,"disruption"
"Fut11","73068","chr14","+",20694968,20701016,20679500,20749500,"N-B05",FALSE,FALSE,NA,FALSE,"chr14",20679450,20679550,20679500,8596,"-",15468,TRUE,FALSE,FALSE,"distant",20694968,-15468,FALSE,NA,-255.75,FALSE,"disruption"
"Fut11","73068","chr14","+",20694968,20701016,20679500,20749500,"B-B05",FALSE,FALSE,NA,FALSE,"chr14",20679450,20679550,20679500,7396,"-",15468,TRUE,FALSE,FALSE,"distant",20694968,-15468,FALSE,NA,-255.75,FALSE,"disruption"
"Fut11","73068","chr14","+",20694968,20701016,20679500,20749500,"B3-5",FALSE,FALSE,NA,FALSE,"chr14",20692250,20692350,20692300,214,"+",2668,TRUE,FALSE,TRUE,"distant",20694968,-2668,FALSE,NA,-44.11,FALSE,"disruption"
"Fut11","73068","chr14","+",20694968,20701016,20679500,20749500,"B3-c-10",TRUE,FALSE,NA,FALSE,"chr14",20700450,20700550,20700500,1869,"+",0,FALSE,TRUE,TRUE,"exonic_same",20694968,5532,FALSE,NA,91.47,FALSE,"disruption"
"Fut11","73068","chr14","+",20694968,20701016,20679500,20749500,"N3-c-14",FALSE,FALSE,NA,FALSE,"chr14",20700650,20700750,20700700,591,"-",0,FALSE,TRUE,FALSE,"exonic_opposite",20694968,5732,FALSE,NA,94.78,FALSE,"disruption"
"Fut11","73068","chr14","+",20694968,20701016,20679500,20749500,"B3-c-14",FALSE,FALSE,NA,FALSE,"chr14",20700650,20700750,20700700,3336,"-",0,FALSE,TRUE,FALSE,"exonic_opposite",20694968,5732,FALSE,NA,94.78,FALSE,"disruption"
"Fut11","73068","chr14","+",20694968,20701016,20679500,20749500,"N3-c-14",FALSE,FALSE,NA,FALSE,"chr14",20701050,20701150,20701100,3718,"-",84,FALSE,FALSE,FALSE,"intronic_opposite",20694968,6132,FALSE,NA,101.39,FALSE,"disruption"
"Fut11","73068","chr14","+",20694968,20701016,20679500,20749500,"N-2-25",FALSE,TRUE,"CMZ349",FALSE,"chr14",20720650,20720750,20720700,18994,"-",19684,TRUE,FALSE,FALSE,"distant",20694968,25732,FALSE,NA,425.46,FALSE,"disruption"
"Fut11","73068","chr14","+",20694968,20701016,20679500,20749500,"B-2-25",FALSE,TRUE,"CMZ349",FALSE,"chr14",20720650,20720750,20720700,5768,"-",19684,TRUE,FALSE,FALSE,"distant",20694968,25732,FALSE,NA,425.46,FALSE,"disruption"
"Fzd9","14371","chr5","-",135248938,135251230,135196000,135235000,"B3-1-3",TRUE,TRUE,"CMZ104",FALSE,"chr5",135195950,135196050,135196000,9316,"+",52938,TRUE,FALSE,TRUE,"distant",135251230,55230,FALSE,NA,2409.69,FALSE,"disruption"
"Fzd9","14371","chr5","-",135248938,135251230,135196000,135235000,"N3-1-3",TRUE,TRUE,"CMZ104",FALSE,"chr5",135195950,135196050,135196000,22069,"+",52938,TRUE,FALSE,TRUE,"distant",135251230,55230,FALSE,NA,2409.69,FALSE,"disruption"
"Fzd9","14371","chr5","-",135248938,135251230,135196000,135235000,"N3-2-22",TRUE,TRUE,"CMZ347",FALSE,"chr5",135202550,135202650,135202600,3762,"+",46338,TRUE,FALSE,TRUE,"distant",135251230,48630,FALSE,NA,2121.73,FALSE,"disruption"
"Fzd9","14371","chr5","-",135248938,135251230,135196000,135235000,"N3-15",FALSE,FALSE,NA,FALSE,"chr5",135218650,135218750,135218700,23010,"-",30238,TRUE,FALSE,FALSE,"distant",135251230,32530,FALSE,NA,1419.28,FALSE,"disruption"
"Fzd9","14371","chr5","-",135248938,135251230,135196000,135235000,"B3-15",FALSE,FALSE,NA,FALSE,"chr5",135218650,135218750,135218700,8915,"-",30238,TRUE,FALSE,FALSE,"distant",135251230,32530,FALSE,NA,1419.28,FALSE,"disruption"
"Fzd9","14371","chr5","-",135248938,135251230,135196000,135235000,"B-2-21",FALSE,TRUE,"CMZ353",FALSE,"chr5",135232750,135232850,135232800,981,"-",16138,TRUE,FALSE,FALSE,"distant",135251230,18430,FALSE,NA,804.1,FALSE,"disruption"
"Fzd9","14371","chr5","-",135248938,135251230,135196000,135235000,"B3-17",TRUE,FALSE,NA,FALSE,"chr5",135233850,135233950,135233900,849,"-",15038,TRUE,FALSE,FALSE,"distant",135251230,17330,FALSE,NA,756.11,FALSE,"disruption"
"Gak","231580","chr5","-",108569411,108629755,108462200,108571200,"B-1-2",TRUE,TRUE,"CMZ346",FALSE,"chr5",108462150,108462250,108462200,310,"+",107211,TRUE,FALSE,TRUE,"distant",108629755,167555,FALSE,NA,277.67,FALSE,"disruption"
"Gak","231580","chr5","-",108569411,108629755,108462200,108571200,"N-2-12",FALSE,TRUE,"CMZ354",FALSE,"chr5",108464250,108464350,108464300,3516,"+",105111,TRUE,FALSE,TRUE,"distant",108629755,165455,FALSE,NA,274.19,FALSE,"disruption"
"Gak","231580","chr5","-",108569411,108629755,108462200,108571200,"N3-1-11",TRUE,FALSE,NA,FALSE,"chr5",108468950,108469050,108469000,1410,"+",100411,TRUE,FALSE,TRUE,"distant",108629755,160755,FALSE,NA,266.4,FALSE,"disruption"
"Gak","231580","chr5","-",108569411,108629755,108462200,108571200,"B3-12",FALSE,FALSE,NA,FALSE,"chr5",108501850,108501950,108501900,525,"-",67511,TRUE,FALSE,FALSE,"distant",108629755,127855,FALSE,NA,211.88,FALSE,"disruption"
"Gak","231580","chr5","-",108569411,108629755,108462200,108571200,"N-A04",FALSE,TRUE,"CMZ101",FALSE,"chr5",108503750,108503850,108503800,929,"-",65611,TRUE,FALSE,FALSE,"distant",108629755,125955,FALSE,NA,208.73,FALSE,"disruption"
"Gak","231580","chr5","-",108569411,108629755,108462200,108571200,"N3-15",FALSE,FALSE,NA,FALSE,"chr5",108564950,108565050,108565000,621,"-",4411,TRUE,FALSE,FALSE,"distant",108629755,64755,FALSE,NA,107.31,FALSE,"disruption"
"Gak","231580","chr5","-",108569411,108629755,108462200,108571200,"N-A11",FALSE,TRUE,"CMZ103",FALSE,"chr5",108570950,108571050,108571000,2463,"-",0,FALSE,FALSE,FALSE,"intronic_opposite",108629755,58755,FALSE,46,97.37,FALSE,"disruption"
"Gak","231580","chr5","-",108569411,108629755,108462200,108571200,"B-A11",FALSE,TRUE,"CMZ103",FALSE,"chr5",108570950,108571050,108571000,2029,"-",0,FALSE,FALSE,FALSE,"intronic_opposite",108629755,58755,FALSE,46,97.37,FALSE,"disruption"
"Gan","209239","chr8","+",117158135,117215997,117180700,117447700,"N3-12",FALSE,FALSE,NA,FALSE,"chr8",117180650,117180750,117180700,2375,"-",0,FALSE,FALSE,FALSE,"intronic_opposite",117158135,22565,FALSE,2,39,FALSE,"disruption"
"Gan","209239","chr8","+",117158135,117215997,117180700,117447700,"N-A05",FALSE,TRUE,"CMZ109",FALSE,"chr8",117192650,117192750,117192700,246,"+",0,FALSE,FALSE,TRUE,"intronic_same",117158135,34565,FALSE,6,59.74,FALSE,"disruption"
"Gan","209239","chr8","+",117158135,117215997,117180700,117447700,"B-A05",FALSE,TRUE,"CMZ109",FALSE,"chr8",117207250,117207350,117207300,3370,"-",0,FALSE,TRUE,FALSE,"exonic_opposite",117158135,49165,FALSE,NA,84.97,FALSE,"disruption"
"Gan","209239","chr8","+",117158135,117215997,117180700,117447700,"B-1-2",TRUE,TRUE,"CMZ346",FALSE,"chr8",117225150,117225250,117225200,1205,"+",9203,TRUE,FALSE,TRUE,"distant",117158135,67065,FALSE,NA,115.91,FALSE,"disruption"
"Gan","209239","chr8","+",117158135,117215997,117180700,117447700,"N-1-2",TRUE,TRUE,"CMZ346",FALSE,"chr8",117225150,117225250,117225200,567,"+",9203,TRUE,FALSE,TRUE,"distant",117158135,67065,FALSE,NA,115.91,FALSE,"disruption"
"Gan","209239","chr8","+",117158135,117215997,117180700,117447700,"N-A10",FALSE,TRUE,"CMZ184",FALSE,"chr8",117283150,117283250,117283200,711,"-",67203,TRUE,FALSE,FALSE,"distant",117158135,125065,FALSE,NA,216.14,FALSE,"disruption"
"Gan","209239","chr8","+",117158135,117215997,117180700,117447700,"N3-16",FALSE,FALSE,NA,FALSE,"chr8",117285550,117285650,117285600,5893,"-",69603,TRUE,FALSE,FALSE,"distant",117158135,127465,FALSE,NA,220.29,FALSE,"disruption"
"Gan","209239","chr8","+",117158135,117215997,117180700,117447700,"N3-4",FALSE,FALSE,NA,FALSE,"chr8",117285550,117285650,117285600,10562,"-",69603,TRUE,FALSE,FALSE,"distant",117158135,127465,FALSE,NA,220.29,FALSE,"disruption"
"Gan","209239","chr8","+",117158135,117215997,117180700,117447700,"B3-16",FALSE,FALSE,NA,FALSE,"chr8",117285550,117285650,117285600,12144,"-",69603,TRUE,FALSE,FALSE,"distant",117158135,127465,FALSE,NA,220.29,FALSE,"disruption"
"Gan","209239","chr8","+",117158135,117215997,117180700,117447700,"B3-4",FALSE,FALSE,NA,FALSE,"chr8",117285550,117285650,117285600,19875,"-",69603,TRUE,FALSE,FALSE,"distant",117158135,127465,FALSE,NA,220.29,FALSE,"disruption"
"Gan","209239","chr8","+",117158135,117215997,117180700,117447700,"N-B10",FALSE,FALSE,NA,FALSE,"chr8",117294750,117294850,117294800,410,"+",78803,TRUE,FALSE,TRUE,"distant",117158135,136665,FALSE,NA,236.19,FALSE,"disruption"
"Gan","209239","chr8","+",117158135,117215997,117180700,117447700,"N-1-2",TRUE,TRUE,"CMZ346",FALSE,"chr8",117342550,117342650,117342600,255,"-",126603,TRUE,FALSE,FALSE,"distant",117158135,184465,FALSE,NA,318.8,FALSE,"disruption"
"Gan","209239","chr8","+",117158135,117215997,117180700,117447700,"B-1-2",TRUE,TRUE,"CMZ346",FALSE,"chr8",117342550,117342650,117342600,340,"-",126603,TRUE,FALSE,FALSE,"distant",117158135,184465,FALSE,NA,318.8,FALSE,"disruption"
"Gan","209239","chr8","+",117158135,117215997,117180700,117447700,"N3-1-5",TRUE,TRUE,"CMZ108",FALSE,"chr8",117369450,117369550,117369500,4637,"-",153503,TRUE,FALSE,FALSE,"distant",117158135,211365,FALSE,NA,365.29,FALSE,"disruption"
"Gan","209239","chr8","+",117158135,117215997,117180700,117447700,"N-B04",TRUE,TRUE,"CMZ108",FALSE,"chr8",117369450,117369550,117369500,2140,"-",153503,TRUE,FALSE,FALSE,"distant",117158135,211365,FALSE,NA,365.29,FALSE,"disruption"
"Gan","209239","chr8","+",117158135,117215997,117180700,117447700,"B3-1-5",TRUE,TRUE,"CMZ108",FALSE,"chr8",117369450,117369550,117369500,17177,"-",153503,TRUE,FALSE,FALSE,"distant",117158135,211365,FALSE,NA,365.29,FALSE,"disruption"
"Gan","209239","chr8","+",117158135,117215997,117180700,117447700,"B-B04",TRUE,TRUE,"CMZ108",FALSE,"chr8",117369450,117369550,117369500,16311,"-",153503,TRUE,FALSE,FALSE,"distant",117158135,211365,FALSE,NA,365.29,FALSE,"disruption"
"Gan","209239","chr8","+",117158135,117215997,117180700,117447700,"B-1-10",FALSE,FALSE,NA,FALSE,"chr8",117396350,117396450,117396400,56,"-",180403,TRUE,FALSE,FALSE,"distant",117158135,238265,FALSE,NA,411.78,FALSE,"disruption"
"Gan","209239","chr8","+",117158135,117215997,117180700,117447700,"B3-5",FALSE,FALSE,NA,FALSE,"chr8",117410350,117410450,117410400,262,"+",194403,TRUE,FALSE,TRUE,"distant",117158135,252265,FALSE,NA,435.98,FALSE,"disruption"
"Gan","209239","chr8","+",117158135,117215997,117180700,117447700,"N-A02",FALSE,TRUE,"CMZ181",FALSE,"chr8",117424150,117424250,117424200,853,"+",208203,TRUE,FALSE,TRUE,"distant",117158135,266065,FALSE,NA,459.83,FALSE,"disruption"
"Gan","209239","chr8","+",117158135,117215997,117180700,117447700,"N-B08",TRUE,TRUE,"CMZ106",FALSE,"chr8",117440950,117441050,117441000,263,"+",225003,TRUE,FALSE,TRUE,"distant",117158135,282865,FALSE,NA,488.86,FALSE,"disruption"
"Gdi2","14569","chr13","+",3538063,3567871,3562500,3601500,"N-2-21",FALSE,TRUE,"CMZ353",FALSE,"chr13",3562450,3562550,3562500,427,"-",0,FALSE,FALSE,FALSE,"intronic_opposite",3538063,24437,FALSE,26,81.98,FALSE,"disruption"
"Gdi2","14569","chr13","+",3538063,3567871,3562500,3601500,"B-2-21",FALSE,TRUE,"CMZ353",FALSE,"chr13",3562450,3562550,3562500,4830,"-",0,FALSE,FALSE,FALSE,"intronic_opposite",3538063,24437,FALSE,26,81.98,FALSE,"disruption"
"Gdi2","14569","chr13","+",3538063,3567871,3562500,3601500,"B3-1-15",TRUE,TRUE,"CMZ111,CMZ356",FALSE,"chr13",3567950,3568050,3568000,11808,"-",129,FALSE,FALSE,FALSE,"intronic_opposite",3538063,29937,FALSE,NA,100.43,FALSE,"disruption"
"Gdi2","14569","chr13","+",3538063,3567871,3562500,3601500,"B-A03",TRUE,TRUE,"CMZ111,CMZ356",FALSE,"chr13",3567950,3568050,3568000,9440,"-",129,FALSE,FALSE,FALSE,"intronic_opposite",3538063,29937,FALSE,NA,100.43,FALSE,"disruption"
"Gdi2","14569","chr13","+",3538063,3567871,3562500,3601500,"N3-2",FALSE,FALSE,NA,FALSE,"chr13",3572650,3572750,3572700,1313,"-",4829,TRUE,FALSE,FALSE,"distant",3538063,34637,FALSE,NA,116.2,FALSE,"disruption"
"Gdi2","14569","chr13","+",3538063,3567871,3562500,3601500,"B3-8",FALSE,FALSE,NA,FALSE,"chr13",3600250,3600350,3600300,6002,"-",32429,TRUE,FALSE,FALSE,"distant",3538063,62237,FALSE,NA,208.79,FALSE,"disruption"
"Gdi2","14569","chr13","+",3538063,3567871,3562500,3601500,"B3-11",FALSE,FALSE,NA,FALSE,"chr13",3600250,3600350,3600300,4833,"-",32429,TRUE,FALSE,FALSE,"distant",3538063,62237,FALSE,NA,208.79,FALSE,"disruption"
"Gdi2","14569","chr13","+",3538063,3567871,3562500,3601500,"N3-14",FALSE,FALSE,NA,FALSE,"chr13",3601250,3601350,3601300,1106,"+",33429,TRUE,FALSE,TRUE,"distant",3538063,63237,FALSE,NA,212.15,FALSE,"disruption"
"Ggps1","14593","chr13","-",14050659,14063488,14067000,14106000,"B3-7",FALSE,FALSE,NA,FALSE,"chr13",14066950,14067050,14067000,810,"-",3512,TRUE,FALSE,FALSE,"distant",14063488,-3512,FALSE,NA,-27.38,FALSE,"disruption"
"Ggps1","14593","chr13","-",14050659,14063488,14067000,14106000,"N-B02",TRUE,FALSE,NA,FALSE,"chr13",14067850,14067950,14067900,1405,"+",4412,TRUE,FALSE,TRUE,"distant",14063488,-4412,FALSE,NA,-34.39,FALSE,"disruption"
"Ggps1","14593","chr13","-",14050659,14063488,14067000,14106000,"B-2-25",FALSE,TRUE,"CMZ349",FALSE,"chr13",14080150,14080250,14080200,1485,"-",16712,TRUE,FALSE,FALSE,"distant",14063488,-16712,FALSE,NA,-130.27,FALSE,"disruption"
"Ggps1","14593","chr13","-",14050659,14063488,14067000,14106000,"N3-12",FALSE,FALSE,NA,FALSE,"chr13",14084950,14085050,14085000,2562,"-",21512,TRUE,FALSE,FALSE,"distant",14063488,-21512,FALSE,NA,-167.68,FALSE,"disruption"
"Ggps1","14593","chr13","-",14050659,14063488,14067000,14106000,"B3-12",FALSE,FALSE,NA,FALSE,"chr13",14084950,14085050,14085000,808,"-",21512,TRUE,FALSE,FALSE,"distant",14063488,-21512,FALSE,NA,-167.68,FALSE,"disruption"
"Ggps1","14593","chr13","-",14050659,14063488,14067000,14106000,"N-A12",FALSE,FALSE,NA,FALSE,"chr13",14100550,14100650,14100600,4778,"-",37112,TRUE,FALSE,FALSE,"distant",14063488,-37112,FALSE,NA,-289.28,FALSE,"disruption"
"Glt8d1","76485","chr14","+",31001400,31011991,31025800,31233800,"B3-c-10",TRUE,FALSE,NA,FALSE,"chr14",31025750,31025850,31025800,3335,"+",13809,TRUE,FALSE,TRUE,"distant",31001400,24400,FALSE,NA,230.38,FALSE,"disruption"
"Glt8d1","76485","chr14","+",31001400,31011991,31025800,31233800,"N-A01",TRUE,TRUE,"CMZ110,CMZ355",FALSE,"chr14",31026750,31026850,31026800,4567,"+",14809,TRUE,FALSE,TRUE,"distant",31001400,25400,FALSE,NA,239.83,FALSE,"disruption"
"Glt8d1","76485","chr14","+",31001400,31011991,31025800,31233800,"B3-c-10",TRUE,FALSE,NA,FALSE,"chr14",31030750,31030850,31030800,6185,"+",18809,TRUE,FALSE,TRUE,"distant",31001400,29400,FALSE,NA,277.59,FALSE,"disruption"
"Glt8d1","76485","chr14","+",31001400,31011991,31025800,31233800,"B-B11",TRUE,TRUE,"CMZ105",FALSE,"chr14",31041250,31041350,31041300,4371,"-",29309,TRUE,FALSE,FALSE,"distant",31001400,39900,FALSE,NA,376.73,FALSE,"disruption"
"Glt8d1","76485","chr14","+",31001400,31011991,31025800,31233800,"B3-c-10",TRUE,FALSE,NA,FALSE,"chr14",31051250,31051350,31051300,4840,"+",39309,TRUE,FALSE,TRUE,"distant",31001400,49900,FALSE,NA,471.15,FALSE,"disruption"
"Glt8d1","76485","chr14","+",31001400,31011991,31025800,31233800,"N3-c-10",TRUE,FALSE,NA,FALSE,"chr14",31059750,31059850,31059800,9919,"-",47809,TRUE,FALSE,FALSE,"distant",31001400,58400,FALSE,NA,551.41,FALSE,"disruption"
"Glt8d1","76485","chr14","+",31001400,31011991,31025800,31233800,"B3-12",FALSE,FALSE,NA,FALSE,"chr14",31104250,31104350,31104300,764,"-",92309,TRUE,FALSE,FALSE,"distant",31001400,102900,FALSE,NA,971.58,FALSE,"disruption"
"Glt8d1","76485","chr14","+",31001400,31011991,31025800,31233800,"N3-1-13",FALSE,TRUE,"CMZ182,CMZ357",FALSE,"chr14",31107550,31107650,31107600,1312,"-",95609,TRUE,FALSE,FALSE,"distant",31001400,106200,FALSE,NA,1002.74,FALSE,"disruption"
"Glt8d1","76485","chr14","+",31001400,31011991,31025800,31233800,"B3-1-13",FALSE,TRUE,"CMZ182,CMZ357",FALSE,"chr14",31107550,31107650,31107600,570,"-",95609,TRUE,FALSE,FALSE,"distant",31001400,106200,FALSE,NA,1002.74,FALSE,"disruption"
"Glt8d1","76485","chr14","+",31001400,31011991,31025800,31233800,"N3-c-28",FALSE,FALSE,NA,FALSE,"chr14",31126550,31126650,31126600,1916,"-",114609,TRUE,FALSE,FALSE,"distant",31001400,125200,FALSE,NA,1182.14,FALSE,"disruption"
"Glt8d1","76485","chr14","+",31001400,31011991,31025800,31233800,"B3-c-28",FALSE,FALSE,NA,FALSE,"chr14",31126550,31126650,31126600,1075,"-",114609,TRUE,FALSE,FALSE,"distant",31001400,125200,FALSE,NA,1182.14,FALSE,"disruption"
"Glt8d1","76485","chr14","+",31001400,31011991,31025800,31233800,"N3-21",FALSE,FALSE,NA,FALSE,"chr14",31205050,31205150,31205100,2339,"-",193109,TRUE,FALSE,FALSE,"distant",31001400,203700,FALSE,NA,1923.33,FALSE,"disruption"
"Glt8d1","76485","chr14","+",31001400,31011991,31025800,31233800,"N-3-4",FALSE,FALSE,NA,FALSE,"chr14",31205050,31205150,31205100,1477,"-",193109,TRUE,FALSE,FALSE,"distant",31001400,203700,FALSE,NA,1923.33,FALSE,"disruption"
"Glt8d1","76485","chr14","+",31001400,31011991,31025800,31233800,"B3-21",FALSE,FALSE,NA,FALSE,"chr14",31205050,31205150,31205100,36332,"-",193109,TRUE,FALSE,FALSE,"distant",31001400,203700,FALSE,NA,1923.33,FALSE,"disruption"
"Glt8d1","76485","chr14","+",31001400,31011991,31025800,31233800,"B-3-4",FALSE,FALSE,NA,FALSE,"chr14",31205050,31205150,31205100,6340,"-",193109,TRUE,FALSE,FALSE,"distant",31001400,203700,FALSE,NA,1923.33,FALSE,"disruption"
"Glyctk","235582","chr9","-",106152857,106158138,106175100,106192100,"B-B10",FALSE,FALSE,NA,FALSE,"chr9",106175050,106175150,106175100,30553,"+",16962,TRUE,FALSE,TRUE,"distant",106158138,-16962,FALSE,NA,-321.19,FALSE,"disruption"
"Glyctk","235582","chr9","-",106152857,106158138,106175100,106192100,"B-2-21",FALSE,TRUE,"CMZ353",FALSE,"chr9",106179950,106180050,106180000,1142,"+",21862,TRUE,FALSE,TRUE,"distant",106158138,-21862,FALSE,NA,-413.97,FALSE,"disruption"
"Glyctk","235582","chr9","-",106152857,106158138,106175100,106192100,"B-2-25",FALSE,TRUE,"CMZ349",FALSE,"chr9",106181550,106181650,106181600,2755,"+",23462,TRUE,FALSE,TRUE,"distant",106158138,-23462,FALSE,NA,-444.27,FALSE,"disruption"
"Glyctk","235582","chr9","-",106152857,106158138,106175100,106192100,"N3-7",FALSE,FALSE,NA,FALSE,"chr9",106182150,106182250,106182200,1121,"-",24062,TRUE,FALSE,FALSE,"distant",106158138,-24062,FALSE,NA,-455.63,FALSE,"disruption"
"Gm1647","381452","chr3","+",69131233,69157177,69059600,69129600,"N3-7",FALSE,FALSE,NA,FALSE,"chr3",69059550,69059650,69059600,2448,"+",71633,TRUE,FALSE,TRUE,"distant",69131233,-71633,FALSE,NA,-276.11,FALSE,"disruption"
"Gm1647","381452","chr3","+",69131233,69157177,69059600,69129600,"B-2-14",FALSE,FALSE,NA,FALSE,"chr3",69071550,69071650,69071600,4028,"+",59633,TRUE,FALSE,TRUE,"distant",69131233,-59633,FALSE,NA,-229.85,FALSE,"disruption"
"Gm1647","381452","chr3","+",69131233,69157177,69059600,69129600,"N-A10",FALSE,TRUE,"CMZ184",FALSE,"chr3",69072750,69072850,69072800,909,"-",58433,TRUE,FALSE,FALSE,"distant",69131233,-58433,FALSE,NA,-225.23,FALSE,"disruption"
"Gm1647","381452","chr3","+",69131233,69157177,69059600,69129600,"B-A10",FALSE,TRUE,"CMZ184",FALSE,"chr3",69073950,69074050,69074000,497,"-",57233,TRUE,FALSE,FALSE,"distant",69131233,-57233,FALSE,NA,-220.6,FALSE,"disruption"
"Gm1647","381452","chr3","+",69131233,69157177,69059600,69129600,"B-B03",FALSE,TRUE,"CMZ183",FALSE,"chr3",69080450,69080550,69080500,1569,"+",50733,TRUE,FALSE,TRUE,"distant",69131233,-50733,FALSE,NA,-195.55,FALSE,"disruption"
"Gm1647","381452","chr3","+",69131233,69157177,69059600,69129600,"N-B03",FALSE,TRUE,"CMZ183",FALSE,"chr3",69080450,69080550,69080500,4035,"+",50733,TRUE,FALSE,TRUE,"distant",69131233,-50733,FALSE,NA,-195.55,FALSE,"disruption"
"Gm1647","381452","chr3","+",69131233,69157177,69059600,69129600,"N3-15",FALSE,FALSE,NA,FALSE,"chr3",69115450,69115550,69115500,21087,"-",15733,TRUE,FALSE,FALSE,"distant",69131233,-15733,FALSE,NA,-60.64,FALSE,"disruption"
"Gm1647","381452","chr3","+",69131233,69157177,69059600,69129600,"B3-15",FALSE,FALSE,NA,FALSE,"chr3",69115450,69115550,69115500,12463,"-",15733,TRUE,FALSE,FALSE,"distant",69131233,-15733,FALSE,NA,-60.64,FALSE,"disruption"
"Gm1647","381452","chr3","+",69131233,69157177,69059600,69129600,"B-B09",TRUE,TRUE,"CMZ104",FALSE,"chr3",69118250,69118350,69118300,4959,"+",12933,TRUE,FALSE,TRUE,"distant",69131233,-12933,FALSE,NA,-49.85,FALSE,"disruption"
"Gm1647","381452","chr3","+",69131233,69157177,69059600,69129600,"B-B08",TRUE,TRUE,"CMZ106",FALSE,"chr3",69123750,69123850,69123800,1061,"+",7433,TRUE,FALSE,TRUE,"distant",69131233,-7433,FALSE,NA,-28.65,FALSE,"disruption"
"Gm1647","381452","chr3","+",69131233,69157177,69059600,69129600,"N-B08",TRUE,TRUE,"CMZ106",FALSE,"chr3",69123750,69123850,69123800,382,"+",7433,TRUE,FALSE,TRUE,"distant",69131233,-7433,FALSE,NA,-28.65,FALSE,"disruption"
"Gnl3","30877","chr14","-",31012433,31019152,31025800,31233800,"B3-c-10",TRUE,FALSE,NA,FALSE,"chr14",31025750,31025850,31025800,3335,"+",6648,TRUE,FALSE,TRUE,"distant",31019152,-6648,FALSE,NA,-98.94,FALSE,"disruption"
"Gnl3","30877","chr14","-",31012433,31019152,31025800,31233800,"N-A01",TRUE,TRUE,"CMZ110,CMZ355",FALSE,"chr14",31026750,31026850,31026800,4567,"+",7648,TRUE,FALSE,TRUE,"distant",31019152,-7648,FALSE,NA,-113.83,FALSE,"disruption"
"Gnl3","30877","chr14","-",31012433,31019152,31025800,31233800,"B3-c-10",TRUE,FALSE,NA,FALSE,"chr14",31030750,31030850,31030800,6185,"+",11648,TRUE,FALSE,TRUE,"distant",31019152,-11648,FALSE,NA,-173.36,FALSE,"disruption"
"Gnl3","30877","chr14","-",31012433,31019152,31025800,31233800,"B-B11",TRUE,TRUE,"CMZ105",FALSE,"chr14",31041250,31041350,31041300,4371,"-",22148,TRUE,FALSE,FALSE,"distant",31019152,-22148,FALSE,NA,-329.63,FALSE,"disruption"
"Gnl3","30877","chr14","-",31012433,31019152,31025800,31233800,"B3-c-10",TRUE,FALSE,NA,FALSE,"chr14",31051250,31051350,31051300,4840,"+",32148,TRUE,FALSE,TRUE,"distant",31019152,-32148,FALSE,NA,-478.46,FALSE,"disruption"
"Gnl3","30877","chr14","-",31012433,31019152,31025800,31233800,"N3-c-10",TRUE,FALSE,NA,FALSE,"chr14",31059750,31059850,31059800,9919,"-",40648,TRUE,FALSE,FALSE,"distant",31019152,-40648,FALSE,NA,-604.97,FALSE,"disruption"
"Gnl3","30877","chr14","-",31012433,31019152,31025800,31233800,"B3-12",FALSE,FALSE,NA,FALSE,"chr14",31104250,31104350,31104300,764,"-",85148,TRUE,FALSE,FALSE,"distant",31019152,-85148,FALSE,NA,-1267.27,FALSE,"disruption"
"Gnl3","30877","chr14","-",31012433,31019152,31025800,31233800,"N3-1-13",FALSE,TRUE,"CMZ182,CMZ357",FALSE,"chr14",31107550,31107650,31107600,1312,"-",88448,TRUE,FALSE,FALSE,"distant",31019152,-88448,FALSE,NA,-1316.39,FALSE,"disruption"
"Gnl3","30877","chr14","-",31012433,31019152,31025800,31233800,"B3-1-13",FALSE,TRUE,"CMZ182,CMZ357",FALSE,"chr14",31107550,31107650,31107600,570,"-",88448,TRUE,FALSE,FALSE,"distant",31019152,-88448,FALSE,NA,-1316.39,FALSE,"disruption"
"Gnl3","30877","chr14","-",31012433,31019152,31025800,31233800,"N3-c-28",FALSE,FALSE,NA,FALSE,"chr14",31126550,31126650,31126600,1916,"-",107448,TRUE,FALSE,FALSE,"distant",31019152,-107448,FALSE,NA,-1599.17,FALSE,"disruption"
"Gnl3","30877","chr14","-",31012433,31019152,31025800,31233800,"B3-c-28",FALSE,FALSE,NA,FALSE,"chr14",31126550,31126650,31126600,1075,"-",107448,TRUE,FALSE,FALSE,"distant",31019152,-107448,FALSE,NA,-1599.17,FALSE,"disruption"
"Gnl3","30877","chr14","-",31012433,31019152,31025800,31233800,"N3-21",FALSE,FALSE,NA,FALSE,"chr14",31205050,31205150,31205100,2339,"-",185948,TRUE,FALSE,FALSE,"distant",31019152,-185948,FALSE,NA,-2767.5,FALSE,"disruption"
"Gnl3","30877","chr14","-",31012433,31019152,31025800,31233800,"N-3-4",FALSE,FALSE,NA,FALSE,"chr14",31205050,31205150,31205100,1477,"-",185948,TRUE,FALSE,FALSE,"distant",31019152,-185948,FALSE,NA,-2767.5,FALSE,"disruption"
"Gnl3","30877","chr14","-",31012433,31019152,31025800,31233800,"B3-21",FALSE,FALSE,NA,FALSE,"chr14",31205050,31205150,31205100,36332,"-",185948,TRUE,FALSE,FALSE,"distant",31019152,-185948,FALSE,NA,-2767.5,FALSE,"disruption"
"Gnl3","30877","chr14","-",31012433,31019152,31025800,31233800,"B-3-4",FALSE,FALSE,NA,FALSE,"chr14",31205050,31205150,31205100,6340,"-",185948,TRUE,FALSE,FALSE,"distant",31019152,-185948,FALSE,NA,-2767.5,FALSE,"disruption"
"Golph3","66629","chr15","+",12321450,12351591,12119700,12386700,"N3-14",FALSE,FALSE,NA,FALSE,"chr15",12119650,12119750,12119700,969,"-",201750,TRUE,FALSE,FALSE,"distant",12321450,-201750,FALSE,NA,-669.35,FALSE,"disruption"
"Golph3","66629","chr15","+",12321450,12351591,12119700,12386700,"B3-c-32",TRUE,FALSE,NA,FALSE,"chr15",12122550,12122650,12122600,12580,"-",198850,TRUE,FALSE,FALSE,"distant",12321450,-198850,FALSE,NA,-659.73,FALSE,"disruption"
"Golph3","66629","chr15","+",12321450,12351591,12119700,12386700,"B3-2-36",TRUE,FALSE,NA,FALSE,"chr15",12122550,12122650,12122600,21231,"-",198850,TRUE,FALSE,FALSE,"distant",12321450,-198850,FALSE,NA,-659.73,FALSE,"disruption"
"Golph3","66629","chr15","+",12321450,12351591,12119700,12386700,"B-B08",TRUE,TRUE,"CMZ106",FALSE,"chr15",12130750,12130850,12130800,505,"+",190650,TRUE,FALSE,TRUE,"distant",12321450,-190650,FALSE,NA,-632.53,FALSE,"disruption"
"Golph3","66629","chr15","+",12321450,12351591,12119700,12386700,"N-B02",TRUE,FALSE,NA,FALSE,"chr15",12139150,12139250,12139200,407,"+",182250,TRUE,FALSE,TRUE,"distant",12321450,-182250,FALSE,NA,-604.66,FALSE,"disruption"
"Golph3","66629","chr15","+",12321450,12351591,12119700,12386700,"N3-2-21",FALSE,FALSE,NA,FALSE,"chr15",12162250,12162350,12162300,892,"+",159150,TRUE,FALSE,TRUE,"distant",12321450,-159150,FALSE,NA,-528.02,FALSE,"disruption"
"Golph3","66629","chr15","+",12321450,12351591,12119700,12386700,"N-2-26",TRUE,TRUE,"CMZ347",FALSE,"chr15",12189650,12189750,12189700,2917,"+",131750,TRUE,FALSE,TRUE,"distant",12321450,-131750,FALSE,NA,-437.11,FALSE,"disruption"
"Golph3","66629","chr15","+",12321450,12351591,12119700,12386700,"B3-14",FALSE,FALSE,NA,FALSE,"chr15",12336850,12336950,12336900,1607,"-",0,FALSE,FALSE,FALSE,"intronic_opposite",12321450,15450,FALSE,4,51.26,FALSE,"disruption"
"Golph3","66629","chr15","+",12321450,12351591,12119700,12386700,"B-3-4",FALSE,FALSE,NA,FALSE,"chr15",12338550,12338650,12338600,840,"-",0,FALSE,FALSE,FALSE,"intronic_opposite",12321450,17150,FALSE,4,56.9,FALSE,"disruption"
"Golph3","66629","chr15","+",12321450,12351591,12119700,12386700,"B3-c-28",FALSE,FALSE,NA,FALSE,"chr15",12342650,12342750,12342700,1748,"+",0,FALSE,FALSE,TRUE,"intronic_same",12321450,21250,FALSE,5,70.5,FALSE,"disruption"
"Golph3","66629","chr15","+",12321450,12351591,12119700,12386700,"B-A12",FALSE,FALSE,NA,FALSE,"chr15",12361650,12361750,12361700,1596,"+",10109,TRUE,FALSE,TRUE,"distant",12321450,40250,FALSE,NA,133.54,FALSE,"disruption"
"Gpr21","338346","chr2","+",37516332,37520603,37378600,37679600,"B3-14",FALSE,FALSE,NA,FALSE,"chr2",37378550,37378650,37378600,2792,"+",137732,TRUE,FALSE,TRUE,"distant",37516332,-137732,FALSE,NA,-3224.82,FALSE,"disruption"
"Gpr21","338346","chr2","+",37516332,37520603,37378600,37679600,"N3-3",FALSE,FALSE,NA,FALSE,"chr2",37379250,37379350,37379300,265,"+",137032,TRUE,FALSE,TRUE,"distant",37516332,-137032,FALSE,NA,-3208.43,FALSE,"disruption"
"Gpr21","338346","chr2","+",37516332,37520603,37378600,37679600,"N3-1-3",TRUE,TRUE,"CMZ104",FALSE,"chr2",37381450,37381550,37381500,12889,"+",134832,TRUE,FALSE,TRUE,"distant",37516332,-134832,FALSE,NA,-3156.92,FALSE,"disruption"
"Gpr21","338346","chr2","+",37516332,37520603,37378600,37679600,"N3-14",FALSE,FALSE,NA,FALSE,"chr2",37426750,37426850,37426800,448,"-",89532,TRUE,FALSE,FALSE,"distant",37516332,-89532,FALSE,NA,-2096.28,FALSE,"disruption"
"Gpr21","338346","chr2","+",37516332,37520603,37378600,37679600,"B-B08",TRUE,TRUE,"CMZ106",FALSE,"chr2",37442550,37442650,37442600,277,"-",73732,TRUE,FALSE,FALSE,"distant",37516332,-73732,FALSE,NA,-1726.34,FALSE,"disruption"
"Gpr21","338346","chr2","+",37516332,37520603,37378600,37679600,"B-2-23",FALSE,FALSE,NA,FALSE,"chr2",37525950,37526050,37526000,407,"+",5397,TRUE,FALSE,TRUE,"distant",37516332,9668,FALSE,NA,226.36,FALSE,"disruption"
"Gpr21","338346","chr2","+",37516332,37520603,37378600,37679600,"N3-5",FALSE,FALSE,NA,FALSE,"chr2",37559950,37560050,37560000,1174,"-",39397,TRUE,FALSE,FALSE,"distant",37516332,43668,FALSE,NA,1022.43,FALSE,"disruption"
"Gpr21","338346","chr2","+",37516332,37520603,37378600,37679600,"N3-6",TRUE,FALSE,NA,FALSE,"chr2",37589050,37589150,37589100,765,"-",68497,TRUE,FALSE,FALSE,"distant",37516332,72768,FALSE,NA,1703.77,FALSE,"disruption"
"Gpr21","338346","chr2","+",37516332,37520603,37378600,37679600,"B3-11",FALSE,FALSE,NA,FALSE,"chr2",37613050,37613150,37613100,1722,"-",92497,TRUE,FALSE,FALSE,"distant",37516332,96768,FALSE,NA,2265.7,FALSE,"disruption"
"Gpr21","338346","chr2","+",37516332,37520603,37378600,37679600,"N3-9",FALSE,FALSE,NA,FALSE,"chr2",37657050,37657150,37657100,4277,"-",136497,TRUE,FALSE,FALSE,"distant",37516332,140768,FALSE,NA,3295.9,FALSE,"disruption"
"Gpr21","338346","chr2","+",37516332,37520603,37378600,37679600,"B3-9",FALSE,FALSE,NA,FALSE,"chr2",37657050,37657150,37657100,5053,"-",136497,TRUE,FALSE,FALSE,"distant",37516332,140768,FALSE,NA,3295.9,FALSE,"disruption"
"Gpr21","338346","chr2","+",37516332,37520603,37378600,37679600,"N-A07",FALSE,TRUE,"CMZ182,CMZ357",FALSE,"chr2",37664750,37664850,37664800,376,"+",144197,TRUE,FALSE,TRUE,"distant",37516332,148468,FALSE,NA,3476.19,FALSE,"disruption"
"Gpx1","14775","chr9","+",108339054,108340343,108217900,108425900,"B-A04",FALSE,TRUE,"CMZ101",FALSE,"chr9",108217850,108217950,108217900,5236,"+",121154,TRUE,FALSE,TRUE,"distant",108339054,-121154,FALSE,NA,-9399.07,FALSE,"disruption"
"Gpx1","14775","chr9","+",108339054,108340343,108217900,108425900,"B3-5",FALSE,FALSE,NA,FALSE,"chr9",108220550,108220650,108220600,539,"+",118454,TRUE,FALSE,TRUE,"distant",108339054,-118454,FALSE,NA,-9189.6,FALSE,"disruption"
"Gpx1","14775","chr9","+",108339054,108340343,108217900,108425900,"N3-13",FALSE,FALSE,NA,FALSE,"chr9",108301150,108301250,108301200,2171,"-",37854,TRUE,FALSE,FALSE,"distant",108339054,-37854,FALSE,NA,-2936.7,FALSE,"disruption"
"Gpx1","14775","chr9","+",108339054,108340343,108217900,108425900,"N3-10",FALSE,FALSE,NA,FALSE,"chr9",108301150,108301250,108301200,2576,"-",37854,TRUE,FALSE,FALSE,"distant",108339054,-37854,FALSE,NA,-2936.7,FALSE,"disruption"
"Gpx1","14775","chr9","+",108339054,108340343,108217900,108425900,"B3-10",FALSE,FALSE,NA,FALSE,"chr9",108301150,108301250,108301200,7330,"-",37854,TRUE,FALSE,FALSE,"distant",108339054,-37854,FALSE,NA,-2936.7,FALSE,"disruption"
"Gpx1","14775","chr9","+",108339054,108340343,108217900,108425900,"B3-13",FALSE,FALSE,NA,FALSE,"chr9",108301150,108301250,108301200,4999,"-",37854,TRUE,FALSE,FALSE,"distant",108339054,-37854,FALSE,NA,-2936.7,FALSE,"disruption"
"Gpx1","14775","chr9","+",108339054,108340343,108217900,108425900,"N-B09",TRUE,TRUE,"CMZ104",FALSE,"chr9",108312550,108312650,108312600,3433,"+",26454,TRUE,FALSE,TRUE,"distant",108339054,-26454,FALSE,NA,-2052.29,FALSE,"disruption"
"Gpx1","14775","chr9","+",108339054,108340343,108217900,108425900,"B3-3",FALSE,FALSE,NA,FALSE,"chr9",108324450,108324550,108324500,29425,"+",14554,TRUE,FALSE,TRUE,"distant",108339054,-14554,FALSE,NA,-1129.09,FALSE,"disruption"
"Gpx1","14775","chr9","+",108339054,108340343,108217900,108425900,"N3-3",FALSE,FALSE,NA,FALSE,"chr9",108324450,108324550,108324500,5116,"+",14554,TRUE,FALSE,TRUE,"distant",108339054,-14554,FALSE,NA,-1129.09,FALSE,"disruption"
"Gpx1","14775","chr9","+",108339054,108340343,108217900,108425900,"N3-5",FALSE,FALSE,NA,FALSE,"chr9",108350050,108350150,108350100,709,"+",9757,TRUE,FALSE,TRUE,"distant",108339054,11046,FALSE,NA,856.94,FALSE,"disruption"
"Gpx1","14775","chr9","+",108339054,108340343,108217900,108425900,"N-A08",TRUE,FALSE,NA,FALSE,"chr9",108378950,108379050,108379000,1032,"+",38657,TRUE,FALSE,TRUE,"distant",108339054,39946,FALSE,NA,3098.99,FALSE,"disruption"
"Gpx1","14775","chr9","+",108339054,108340343,108217900,108425900,"N3-c-14",FALSE,FALSE,NA,FALSE,"chr9",108383050,108383150,108383100,432,"+",42757,TRUE,FALSE,TRUE,"distant",108339054,44046,FALSE,NA,3417.07,FALSE,"disruption"
"Gpx1","14775","chr9","+",108339054,108340343,108217900,108425900,"N-2-21",FALSE,TRUE,"CMZ353",FALSE,"chr9",108386750,108386850,108386800,97,"+",46457,TRUE,FALSE,TRUE,"distant",108339054,47746,FALSE,NA,3704.11,FALSE,"disruption"
"Gt(ROSA)26Sor","14910","chr6","-",113067428,113077333,113080100,113150100,"B3-c-9",FALSE,FALSE,NA,FALSE,"chr6",113080050,113080150,113080100,9894,"+",2767,TRUE,FALSE,TRUE,"distant",113077333,-2767,FALSE,NA,-27.94,FALSE,"disruption"
"Gt(ROSA)26Sor","14910","chr6","-",113067428,113077333,113080100,113150100,"N3-c-9",FALSE,FALSE,NA,FALSE,"chr6",113080050,113080150,113080100,9016,"+",2767,TRUE,FALSE,TRUE,"distant",113077333,-2767,FALSE,NA,-27.94,FALSE,"disruption"
"Gt(ROSA)26Sor","14910","chr6","-",113067428,113077333,113080100,113150100,"N3-c-14",FALSE,FALSE,NA,FALSE,"chr6",113095750,113095850,113095800,5503,"+",18467,TRUE,FALSE,TRUE,"distant",113077333,-18467,FALSE,NA,-186.44,FALSE,"disruption"
"Gt(ROSA)26Sor","14910","chr6","-",113067428,113077333,113080100,113150100,"B3-c-9",FALSE,FALSE,NA,FALSE,"chr6",113110750,113110850,113110800,1661,"+",33467,TRUE,FALSE,TRUE,"distant",113077333,-33467,FALSE,NA,-337.88,FALSE,"disruption"
"Gt(ROSA)26Sor","14910","chr6","-",113067428,113077333,113080100,113150100,"B-1-2",TRUE,TRUE,"CMZ346",FALSE,"chr6",113115850,113115950,113115900,1182,"+",38567,TRUE,FALSE,TRUE,"distant",113077333,-38567,FALSE,NA,-389.37,FALSE,"disruption"
"Gt(ROSA)26Sor","14910","chr6","-",113067428,113077333,113080100,113150100,"N-1-2",TRUE,TRUE,"CMZ346",FALSE,"chr6",113115850,113115950,113115900,248,"+",38567,TRUE,FALSE,TRUE,"distant",113077333,-38567,FALSE,NA,-389.37,FALSE,"disruption"
"Gt(ROSA)26Sor","14910","chr6","-",113067428,113077333,113080100,113150100,"B-2-27",FALSE,FALSE,NA,FALSE,"chr6",113124450,113124550,113124500,16976,"+",47167,TRUE,FALSE,TRUE,"distant",113077333,-47167,FALSE,NA,-476.19,FALSE,"disruption"
"Gt(ROSA)26Sor","14910","chr6","-",113067428,113077333,113080100,113150100,"N-2-25",FALSE,TRUE,"CMZ349",FALSE,"chr6",113125550,113125650,113125600,2748,"-",48267,TRUE,FALSE,FALSE,"distant",113077333,-48267,FALSE,NA,-487.3,FALSE,"disruption"
"Gt(ROSA)26Sor","14910","chr6","-",113067428,113077333,113080100,113150100,"N-B08",TRUE,TRUE,"CMZ106",FALSE,"chr6",113144650,113144750,113144700,279,"-",67367,TRUE,FALSE,FALSE,"distant",113077333,-67367,FALSE,NA,-680.13,FALSE,"disruption"
"Herc4","67345","chr10","+",63243810,63317878,63299400,63338400,"N3-9",FALSE,FALSE,NA,FALSE,"chr10",63299350,63299450,63299400,2907,"-",0,FALSE,FALSE,FALSE,"intronic_opposite",63243810,55590,FALSE,29,75.05,FALSE,"disruption"
"Herc4","67345","chr10","+",63243810,63317878,63299400,63338400,"B3-9",FALSE,FALSE,NA,FALSE,"chr10",63299350,63299450,63299400,10939,"-",0,FALSE,FALSE,FALSE,"intronic_opposite",63243810,55590,FALSE,29,75.05,FALSE,"disruption"
"Herc4","67345","chr10","+",63243810,63317878,63299400,63338400,"N3-1-15",TRUE,TRUE,"CMZ111,CMZ356",FALSE,"chr10",63323750,63323850,63323800,875,"+",5922,TRUE,FALSE,TRUE,"distant",63243810,79990,FALSE,NA,108,FALSE,"disruption"
"Herc4","67345","chr10","+",63243810,63317878,63299400,63338400,"B3-1-15",TRUE,TRUE,"CMZ111,CMZ356",FALSE,"chr10",63325650,63325750,63325700,905,"-",7822,TRUE,FALSE,FALSE,"distant",63243810,81890,FALSE,NA,110.56,FALSE,"disruption"
"Herc4","67345","chr10","+",63243810,63317878,63299400,63338400,"N-A03",TRUE,TRUE,"CMZ111,CMZ356",FALSE,"chr10",63326350,63326450,63326400,2541,"+",8522,TRUE,FALSE,TRUE,"distant",63243810,82590,FALSE,NA,111.51,FALSE,"disruption"
"Herc4","67345","chr10","+",63243810,63317878,63299400,63338400,"N3-1-15",TRUE,TRUE,"CMZ111,CMZ356",FALSE,"chr10",63326350,63326450,63326400,4148,"+",8522,TRUE,FALSE,TRUE,"distant",63243810,82590,FALSE,NA,111.51,FALSE,"disruption"
"Herc4","67345","chr10","+",63243810,63317878,63299400,63338400,"B-A03",TRUE,TRUE,"CMZ111,CMZ356",FALSE,"chr10",63326450,63326550,63326500,11091,"+",8622,TRUE,FALSE,TRUE,"distant",63243810,82690,FALSE,NA,111.64,FALSE,"disruption"
"Herc4","67345","chr10","+",63243810,63317878,63299400,63338400,"B3-1-15",TRUE,TRUE,"CMZ111,CMZ356",FALSE,"chr10",63326450,63326550,63326500,8195,"+",8622,TRUE,FALSE,TRUE,"distant",63243810,82690,FALSE,NA,111.64,FALSE,"disruption"
"Hnrnpa1","15382","chr15","+",103240432,103246692,103190500,103229500,"B3-9",FALSE,FALSE,NA,FALSE,"chr15",103190450,103190550,103190500,10436,"+",49932,TRUE,FALSE,TRUE,"distant",103240432,-49932,FALSE,NA,-797.64,FALSE,"disruption"
"Hnrnpa1","15382","chr15","+",103240432,103246692,103190500,103229500,"N3-9",FALSE,FALSE,NA,FALSE,"chr15",103190450,103190550,103190500,5039,"+",49932,TRUE,FALSE,TRUE,"distant",103240432,-49932,FALSE,NA,-797.64,FALSE,"disruption"
"Hnrnpa1","15382","chr15","+",103240432,103246692,103190500,103229500,"B-2-21",FALSE,TRUE,"CMZ353",FALSE,"chr15",103214050,103214150,103214100,1197,"-",26332,TRUE,FALSE,FALSE,"distant",103240432,-26332,FALSE,NA,-420.64,FALSE,"disruption"
"Hnrnpa1","15382","chr15","+",103240432,103246692,103190500,103229500,"N3-2-2",TRUE,FALSE,NA,FALSE,"chr15",103216350,103216450,103216400,16618,"-",24032,TRUE,FALSE,FALSE,"distant",103240432,-24032,FALSE,NA,-383.9,FALSE,"disruption"
"Hnrnpa1","15382","chr15","+",103240432,103246692,103190500,103229500,"B3-2-2",TRUE,FALSE,NA,FALSE,"chr15",103216350,103216450,103216400,10368,"-",24032,TRUE,FALSE,FALSE,"distant",103240432,-24032,FALSE,NA,-383.9,FALSE,"disruption"
"Hnrnpa1","15382","chr15","+",103240432,103246692,103190500,103229500,"N-B09",TRUE,TRUE,"CMZ104",FALSE,"chr15",103218850,103218950,103218900,14068,"-",21532,TRUE,FALSE,FALSE,"distant",103240432,-21532,FALSE,NA,-343.96,FALSE,"disruption"
"Hnrnpa1","15382","chr15","+",103240432,103246692,103190500,103229500,"N3-c-9",FALSE,FALSE,NA,FALSE,"chr15",103225450,103225550,103225500,5056,"-",14932,TRUE,FALSE,FALSE,"distant",103240432,-14932,FALSE,NA,-238.53,FALSE,"disruption"
"Hnrnpd","11991","chr5","-",99955935,99978938,99959500,99976500,"N-A02",FALSE,TRUE,"CMZ181",FALSE,"chr5",99959450,99959550,99959500,6412,"-",0,FALSE,TRUE,FALSE,"exonic_opposite",99978938,19438,FALSE,NA,84.5,FALSE,"disruption"
"Hnrnpd","11991","chr5","-",99955935,99978938,99959500,99976500,"N3-1-11",TRUE,FALSE,NA,FALSE,"chr5",99965350,99965450,99965400,992,"+",0,FALSE,FALSE,TRUE,"intronic_same",99978938,13538,FALSE,19,58.85,FALSE,"disruption"
"Hnrnpd","11991","chr5","-",99955935,99978938,99959500,99976500,"B-B05",FALSE,FALSE,NA,FALSE,"chr5",99967750,99967850,99967800,5059,"+",0,FALSE,FALSE,TRUE,"intronic_same",99978938,11138,FALSE,13,48.42,FALSE,"disruption"
"Hnrnpd","11991","chr5","-",99955935,99978938,99959500,99976500,"B3-14",FALSE,FALSE,NA,FALSE,"chr5",99968250,99968350,99968300,639,"-",0,FALSE,FALSE,FALSE,"intronic_opposite",99978938,10638,FALSE,13,46.25,FALSE,"disruption"
"Hnrnpd","11991","chr5","-",99955935,99978938,99959500,99976500,"B3-1",FALSE,FALSE,NA,FALSE,"chr5",99969050,99969150,99969100,15818,"+",0,FALSE,FALSE,TRUE,"intronic_same",99978938,9838,FALSE,13,42.77,FALSE,"disruption"
"Hnrnpd","11991","chr5","-",99955935,99978938,99959500,99976500,"B3-13",FALSE,FALSE,NA,FALSE,"chr5",99969050,99969150,99969100,17785,"+",0,FALSE,FALSE,TRUE,"intronic_same",99978938,9838,FALSE,13,42.77,FALSE,"disruption"
"Hnrnpd","11991","chr5","-",99955935,99978938,99959500,99976500,"B3-10",FALSE,FALSE,NA,FALSE,"chr5",99969050,99969150,99969100,27514,"+",0,FALSE,FALSE,TRUE,"intronic_same",99978938,9838,FALSE,13,42.77,FALSE,"disruption"
"Hnrnpd","11991","chr5","-",99955935,99978938,99959500,99976500,"N3-1",FALSE,FALSE,NA,FALSE,"chr5",99969050,99969150,99969100,994,"+",0,FALSE,FALSE,TRUE,"intronic_same",99978938,9838,FALSE,13,42.77,FALSE,"disruption"
"Hnrnpd","11991","chr5","-",99955935,99978938,99959500,99976500,"B3-5",FALSE,FALSE,NA,FALSE,"chr5",99972650,99972750,99972700,494,"+",0,FALSE,FALSE,TRUE,"intronic_same",99978938,6238,FALSE,13,27.12,FALSE,"disruption"
"Huwe1","59026","chrX","+",151800883,151935417,151815400,151854400,"N3-7",FALSE,FALSE,NA,FALSE,"chrX",151815350,151815450,151815400,458,"+",0,FALSE,FALSE,TRUE,"intronic_same",151800883,14517,FALSE,18,10.79,TRUE,"activation"
"Huwe1","59026","chrX","+",151800883,151935417,151815400,151854400,"N-B02",TRUE,FALSE,NA,FALSE,"chrX",151817750,151817850,151817800,248,"-",0,FALSE,FALSE,FALSE,"intronic_opposite",151800883,16917,FALSE,18,12.57,FALSE,"disruption"
"Huwe1","59026","chrX","+",151800883,151935417,151815400,151854400,"N3-1-11",TRUE,FALSE,NA,FALSE,"chrX",151817750,151817850,151817800,9810,"-",0,FALSE,FALSE,FALSE,"intronic_opposite",151800883,16917,FALSE,18,12.57,FALSE,"disruption"
"Huwe1","59026","chrX","+",151800883,151935417,151815400,151854400,"B3-1-11",TRUE,FALSE,NA,FALSE,"chrX",151817750,151817850,151817800,12715,"-",0,FALSE,FALSE,FALSE,"intronic_opposite",151800883,16917,FALSE,18,12.57,FALSE,"disruption"
"Huwe1","59026","chrX","+",151800883,151935417,151815400,151854400,"B-A08",TRUE,FALSE,NA,FALSE,"chrX",151832550,151832650,151832600,2582,"+",0,FALSE,FALSE,TRUE,"intronic_same",151800883,31717,FALSE,18,23.58,FALSE,"disruption"
"Huwe1","59026","chrX","+",151800883,151935417,151815400,151854400,"N-A08",TRUE,FALSE,NA,FALSE,"chrX",151832550,151832650,151832600,972,"+",0,FALSE,FALSE,TRUE,"intronic_same",151800883,31717,FALSE,18,23.58,FALSE,"disruption"
"Huwe1","59026","chrX","+",151800883,151935417,151815400,151854400,"N-A12",FALSE,FALSE,NA,FALSE,"chrX",151833850,151833950,151833900,769,"-",0,FALSE,FALSE,FALSE,"intronic_opposite",151800883,33017,FALSE,18,24.54,FALSE,"disruption"
"Huwe1","59026","chrX","+",151800883,151935417,151815400,151854400,"B-A02",FALSE,TRUE,"CMZ181",FALSE,"chrX",151844150,151844250,151844200,2077,"+",0,FALSE,FALSE,TRUE,"intronic_same",151800883,43317,FALSE,26,32.2,FALSE,"disruption"
"Huwe1","59026","chrX","+",151800883,151935417,151815400,151854400,"N-A02",FALSE,TRUE,"CMZ181",FALSE,"chrX",151844150,151844250,151844200,951,"+",0,FALSE,FALSE,TRUE,"intronic_same",151800883,43317,FALSE,26,32.2,FALSE,"disruption"
"Huwe1","59026","chrX","+",151800883,151935417,151815400,151854400,"N-B10",FALSE,FALSE,NA,FALSE,"chrX",151849850,151849950,151849900,1200,"-",0,FALSE,FALSE,FALSE,"intronic_opposite",151800883,49017,FALSE,27,36.43,FALSE,"disruption"
"Huwe1","59026","chrX","+",151800883,151935417,151815400,151854400,"B-B10",FALSE,FALSE,NA,FALSE,"chrX",151849850,151849950,151849900,30390,"-",0,FALSE,FALSE,FALSE,"intronic_opposite",151800883,49017,FALSE,27,36.43,FALSE,"disruption"
"Igdcc4","56741","chr9","+",65101486,65137940,65051200,65090200,"N-1-10",FALSE,FALSE,NA,FALSE,"chr9",65051150,65051250,65051200,69,"+",50286,TRUE,FALSE,TRUE,"distant",65101486,-50286,FALSE,NA,-137.94,FALSE,"disruption"
"Igdcc4","56741","chr9","+",65101486,65137940,65051200,65090200,"B-1-10",FALSE,FALSE,NA,FALSE,"chr9",65058550,65058650,65058600,63,"-",42886,TRUE,FALSE,FALSE,"distant",65101486,-42886,FALSE,NA,-117.64,FALSE,"disruption"
"Igdcc4","56741","chr9","+",65101486,65137940,65051200,65090200,"B3-21",FALSE,FALSE,NA,FALSE,"chr9",65075850,65075950,65075900,1710,"+",25586,TRUE,FALSE,TRUE,"distant",65101486,-25586,FALSE,NA,-70.19,FALSE,"disruption"
"Igdcc4","56741","chr9","+",65101486,65137940,65051200,65090200,"B3-21",FALSE,FALSE,NA,FALSE,"chr9",65077450,65077550,65077500,1308,"+",23986,TRUE,FALSE,TRUE,"distant",65101486,-23986,FALSE,NA,-65.8,FALSE,"disruption"
"Igdcc4","56741","chr9","+",65101486,65137940,65051200,65090200,"N3-21",FALSE,FALSE,NA,FALSE,"chr9",65077450,65077550,65077500,808,"+",23986,TRUE,FALSE,TRUE,"distant",65101486,-23986,FALSE,NA,-65.8,FALSE,"disruption"
"Igdcc4","56741","chr9","+",65101486,65137940,65051200,65090200,"B3-9",FALSE,FALSE,NA,FALSE,"chr9",65079150,65079250,65079200,3706,"+",22286,TRUE,FALSE,TRUE,"distant",65101486,-22286,FALSE,NA,-61.13,FALSE,"disruption"
"Igdcc4","56741","chr9","+",65101486,65137940,65051200,65090200,"N3-9",FALSE,FALSE,NA,FALSE,"chr9",65079150,65079250,65079200,1647,"+",22286,TRUE,FALSE,TRUE,"distant",65101486,-22286,FALSE,NA,-61.13,FALSE,"disruption"
"Il18","16173","chr9","+",50554827,50581840,50601500,50618500,"N-A02",FALSE,TRUE,"CMZ181",FALSE,"chr9",50601450,50601550,50601500,14707,"-",19660,TRUE,FALSE,FALSE,"distant",50554827,46673,FALSE,NA,172.78,FALSE,"disruption"
"Il18","16173","chr9","+",50554827,50581840,50601500,50618500,"B-A02",FALSE,TRUE,"CMZ181",FALSE,"chr9",50601450,50601550,50601500,1036,"-",19660,TRUE,FALSE,FALSE,"distant",50554827,46673,FALSE,NA,172.78,FALSE,"disruption"
"Il18","16173","chr9","+",50554827,50581840,50601500,50618500,"B3-1",FALSE,FALSE,NA,FALSE,"chr9",50606450,50606550,50606500,2546,"-",24660,TRUE,FALSE,FALSE,"distant",50554827,51673,FALSE,NA,191.29,FALSE,"disruption"
"Il18","16173","chr9","+",50554827,50581840,50601500,50618500,"N3-c-14",FALSE,FALSE,NA,FALSE,"chr9",50608350,50608450,50608400,1086,"+",26560,TRUE,FALSE,TRUE,"distant",50554827,53573,FALSE,NA,198.32,FALSE,"disruption"
"Il18","16173","chr9","+",50554827,50581840,50601500,50618500,"N-B07",TRUE,TRUE,"CMZ107",FALSE,"chr9",50616050,50616150,50616100,7912,"-",34260,TRUE,FALSE,FALSE,"distant",50554827,61273,FALSE,NA,226.83,FALSE,"disruption"
"Inpp5e","64436","chr2","-",26396249,26409203,26388200,26497200,"B3-3",FALSE,FALSE,NA,FALSE,"chr2",26388150,26388250,26388200,942,"+",8049,TRUE,FALSE,TRUE,"distant",26409203,21003,FALSE,NA,162.14,FALSE,"disruption"
"Inpp5e","64436","chr2","-",26396249,26409203,26388200,26497200,"N3-1-13",FALSE,TRUE,"CMZ182,CMZ357",FALSE,"chr2",26405350,26405450,26405400,868,"-",0,FALSE,FALSE,FALSE,"intronic_opposite",26409203,3803,FALSE,6,29.36,FALSE,"disruption"
"Inpp5e","64436","chr2","-",26396249,26409203,26388200,26497200,"B-A07",FALSE,TRUE,"CMZ182,CMZ357",FALSE,"chr2",26405350,26405450,26405400,2119,"-",0,FALSE,FALSE,FALSE,"intronic_opposite",26409203,3803,FALSE,6,29.36,FALSE,"disruption"
"Inpp5e","64436","chr2","-",26396249,26409203,26388200,26497200,"N-3-4",FALSE,FALSE,NA,FALSE,"chr2",26417050,26417150,26417100,9676,"-",7897,TRUE,FALSE,FALSE,"distant",26409203,-7897,FALSE,NA,-60.96,FALSE,"disruption"
"Inpp5e","64436","chr2","-",26396249,26409203,26388200,26497200,"N3-21",FALSE,FALSE,NA,FALSE,"chr2",26417050,26417150,26417100,15269,"-",7897,TRUE,FALSE,FALSE,"distant",26409203,-7897,FALSE,NA,-60.96,FALSE,"disruption"
"Inpp5e","64436","chr2","-",26396249,26409203,26388200,26497200,"B-3-4",FALSE,FALSE,NA,FALSE,"chr2",26417050,26417150,26417100,1436,"-",7897,TRUE,FALSE,FALSE,"distant",26409203,-7897,FALSE,NA,-60.96,FALSE,"disruption"
"Inpp5e","64436","chr2","-",26396249,26409203,26388200,26497200,"B3-21",FALSE,FALSE,NA,FALSE,"chr2",26417050,26417150,26417100,5738,"-",7897,TRUE,FALSE,FALSE,"distant",26409203,-7897,FALSE,NA,-60.96,FALSE,"disruption"
"Inpp5e","64436","chr2","-",26396249,26409203,26388200,26497200,"B-3-1",FALSE,FALSE,NA,FALSE,"chr2",26432550,26432650,26432600,3379,"+",23397,TRUE,FALSE,TRUE,"distant",26409203,-23397,FALSE,NA,-180.62,FALSE,"disruption"
"Inpp5e","64436","chr2","-",26396249,26409203,26388200,26497200,"N-3-1",FALSE,FALSE,NA,FALSE,"chr2",26432550,26432650,26432600,4899,"+",23397,TRUE,FALSE,TRUE,"distant",26409203,-23397,FALSE,NA,-180.62,FALSE,"disruption"
"Inpp5e","64436","chr2","-",26396249,26409203,26388200,26497200,"B3-5",FALSE,FALSE,NA,FALSE,"chr2",26459250,26459350,26459300,564,"+",50097,TRUE,FALSE,TRUE,"distant",26409203,-50097,FALSE,NA,-386.73,FALSE,"disruption"
"Inpp5e","64436","chr2","-",26396249,26409203,26388200,26497200,"N-A04",FALSE,TRUE,"CMZ101",FALSE,"chr2",26461050,26461150,26461100,866,"+",51897,TRUE,FALSE,TRUE,"distant",26409203,-51897,FALSE,NA,-400.63,FALSE,"disruption"
"Inpp5e","64436","chr2","-",26396249,26409203,26388200,26497200,"B-3-1",FALSE,FALSE,NA,FALSE,"chr2",26462650,26462750,26462700,181,"+",53497,TRUE,FALSE,TRUE,"distant",26409203,-53497,FALSE,NA,-412.98,FALSE,"disruption"
"Inpp5e","64436","chr2","-",26396249,26409203,26388200,26497200,"N-3-1",FALSE,FALSE,NA,FALSE,"chr2",26462650,26462750,26462700,819,"+",53497,TRUE,FALSE,TRUE,"distant",26409203,-53497,FALSE,NA,-412.98,FALSE,"disruption"
"Inpp5e","64436","chr2","-",26396249,26409203,26388200,26497200,"B-1-10",FALSE,FALSE,NA,FALSE,"chr2",26481550,26481650,26481600,87,"+",72397,TRUE,FALSE,TRUE,"distant",26409203,-72397,FALSE,NA,-558.88,FALSE,"disruption"
"Jarid2","16468","chr13","+",44729535,44921643,44738700,44893700,"B3-5",FALSE,FALSE,NA,FALSE,"chr13",44738650,44738750,44738700,485,"-",0,FALSE,FALSE,FALSE,"intronic_opposite",44729535,9165,FALSE,17,4.77,FALSE,"disruption"
"Jarid2","16468","chr13","+",44729535,44921643,44738700,44893700,"N-B02",TRUE,FALSE,NA,FALSE,"chr13",44780250,44780350,44780300,412,"-",0,FALSE,FALSE,FALSE,"intronic_opposite",44729535,50765,FALSE,18,26.43,FALSE,"disruption"
"Jarid2","16468","chr13","+",44729535,44921643,44738700,44893700,"N3-2-22",TRUE,TRUE,"CMZ347",FALSE,"chr13",44781150,44781250,44781200,5140,"+",0,FALSE,FALSE,TRUE,"intronic_same",44729535,51665,FALSE,18,26.89,FALSE,"disruption"
"Jarid2","16468","chr13","+",44729535,44921643,44738700,44893700,"N-A07",FALSE,TRUE,"CMZ182,CMZ357",FALSE,"chr13",44820950,44821050,44821000,184,"-",0,FALSE,FALSE,FALSE,"intronic_opposite",44729535,91465,FALSE,18,47.61,FALSE,"disruption"
"Jarid2","16468","chr13","+",44729535,44921643,44738700,44893700,"N3-6",TRUE,FALSE,NA,FALSE,"chr13",44858450,44858550,44858500,1772,"-",0,FALSE,FALSE,FALSE,"intronic_opposite",44729535,128965,FALSE,25,67.13,FALSE,"disruption"
"Jarid2","16468","chr13","+",44729535,44921643,44738700,44893700,"B3-12",FALSE,FALSE,NA,FALSE,"chr13",44873150,44873250,44873200,1311,"-",0,FALSE,FALSE,FALSE,"intronic_opposite",44729535,143665,FALSE,25,74.78,FALSE,"disruption"
"Jarid2","16468","chr13","+",44729535,44921643,44738700,44893700,"N-B07",TRUE,TRUE,"CMZ107",FALSE,"chr13",44887750,44887850,44887800,8339,"-",0,FALSE,FALSE,FALSE,"intronic_opposite",44729535,158265,FALSE,32,82.38,FALSE,"disruption"
"Jarid2","16468","chr13","+",44729535,44921643,44738700,44893700,"N3-18",TRUE,FALSE,NA,FALSE,"chr13",44888950,44889050,44889000,24479,"-",0,FALSE,FALSE,FALSE,"intronic_opposite",44729535,159465,FALSE,32,83.01,FALSE,"disruption"
"Jarid2","16468","chr13","+",44729535,44921643,44738700,44893700,"B3-14",FALSE,FALSE,NA,FALSE,"chr13",44890250,44890350,44890300,550,"+",0,FALSE,FALSE,TRUE,"intronic_same",44729535,160765,FALSE,32,83.68,FALSE,"disruption"
"Kansl1","76719","chr11","-",104333229,104468861,104372000,104442000,"B-3-1",FALSE,FALSE,NA,FALSE,"chr11",104371950,104372050,104372000,227,"+",0,FALSE,FALSE,TRUE,"intronic_same",104468861,96861,FALSE,9,71.41,FALSE,"disruption"
"Kansl1","76719","chr11","-",104333229,104468861,104372000,104442000,"B-2-12",FALSE,TRUE,"CMZ354",FALSE,"chr11",104394650,104394750,104394700,4306,"+",0,FALSE,FALSE,TRUE,"intronic_same",104468861,74161,FALSE,8,54.68,FALSE,"disruption"
"Kansl1","76719","chr11","-",104333229,104468861,104372000,104442000,"N-2-12",FALSE,TRUE,"CMZ354",FALSE,"chr11",104394650,104394750,104394700,18552,"+",0,FALSE,FALSE,TRUE,"intronic_same",104468861,74161,FALSE,8,54.68,FALSE,"disruption"
"Kansl1","76719","chr11","-",104333229,104468861,104372000,104442000,"N3-c-14",FALSE,FALSE,NA,FALSE,"chr11",104398250,104398350,104398300,631,"+",0,FALSE,FALSE,TRUE,"intronic_same",104468861,70561,FALSE,8,52.02,FALSE,"disruption"
"Kansl1","76719","chr11","-",104333229,104468861,104372000,104442000,"N3-7",FALSE,FALSE,NA,FALSE,"chr11",104399150,104399250,104399200,479,"+",0,FALSE,FALSE,TRUE,"intronic_same",104468861,69661,FALSE,8,51.36,FALSE,"disruption"
"Kansl1","76719","chr11","-",104333229,104468861,104372000,104442000,"N-2-25",FALSE,TRUE,"CMZ349",FALSE,"chr11",104402550,104402650,104402600,2307,"+",0,FALSE,FALSE,TRUE,"intronic_same",104468861,66261,FALSE,8,48.85,FALSE,"disruption"
"Kansl1","76719","chr11","-",104333229,104468861,104372000,104442000,"N-2-14",FALSE,FALSE,NA,FALSE,"chr11",104415550,104415650,104415600,20583,"-",0,FALSE,FALSE,FALSE,"intronic_opposite",104468861,53261,FALSE,8,39.27,FALSE,"disruption"
"Kansl1","76719","chr11","-",104333229,104468861,104372000,104442000,"B3-c-14",FALSE,FALSE,NA,FALSE,"chr11",104417950,104418050,104418000,511,"-",0,FALSE,FALSE,FALSE,"intronic_opposite",104468861,50861,FALSE,8,37.5,FALSE,"disruption"
"Kansl1","76719","chr11","-",104333229,104468861,104372000,104442000,"B-1-6",FALSE,TRUE,"CMZ350",FALSE,"chr11",104419650,104419750,104419700,427,"+",0,FALSE,FALSE,TRUE,"intronic_same",104468861,49161,FALSE,8,36.25,FALSE,"disruption"
"Kansl1","76719","chr11","-",104333229,104468861,104372000,104442000,"B-3-4",FALSE,FALSE,NA,FALSE,"chr11",104420350,104420450,104420400,11449,"-",0,FALSE,FALSE,FALSE,"intronic_opposite",104468861,48461,FALSE,8,35.73,FALSE,"disruption"
"Kansl1","76719","chr11","-",104333229,104468861,104372000,104442000,"B3-21",FALSE,FALSE,NA,FALSE,"chr11",104420350,104420450,104420400,22054,"-",0,FALSE,FALSE,FALSE,"intronic_opposite",104468861,48461,FALSE,8,35.73,FALSE,"disruption"
"Kansl1","76719","chr11","-",104333229,104468861,104372000,104442000,"B3-21",FALSE,FALSE,NA,FALSE,"chr11",104427650,104427750,104427700,1063,"+",0,FALSE,FALSE,TRUE,"intronic_same",104468861,41161,FALSE,5,30.35,FALSE,"disruption"
"Kansl1","76719","chr11","-",104333229,104468861,104372000,104442000,"N-3-4",FALSE,FALSE,NA,FALSE,"chr11",104428050,104428150,104428100,1915,"-",0,FALSE,FALSE,FALSE,"intronic_opposite",104468861,40761,FALSE,5,30.05,FALSE,"disruption"
"Kansl1","76719","chr11","-",104333229,104468861,104372000,104442000,"N3-21",FALSE,FALSE,NA,FALSE,"chr11",104428050,104428150,104428100,16160,"-",0,FALSE,FALSE,FALSE,"intronic_opposite",104468861,40761,FALSE,5,30.05,FALSE,"disruption"
"Kansl1","76719","chr11","-",104333229,104468861,104372000,104442000,"B3-21",FALSE,FALSE,NA,FALSE,"chr11",104428050,104428150,104428100,1601,"-",0,FALSE,FALSE,FALSE,"intronic_opposite",104468861,40761,FALSE,5,30.05,FALSE,"disruption"
"Kansl1","76719","chr11","-",104333229,104468861,104372000,104442000,"B-1-4",FALSE,FALSE,NA,FALSE,"chr11",104431750,104431850,104431800,23,"+",0,FALSE,FALSE,TRUE,"intronic_same",104468861,37061,FALSE,5,27.32,FALSE,"disruption"
"Kansl1","76719","chr11","-",104333229,104468861,104372000,104442000,"B3-3",FALSE,FALSE,NA,FALSE,"chr11",104439950,104440050,104440000,13443,"+",0,FALSE,FALSE,TRUE,"intronic_same",104468861,28861,FALSE,5,21.28,FALSE,"disruption"
"Kansl1","76719","chr11","-",104333229,104468861,104372000,104442000,"N3-3",FALSE,FALSE,NA,FALSE,"chr11",104439950,104440050,104440000,279,"+",0,FALSE,FALSE,TRUE,"intronic_same",104468861,28861,FALSE,5,21.28,FALSE,"disruption"
"Kbtbd4","67136","chr2","+",90904740,90910561,90849600,91057600,"N-B02",TRUE,FALSE,NA,FALSE,"chr2",90849550,90849650,90849600,252,"+",55140,TRUE,FALSE,TRUE,"distant",90904740,-55140,FALSE,NA,-947.26,FALSE,"disruption"
"Kbtbd4","67136","chr2","+",90904740,90910561,90849600,91057600,"N-A12",FALSE,FALSE,NA,FALSE,"chr2",90912250,90912350,90912300,7302,"-",1739,FALSE,FALSE,FALSE,"intronic_opposite",90904740,7560,FALSE,NA,129.87,FALSE,"disruption"
"Kbtbd4","67136","chr2","+",90904740,90910561,90849600,91057600,"B-A12",FALSE,FALSE,NA,FALSE,"chr2",90912250,90912350,90912300,1089,"-",1739,FALSE,FALSE,FALSE,"intronic_opposite",90904740,7560,FALSE,NA,129.87,FALSE,"disruption"
"Kbtbd4","67136","chr2","+",90904740,90910561,90849600,91057600,"B-2-14",FALSE,FALSE,NA,FALSE,"chr2",90948950,90949050,90949000,20008,"+",38439,TRUE,FALSE,TRUE,"distant",90904740,44260,FALSE,NA,760.35,FALSE,"disruption"
"Kbtbd4","67136","chr2","+",90904740,90910561,90849600,91057600,"N-2-14",FALSE,FALSE,NA,FALSE,"chr2",90948950,90949050,90949000,22948,"+",38439,TRUE,FALSE,TRUE,"distant",90904740,44260,FALSE,NA,760.35,FALSE,"disruption"
"Kbtbd4","67136","chr2","+",90904740,90910561,90849600,91057600,"N-2-21",FALSE,TRUE,"CMZ353",FALSE,"chr2",90963850,90963950,90963900,135,"+",53339,TRUE,FALSE,TRUE,"distant",90904740,59160,FALSE,NA,1016.32,FALSE,"disruption"
"Kbtbd4","67136","chr2","+",90904740,90910561,90849600,91057600,"N-B02",TRUE,FALSE,NA,FALSE,"chr2",90968650,90968750,90968700,367,"+",58139,TRUE,FALSE,TRUE,"distant",90904740,63960,FALSE,NA,1098.78,FALSE,"disruption"
"Kbtbd4","67136","chr2","+",90904740,90910561,90849600,91057600,"B-B03",FALSE,TRUE,"CMZ183",FALSE,"chr2",90980050,90980150,90980100,1005,"+",69539,TRUE,FALSE,TRUE,"distant",90904740,75360,FALSE,NA,1294.62,FALSE,"disruption"
"Kbtbd4","67136","chr2","+",90904740,90910561,90849600,91057600,"B3-c-9",FALSE,FALSE,NA,FALSE,"chr2",91004550,91004650,91004600,1493,"+",94039,TRUE,FALSE,TRUE,"distant",90904740,99860,FALSE,NA,1715.51,FALSE,"disruption"
"Kbtbd4","67136","chr2","+",90904740,90910561,90849600,91057600,"N-B02",TRUE,FALSE,NA,FALSE,"chr2",91010850,91010950,91010900,623,"+",100339,TRUE,FALSE,TRUE,"distant",90904740,106160,FALSE,NA,1823.74,FALSE,"disruption"
"Kbtbd4","67136","chr2","+",90904740,90910561,90849600,91057600,"N3-2-36",TRUE,FALSE,NA,FALSE,"chr2",91010950,91011050,91011000,5012,"-",100439,TRUE,FALSE,FALSE,"distant",90904740,106260,FALSE,NA,1825.46,FALSE,"disruption"
"Kbtbd4","67136","chr2","+",90904740,90910561,90849600,91057600,"B3-c-32",TRUE,FALSE,NA,FALSE,"chr2",91010950,91011050,91011000,11908,"-",100439,TRUE,FALSE,FALSE,"distant",90904740,106260,FALSE,NA,1825.46,FALSE,"disruption"
"Kbtbd4","67136","chr2","+",90904740,90910561,90849600,91057600,"B3-2-36",TRUE,FALSE,NA,FALSE,"chr2",91010950,91011050,91011000,9677,"-",100439,TRUE,FALSE,FALSE,"distant",90904740,106260,FALSE,NA,1825.46,FALSE,"disruption"
"Kbtbd4","67136","chr2","+",90904740,90910561,90849600,91057600,"N3-2-36",TRUE,FALSE,NA,FALSE,"chr2",91013750,91013850,91013800,2667,"-",103239,TRUE,FALSE,FALSE,"distant",90904740,109060,FALSE,NA,1873.56,FALSE,"disruption"
"Kbtbd4","67136","chr2","+",90904740,90910561,90849600,91057600,"B3-2-36",TRUE,FALSE,NA,FALSE,"chr2",91013750,91013850,91013800,1995,"-",103239,TRUE,FALSE,FALSE,"distant",90904740,109060,FALSE,NA,1873.56,FALSE,"disruption"
"Kdm2a","225876","chr19","-",4314419,4398285,4350100,4389100,"B3-4",FALSE,FALSE,NA,FALSE,"chr19",4350050,4350150,4350100,3000,"-",0,FALSE,FALSE,FALSE,"intronic_opposite",4398285,48185,FALSE,21,57.45,FALSE,"disruption"
"Kdm2a","225876","chr19","-",4314419,4398285,4350100,4389100,"B3-16",FALSE,FALSE,NA,FALSE,"chr19",4350050,4350150,4350100,1504,"-",0,FALSE,FALSE,FALSE,"intronic_opposite",4398285,48185,FALSE,21,57.45,FALSE,"disruption"
"Kdm2a","225876","chr19","-",4314419,4398285,4350100,4389100,"B3-1-3",TRUE,TRUE,"CMZ104",FALSE,"chr19",4353750,4353850,4353800,26675,"+",0,FALSE,FALSE,TRUE,"intronic_same",4398285,44485,FALSE,15,53.04,FALSE,"disruption"
"Kdm2a","225876","chr19","-",4314419,4398285,4350100,4389100,"N3-1-3",TRUE,TRUE,"CMZ104",FALSE,"chr19",4353750,4353850,4353800,13262,"+",0,FALSE,FALSE,TRUE,"intronic_same",4398285,44485,FALSE,15,53.04,FALSE,"disruption"
"Kdm2a","225876","chr19","-",4314419,4398285,4350100,4389100,"N-B11",TRUE,TRUE,"CMZ105",FALSE,"chr19",4364750,4364850,4364800,2365,"+",0,FALSE,FALSE,TRUE,"intronic_same",4398285,33485,FALSE,10,39.93,FALSE,"disruption"
"Kdm2a","225876","chr19","-",4314419,4398285,4350100,4389100,"B-2-25",FALSE,TRUE,"CMZ349",FALSE,"chr19",4367150,4367250,4367200,3600,"+",0,FALSE,FALSE,TRUE,"intronic_same",4398285,31085,FALSE,10,37.07,FALSE,"disruption"
"Kdm2a","225876","chr19","-",4314419,4398285,4350100,4389100,"N3-1-5",TRUE,TRUE,"CMZ108",FALSE,"chr19",4387050,4387150,4387100,1169,"+",0,FALSE,FALSE,TRUE,"intronic_same",4398285,11185,FALSE,10,13.34,TRUE,"activation"
"Kdm6a","22289","chrX","+",18162575,18279936,18184100,18293100,"N-1-6",FALSE,TRUE,"CMZ350",FALSE,"chrX",18184050,18184150,18184100,352,"-",0,FALSE,FALSE,FALSE,"intronic_opposite",18162575,21525,FALSE,5,18.34,FALSE,"disruption"
"Kdm6a","22289","chrX","+",18162575,18279936,18184100,18293100,"N-B09",TRUE,TRUE,"CMZ104",FALSE,"chrX",18195950,18196050,18196000,34048,"-",0,FALSE,FALSE,FALSE,"intronic_opposite",18162575,33425,FALSE,5,28.48,FALSE,"disruption"
"Kdm6a","22289","chrX","+",18162575,18279936,18184100,18293100,"N-B10",FALSE,FALSE,NA,FALSE,"chrX",18205150,18205250,18205200,290,"+",0,FALSE,FALSE,TRUE,"intronic_same",18162575,42625,FALSE,6,36.32,FALSE,"disruption"
"Kdm6a","22289","chrX","+",18162575,18279936,18184100,18293100,"B-1-2",TRUE,TRUE,"CMZ346",FALSE,"chrX",18209950,18210050,18210000,1302,"+",0,FALSE,FALSE,TRUE,"intronic_same",18162575,47425,FALSE,7,40.41,FALSE,"disruption"
"Kdm6a","22289","chrX","+",18162575,18279936,18184100,18293100,"N-1-2",TRUE,TRUE,"CMZ346",FALSE,"chrX",18209950,18210050,18210000,432,"+",0,FALSE,FALSE,TRUE,"intronic_same",18162575,47425,FALSE,7,40.41,FALSE,"disruption"
"Kdm6a","22289","chrX","+",18162575,18279936,18184100,18293100,"B-1-2",TRUE,TRUE,"CMZ346",FALSE,"chrX",18210050,18210150,18210100,371,"-",0,FALSE,FALSE,FALSE,"intronic_opposite",18162575,47525,FALSE,7,40.49,FALSE,"disruption"
"Kdm6a","22289","chrX","+",18162575,18279936,18184100,18293100,"B-1-6",FALSE,TRUE,"CMZ350",FALSE,"chrX",18211350,18211450,18211400,611,"+",0,FALSE,FALSE,TRUE,"intronic_same",18162575,48825,FALSE,7,41.6,FALSE,"disruption"
"Kdm6a","22289","chrX","+",18162575,18279936,18184100,18293100,"B3-7",FALSE,FALSE,NA,FALSE,"chrX",18213250,18213350,18213300,707,"+",0,FALSE,FALSE,TRUE,"intronic_same",18162575,50725,FALSE,7,43.22,FALSE,"disruption"
"Kdm6a","22289","chrX","+",18162575,18279936,18184100,18293100,"N3-7",FALSE,FALSE,NA,FALSE,"chrX",18213250,18213350,18213300,868,"+",0,FALSE,FALSE,TRUE,"intronic_same",18162575,50725,FALSE,7,43.22,FALSE,"disruption"
"Kdm6a","22289","chrX","+",18162575,18279936,18184100,18293100,"N3-c-9",FALSE,FALSE,NA,FALSE,"chrX",18214850,18214950,18214900,9803,"-",0,FALSE,FALSE,FALSE,"intronic_opposite",18162575,52325,FALSE,7,44.58,FALSE,"disruption"
"Kdm6a","22289","chrX","+",18162575,18279936,18184100,18293100,"B3-c-9",FALSE,FALSE,NA,FALSE,"chrX",18214850,18214950,18214900,1238,"-",0,FALSE,FALSE,FALSE,"intronic_opposite",18162575,52325,FALSE,7,44.58,FALSE,"disruption"
"Kdm6a","22289","chrX","+",18162575,18279936,18184100,18293100,"B-A02",FALSE,TRUE,"CMZ181",FALSE,"chrX",18218250,18218350,18218300,1014,"-",0,FALSE,FALSE,FALSE,"intronic_opposite",18162575,55725,FALSE,8,47.48,FALSE,"disruption"
"Kdm6a","22289","chrX","+",18162575,18279936,18184100,18293100,"N-2-15",FALSE,FALSE,NA,FALSE,"chrX",18225850,18225950,18225900,212,"+",0,FALSE,FALSE,TRUE,"intronic_same",18162575,63325,FALSE,9,53.96,FALSE,"disruption"
"Kdm6a","22289","chrX","+",18162575,18279936,18184100,18293100,"N3-c-14",FALSE,FALSE,NA,FALSE,"chrX",18232150,18232250,18232200,1359,"+",0,FALSE,FALSE,TRUE,"intronic_same",18162575,69625,FALSE,9,59.33,FALSE,"disruption"
"Kdm6a","22289","chrX","+",18162575,18279936,18184100,18293100,"N-2-17",TRUE,TRUE,"CMZ345",FALSE,"chrX",18233650,18233750,18233700,22130,"-",0,FALSE,FALSE,FALSE,"intronic_opposite",18162575,71125,FALSE,9,60.6,FALSE,"disruption"
"Kdm6a","22289","chrX","+",18162575,18279936,18184100,18293100,"B-2-17",TRUE,TRUE,"CMZ345",FALSE,"chrX",18233650,18233750,18233700,5507,"-",0,FALSE,FALSE,FALSE,"intronic_opposite",18162575,71125,FALSE,9,60.6,FALSE,"disruption"
"Kdm6a","22289","chrX","+",18162575,18279936,18184100,18293100,"B3-12",FALSE,FALSE,NA,FALSE,"chrX",18233650,18233750,18233700,598,"-",0,FALSE,FALSE,FALSE,"intronic_opposite",18162575,71125,FALSE,9,60.6,FALSE,"disruption"
"Kdm6a","22289","chrX","+",18162575,18279936,18184100,18293100,"N3-17",TRUE,FALSE,NA,FALSE,"chrX",18233750,18233850,18233800,2078,"-",0,FALSE,FALSE,FALSE,"intronic_opposite",18162575,71225,FALSE,9,60.69,FALSE,"disruption"
"Kdm6a","22289","chrX","+",18162575,18279936,18184100,18293100,"B3-17",TRUE,FALSE,NA,FALSE,"chrX",18233750,18233850,18233800,13269,"-",0,FALSE,FALSE,FALSE,"intronic_opposite",18162575,71225,FALSE,9,60.69,FALSE,"disruption"
"Kdm6a","22289","chrX","+",18162575,18279936,18184100,18293100,"B3-3",FALSE,FALSE,NA,FALSE,"chrX",18239750,18239850,18239800,1131,"-",0,FALSE,FALSE,FALSE,"intronic_opposite",18162575,77225,FALSE,13,65.8,FALSE,"disruption"
"Kdm6a","22289","chrX","+",18162575,18279936,18184100,18293100,"N-2-17",TRUE,TRUE,"CMZ345",FALSE,"chrX",18246450,18246550,18246500,4197,"-",0,FALSE,FALSE,FALSE,"intronic_opposite",18162575,83925,FALSE,19,71.51,FALSE,"disruption"
"Kdm6a","22289","chrX","+",18162575,18279936,18184100,18293100,"N3-12",FALSE,FALSE,NA,FALSE,"chrX",18251050,18251150,18251100,1035,"-",0,FALSE,TRUE,FALSE,"exonic_opposite",18162575,88525,FALSE,NA,75.43,FALSE,"disruption"
"Kdm6a","22289","chrX","+",18162575,18279936,18184100,18293100,"B-A11",FALSE,TRUE,"CMZ103",FALSE,"chrX",18260750,18260850,18260800,9949,"+",0,FALSE,FALSE,TRUE,"intronic_same",18162575,98225,FALSE,31,83.69,FALSE,"disruption"
"Kdm6a","22289","chrX","+",18162575,18279936,18184100,18293100,"N-A02",FALSE,TRUE,"CMZ181",FALSE,"chrX",18267750,18267850,18267800,734,"-",0,FALSE,FALSE,FALSE,"intronic_opposite",18162575,105225,FALSE,36,89.66,FALSE,"disruption"
"Kdm6a","22289","chrX","+",18162575,18279936,18184100,18293100,"N3-1",FALSE,FALSE,NA,FALSE,"chrX",18283850,18283950,18283900,9127,"-",3964,TRUE,FALSE,FALSE,"distant",18162575,121325,FALSE,NA,103.38,FALSE,"disruption"
"Kif9","16578","chr9","+",110476958,110525179,110536800,110606800,"N3-12",FALSE,FALSE,NA,FALSE,"chr9",110536750,110536850,110536800,2458,"-",11621,TRUE,FALSE,FALSE,"distant",110476958,59842,FALSE,NA,124.1,FALSE,"disruption"
"Kif9","16578","chr9","+",110476958,110525179,110536800,110606800,"B-2-12",FALSE,TRUE,"CMZ354",FALSE,"chr9",110542550,110542650,110542600,1562,"+",17421,TRUE,FALSE,TRUE,"distant",110476958,65642,FALSE,NA,136.13,FALSE,"disruption"
"Kif9","16578","chr9","+",110476958,110525179,110536800,110606800,"B-2-14",FALSE,FALSE,NA,FALSE,"chr9",110552750,110552850,110552800,11995,"-",27621,TRUE,FALSE,FALSE,"distant",110476958,75842,FALSE,NA,157.28,FALSE,"disruption"
"Kif9","16578","chr9","+",110476958,110525179,110536800,110606800,"N-2-23",FALSE,FALSE,NA,FALSE,"chr9",110557350,110557450,110557400,2835,"-",32221,TRUE,FALSE,FALSE,"distant",110476958,80442,FALSE,NA,166.82,FALSE,"disruption"
"Kif9","16578","chr9","+",110476958,110525179,110536800,110606800,"B-1-4",FALSE,FALSE,NA,FALSE,"chr9",110563350,110563450,110563400,25,"-",38221,TRUE,FALSE,FALSE,"distant",110476958,86442,FALSE,NA,179.26,FALSE,"disruption"
"Kif9","16578","chr9","+",110476958,110525179,110536800,110606800,"N3-1-11",TRUE,FALSE,NA,FALSE,"chr9",110572250,110572350,110572300,2083,"+",47121,TRUE,FALSE,TRUE,"distant",110476958,95342,FALSE,NA,197.72,FALSE,"disruption"
"Kif9","16578","chr9","+",110476958,110525179,110536800,110606800,"B-A08",TRUE,FALSE,NA,FALSE,"chr9",110578750,110578850,110578800,1953,"-",53621,TRUE,FALSE,FALSE,"distant",110476958,101842,FALSE,NA,211.2,FALSE,"disruption"
"Kif9","16578","chr9","+",110476958,110525179,110536800,110606800,"B-A11",FALSE,TRUE,"CMZ103",FALSE,"chr9",110598350,110598450,110598400,14910,"+",73221,TRUE,FALSE,TRUE,"distant",110476958,121442,FALSE,NA,251.84,FALSE,"disruption"
"Klhl8","246293","chr5","-",103861973,103911259,103693200,103901200,"B-B09",TRUE,TRUE,"CMZ104",FALSE,"chr5",103693150,103693250,103693200,16142,"-",168773,TRUE,FALSE,FALSE,"distant",103911259,218059,FALSE,NA,442.44,FALSE,"disruption"
"Klhl8","246293","chr5","-",103861973,103911259,103693200,103901200,"N-B08",TRUE,TRUE,"CMZ106",FALSE,"chr5",103693850,103693950,103693900,569,"-",168073,TRUE,FALSE,FALSE,"distant",103911259,217359,FALSE,NA,441.02,FALSE,"disruption"
"Klhl8","246293","chr5","-",103861973,103911259,103693200,103901200,"B-B08",TRUE,TRUE,"CMZ106",FALSE,"chr5",103693850,103693950,103693900,875,"-",168073,TRUE,FALSE,FALSE,"distant",103911259,217359,FALSE,NA,441.02,FALSE,"disruption"
"Klhl8","246293","chr5","-",103861973,103911259,103693200,103901200,"B3-c-9",FALSE,FALSE,NA,FALSE,"chr5",103698550,103698650,103698600,1865,"-",163373,TRUE,FALSE,FALSE,"distant",103911259,212659,FALSE,NA,431.48,FALSE,"disruption"
"Klhl8","246293","chr5","-",103861973,103911259,103693200,103901200,"N-B10",FALSE,FALSE,NA,FALSE,"chr5",103791250,103791350,103791300,335,"+",70673,TRUE,FALSE,TRUE,"distant",103911259,119959,FALSE,NA,243.39,FALSE,"disruption"
"Klhl8","246293","chr5","-",103861973,103911259,103693200,103901200,"B3-5",FALSE,FALSE,NA,FALSE,"chr5",103799650,103799750,103799700,217,"+",62273,TRUE,FALSE,TRUE,"distant",103911259,111559,FALSE,NA,226.35,FALSE,"disruption"
"Klhl8","246293","chr5","-",103861973,103911259,103693200,103901200,"N-A07",FALSE,TRUE,"CMZ182,CMZ357",FALSE,"chr5",103800350,103800450,103800400,410,"+",61573,TRUE,FALSE,TRUE,"distant",103911259,110859,FALSE,NA,224.93,FALSE,"disruption"
"Klhl8","246293","chr5","-",103861973,103911259,103693200,103901200,"N-1-7",FALSE,FALSE,NA,FALSE,"chr5",103804150,103804250,103804200,166,"+",57773,TRUE,FALSE,TRUE,"distant",103911259,107059,FALSE,NA,217.22,FALSE,"disruption"
"Klhl8","246293","chr5","-",103861973,103911259,103693200,103901200,"N3-2-2",TRUE,FALSE,NA,FALSE,"chr5",103845850,103845950,103845900,1109,"-",16073,TRUE,FALSE,FALSE,"distant",103911259,65359,FALSE,NA,132.61,FALSE,"disruption"
"Klhl8","246293","chr5","-",103861973,103911259,103693200,103901200,"N3-1-11",TRUE,FALSE,NA,FALSE,"chr5",103853350,103853450,103853400,15347,"-",8573,TRUE,FALSE,FALSE,"distant",103911259,57859,FALSE,NA,117.39,FALSE,"disruption"
"Klhl8","246293","chr5","-",103861973,103911259,103693200,103901200,"N-B02",TRUE,FALSE,NA,FALSE,"chr5",103853350,103853450,103853400,610,"-",8573,TRUE,FALSE,FALSE,"distant",103911259,57859,FALSE,NA,117.39,FALSE,"disruption"
"Klhl8","246293","chr5","-",103861973,103911259,103693200,103901200,"B-B02",TRUE,FALSE,NA,FALSE,"chr5",103853350,103853450,103853400,13770,"-",8573,TRUE,FALSE,FALSE,"distant",103911259,57859,FALSE,NA,117.39,FALSE,"disruption"
"Klhl8","246293","chr5","-",103861973,103911259,103693200,103901200,"B3-1-11",TRUE,FALSE,NA,FALSE,"chr5",103853350,103853450,103853400,11811,"-",8573,TRUE,FALSE,FALSE,"distant",103911259,57859,FALSE,NA,117.39,FALSE,"disruption"
"Kpna2","16647","chr11","-",106988629,106999541,106828100,107095100,"B-2-26",TRUE,TRUE,"CMZ347",TRUE,"chr11",106828050,106828150,106828100,7087,"-",160529,TRUE,FALSE,FALSE,"distant",106999541,171441,FALSE,NA,1571.12,FALSE,"disruption"
"Kpna2","16647","chr11","-",106988629,106999541,106828100,107095100,"B-2-23",FALSE,FALSE,NA,FALSE,"chr11",106862350,106862450,106862400,384,"+",126229,TRUE,FALSE,TRUE,"distant",106999541,137141,FALSE,NA,1256.79,FALSE,"disruption"
"Kpna2","16647","chr11","-",106988629,106999541,106828100,107095100,"B-B04",TRUE,TRUE,"CMZ108",FALSE,"chr11",106867150,106867250,106867200,2504,"+",121429,TRUE,FALSE,TRUE,"distant",106999541,132341,FALSE,NA,1212.8,FALSE,"disruption"
"Kpna2","16647","chr11","-",106988629,106999541,106828100,107095100,"B3-1-5",TRUE,TRUE,"CMZ108",FALSE,"chr11",106867150,106867250,106867200,1243,"+",121429,TRUE,FALSE,TRUE,"distant",106999541,132341,FALSE,NA,1212.8,FALSE,"disruption"
"Kpna2","16647","chr11","-",106988629,106999541,106828100,107095100,"N-A10",FALSE,TRUE,"CMZ184",FALSE,"chr11",106884950,106885050,106885000,412,"-",103629,TRUE,FALSE,FALSE,"distant",106999541,114541,FALSE,NA,1049.68,FALSE,"disruption"
"Kpna2","16647","chr11","-",106988629,106999541,106828100,107095100,"N3-c-10",TRUE,FALSE,NA,FALSE,"chr11",106885550,106885650,106885600,4032,"-",103029,TRUE,FALSE,FALSE,"distant",106999541,113941,FALSE,NA,1044.18,FALSE,"disruption"
"Kpna2","16647","chr11","-",106988629,106999541,106828100,107095100,"N3-c-10",TRUE,FALSE,NA,FALSE,"chr11",106892350,106892450,106892400,15043,"+",96229,TRUE,FALSE,TRUE,"distant",106999541,107141,FALSE,NA,981.86,FALSE,"disruption"
"Kpna2","16647","chr11","-",106988629,106999541,106828100,107095100,"B3-c-10",TRUE,FALSE,NA,FALSE,"chr11",106893050,106893150,106893100,2414,"+",95529,TRUE,FALSE,TRUE,"distant",106999541,106441,FALSE,NA,975.45,FALSE,"disruption"
"Kpna2","16647","chr11","-",106988629,106999541,106828100,107095100,"N3-2-22",TRUE,TRUE,"CMZ347",TRUE,"chr11",106906150,106906250,106906200,3208,"+",82429,TRUE,FALSE,TRUE,"distant",106999541,93341,FALSE,NA,855.4,FALSE,"disruption"
"Kpna2","16647","chr11","-",106988629,106999541,106828100,107095100,"B3-c-28",FALSE,FALSE,NA,FALSE,"chr11",106915050,106915150,106915100,853,"+",73529,TRUE,FALSE,TRUE,"distant",106999541,84441,FALSE,NA,773.84,FALSE,"disruption"
"Kpna2","16647","chr11","-",106988629,106999541,106828100,107095100,"B3-c-10",TRUE,FALSE,NA,FALSE,"chr11",106941250,106941350,106941300,1181,"-",47329,TRUE,FALSE,FALSE,"distant",106999541,58241,FALSE,NA,533.73,FALSE,"disruption"
"Kpna2","16647","chr11","-",106988629,106999541,106828100,107095100,"B-A05",FALSE,TRUE,"CMZ109",FALSE,"chr11",106993150,106993250,106993200,647,"-",0,FALSE,FALSE,FALSE,"intronic_opposite",106999541,6341,FALSE,11,58.11,FALSE,"disruption"
"Kpna2","16647","chr11","-",106988629,106999541,106828100,107095100,"B3-11",FALSE,FALSE,NA,FALSE,"chr11",107001650,107001750,107001700,5577,"+",2159,TRUE,FALSE,TRUE,"distant",106999541,-2159,FALSE,NA,-19.79,FALSE,"disruption"
"Kpna2","16647","chr11","-",106988629,106999541,106828100,107095100,"B3-8",FALSE,FALSE,NA,FALSE,"chr11",107001650,107001750,107001700,1592,"+",2159,TRUE,FALSE,TRUE,"distant",106999541,-2159,FALSE,NA,-19.79,FALSE,"disruption"
"Kpna2","16647","chr11","-",106988629,106999541,106828100,107095100,"N-B07",TRUE,TRUE,"CMZ107",FALSE,"chr11",107030750,107030850,107030800,5632,"+",31259,TRUE,FALSE,TRUE,"distant",106999541,-31259,FALSE,NA,-286.46,FALSE,"disruption"
"Kpna2","16647","chr11","-",106988629,106999541,106828100,107095100,"B-1-2",TRUE,TRUE,"CMZ346",FALSE,"chr11",107045150,107045250,107045200,262,"-",45659,TRUE,FALSE,FALSE,"distant",106999541,-45659,FALSE,NA,-418.43,FALSE,"disruption"
"Kpna2","16647","chr11","-",106988629,106999541,106828100,107095100,"N3-14",FALSE,FALSE,NA,FALSE,"chr11",107056150,107056250,107056200,2791,"-",56659,TRUE,FALSE,FALSE,"distant",106999541,-56659,FALSE,NA,-519.24,FALSE,"disruption"
"Kpna2","16647","chr11","-",106988629,106999541,106828100,107095100,"B3-13",FALSE,FALSE,NA,FALSE,"chr11",107068150,107068250,107068200,1111,"+",68659,TRUE,FALSE,TRUE,"distant",106999541,-68659,FALSE,NA,-629.21,FALSE,"disruption"
"Kpna2","16647","chr11","-",106988629,106999541,106828100,107095100,"N-B02",TRUE,FALSE,NA,FALSE,"chr11",107084850,107084950,107084900,232,"+",85359,TRUE,FALSE,TRUE,"distant",106999541,-85359,FALSE,NA,-782.25,FALSE,"disruption"
"Kpna2","16647","chr11","-",106988629,106999541,106828100,107095100,"N3-2",FALSE,FALSE,NA,FALSE,"chr11",107087250,107087350,107087300,1333,"-",87759,TRUE,FALSE,FALSE,"distant",106999541,-87759,FALSE,NA,-804.24,FALSE,"disruption"
"Kpna4","16649","chr3","-",69067149,69127113,69059600,69129600,"N3-7",FALSE,FALSE,NA,FALSE,"chr3",69059550,69059650,69059600,2448,"+",7549,TRUE,FALSE,TRUE,"distant",69127113,67513,FALSE,NA,112.59,FALSE,"disruption"
"Kpna4","16649","chr3","-",69067149,69127113,69059600,69129600,"B-2-14",FALSE,FALSE,NA,FALSE,"chr3",69071550,69071650,69071600,4028,"+",0,FALSE,TRUE,TRUE,"exonic_same",69127113,55513,FALSE,NA,92.58,FALSE,"disruption"
"Kpna4","16649","chr3","-",69067149,69127113,69059600,69129600,"N-A10",FALSE,TRUE,"CMZ184",FALSE,"chr3",69072750,69072850,69072800,909,"-",0,FALSE,TRUE,FALSE,"exonic_opposite",69127113,54313,FALSE,NA,90.58,FALSE,"disruption"
"Kpna4","16649","chr3","-",69067149,69127113,69059600,69129600,"B-A10",FALSE,TRUE,"CMZ184",FALSE,"chr3",69073950,69074050,69074000,497,"-",0,FALSE,TRUE,FALSE,"exonic_opposite",69127113,53113,FALSE,NA,88.57,FALSE,"disruption"
"Kpna4","16649","chr3","-",69067149,69127113,69059600,69129600,"B-B03",FALSE,TRUE,"CMZ183",FALSE,"chr3",69080450,69080550,69080500,1569,"+",0,FALSE,FALSE,TRUE,"intronic_same",69127113,46613,FALSE,17,77.73,FALSE,"disruption"
"Kpna4","16649","chr3","-",69067149,69127113,69059600,69129600,"N-B03",FALSE,TRUE,"CMZ183",FALSE,"chr3",69080450,69080550,69080500,4035,"+",0,FALSE,FALSE,TRUE,"intronic_same",69127113,46613,FALSE,17,77.73,FALSE,"disruption"
"Kpna4","16649","chr3","-",69067149,69127113,69059600,69129600,"N3-15",FALSE,FALSE,NA,FALSE,"chr3",69115450,69115550,69115500,21087,"-",0,FALSE,FALSE,FALSE,"intronic_opposite",69127113,11613,FALSE,3,19.37,FALSE,"disruption"
"Kpna4","16649","chr3","-",69067149,69127113,69059600,69129600,"B3-15",FALSE,FALSE,NA,FALSE,"chr3",69115450,69115550,69115500,12463,"-",0,FALSE,FALSE,FALSE,"intronic_opposite",69127113,11613,FALSE,3,19.37,FALSE,"disruption"
"Kpna4","16649","chr3","-",69067149,69127113,69059600,69129600,"B-B09",TRUE,TRUE,"CMZ104",FALSE,"chr3",69118250,69118350,69118300,4959,"+",0,FALSE,FALSE,TRUE,"intronic_same",69127113,8813,FALSE,3,14.7,TRUE,"activation"
"Kpna4","16649","chr3","-",69067149,69127113,69059600,69129600,"B-B08",TRUE,TRUE,"CMZ106",FALSE,"chr3",69123750,69123850,69123800,1061,"+",0,FALSE,FALSE,TRUE,"intronic_same",69127113,3313,FALSE,3,5.52,TRUE,"activation"
"Kpna4","16649","chr3","-",69067149,69127113,69059600,69129600,"N-B08",TRUE,TRUE,"CMZ106",FALSE,"chr3",69123750,69123850,69123800,382,"+",0,FALSE,FALSE,TRUE,"intronic_same",69127113,3313,FALSE,3,5.52,TRUE,"activation"
"Laptm4a","17775","chr12","+",8921664,8938742,8921200,8960200,"N-1-2",TRUE,TRUE,"CMZ346",FALSE,"chr12",8921150,8921250,8921200,359,"-",464,FALSE,FALSE,FALSE,"intronic_opposite",8921664,-464,FALSE,NA,-2.72,FALSE,"disruption"
"Laptm4a","17775","chr12","+",8921664,8938742,8921200,8960200,"B-1-2",TRUE,TRUE,"CMZ346",FALSE,"chr12",8921150,8921250,8921200,1517,"-",464,FALSE,FALSE,FALSE,"intronic_opposite",8921664,-464,FALSE,NA,-2.72,FALSE,"disruption"
"Laptm4a","17775","chr12","+",8921664,8938742,8921200,8960200,"N3-1-2",TRUE,TRUE,"CMZ107",FALSE,"chr12",8925150,8925250,8925200,2518,"-",0,FALSE,FALSE,FALSE,"intronic_opposite",8921664,3536,FALSE,1,20.71,FALSE,"disruption"
"Laptm4a","17775","chr12","+",8921664,8938742,8921200,8960200,"N-B09",TRUE,TRUE,"CMZ104",FALSE,"chr12",8928950,8929050,8929000,3019,"+",0,FALSE,FALSE,TRUE,"intronic_same",8921664,7336,FALSE,1,42.96,TRUE,"activation"
"Laptm4a","17775","chr12","+",8921664,8938742,8921200,8960200,"B3-14",FALSE,FALSE,NA,FALSE,"chr12",8931650,8931750,8931700,578,"+",0,FALSE,TRUE,TRUE,"exonic_same",8921664,10036,FALSE,NA,58.77,FALSE,"disruption"
"Laptm4a","17775","chr12","+",8921664,8938742,8921200,8960200,"N3-14",FALSE,FALSE,NA,FALSE,"chr12",8931650,8931750,8931700,538,"+",0,FALSE,TRUE,TRUE,"exonic_same",8921664,10036,FALSE,NA,58.77,FALSE,"disruption"
"Laptm4a","17775","chr12","+",8921664,8938742,8921200,8960200,"B-A01",TRUE,TRUE,"CMZ110,CMZ355",FALSE,"chr12",8931850,8931950,8931900,2244,"-",0,FALSE,FALSE,FALSE,"intronic_opposite",8921664,10236,FALSE,2,59.94,FALSE,"disruption"
"Laptm4a","17775","chr12","+",8921664,8938742,8921200,8960200,"N-1-10",FALSE,FALSE,NA,FALSE,"chr12",8931950,8932050,8932000,30,"+",0,FALSE,FALSE,TRUE,"intronic_same",8921664,10336,FALSE,2,60.52,TRUE,"activation"
"Laptm4a","17775","chr12","+",8921664,8938742,8921200,8960200,"N3-2-7",TRUE,FALSE,NA,FALSE,"chr12",8948750,8948850,8948800,1184,"-",10058,TRUE,FALSE,FALSE,"distant",8921664,27136,FALSE,NA,158.89,FALSE,"disruption"
"Laptm4a","17775","chr12","+",8921664,8938742,8921200,8960200,"B3-2-7",TRUE,FALSE,NA,FALSE,"chr12",8948750,8948850,8948800,2392,"-",10058,TRUE,FALSE,FALSE,"distant",8921664,27136,FALSE,NA,158.89,FALSE,"disruption"
"Lhfpl4","269788","chr6","-",113168090,113195384,113080100,113150100,"B3-c-9",FALSE,FALSE,NA,FALSE,"chr6",113080050,113080150,113080100,9894,"+",87990,TRUE,FALSE,TRUE,"distant",113195384,115284,FALSE,NA,422.38,FALSE,"disruption"
"Lhfpl4","269788","chr6","-",113168090,113195384,113080100,113150100,"N3-c-9",FALSE,FALSE,NA,FALSE,"chr6",113080050,113080150,113080100,9016,"+",87990,TRUE,FALSE,TRUE,"distant",113195384,115284,FALSE,NA,422.38,FALSE,"disruption"
"Lhfpl4","269788","chr6","-",113168090,113195384,113080100,113150100,"N3-c-14",FALSE,FALSE,NA,FALSE,"chr6",113095750,113095850,113095800,5503,"+",72290,TRUE,FALSE,TRUE,"distant",113195384,99584,FALSE,NA,364.86,FALSE,"disruption"
"Lhfpl4","269788","chr6","-",113168090,113195384,113080100,113150100,"B3-c-9",FALSE,FALSE,NA,FALSE,"chr6",113110750,113110850,113110800,1661,"+",57290,TRUE,FALSE,TRUE,"distant",113195384,84584,FALSE,NA,309.9,FALSE,"disruption"
"Lhfpl4","269788","chr6","-",113168090,113195384,113080100,113150100,"B-1-2",TRUE,TRUE,"CMZ346",FALSE,"chr6",113115850,113115950,113115900,1182,"+",52190,TRUE,FALSE,TRUE,"distant",113195384,79484,FALSE,NA,291.21,FALSE,"disruption"
"Lhfpl4","269788","chr6","-",113168090,113195384,113080100,113150100,"N-1-2",TRUE,TRUE,"CMZ346",FALSE,"chr6",113115850,113115950,113115900,248,"+",52190,TRUE,FALSE,TRUE,"distant",113195384,79484,FALSE,NA,291.21,FALSE,"disruption"
"Lhfpl4","269788","chr6","-",113168090,113195384,113080100,113150100,"B-2-27",FALSE,FALSE,NA,FALSE,"chr6",113124450,113124550,113124500,16976,"+",43590,TRUE,FALSE,TRUE,"distant",113195384,70884,FALSE,NA,259.71,FALSE,"disruption"
"Lhfpl4","269788","chr6","-",113168090,113195384,113080100,113150100,"N-2-25",FALSE,TRUE,"CMZ349",FALSE,"chr6",113125550,113125650,113125600,2748,"-",42490,TRUE,FALSE,FALSE,"distant",113195384,69784,FALSE,NA,255.68,FALSE,"disruption"
"Lhfpl4","269788","chr6","-",113168090,113195384,113080100,113150100,"N-B08",TRUE,TRUE,"CMZ106",FALSE,"chr6",113144650,113144750,113144700,279,"-",23390,TRUE,FALSE,FALSE,"distant",113195384,50684,FALSE,NA,185.7,FALSE,"disruption"
"Lrp5","16973","chr19","-",3584828,3686564,3460500,3569500,"N3-c-9",FALSE,FALSE,NA,FALSE,"chr19",3460450,3460550,3460500,6472,"-",124328,TRUE,FALSE,FALSE,"distant",3686564,226064,FALSE,NA,222.21,FALSE,"disruption"
"Lrp5","16973","chr19","-",3584828,3686564,3460500,3569500,"B3-5",FALSE,FALSE,NA,FALSE,"chr19",3472650,3472750,3472700,186,"+",112128,TRUE,FALSE,TRUE,"distant",3686564,213864,FALSE,NA,210.21,FALSE,"disruption"
"Lrp5","16973","chr19","-",3584828,3686564,3460500,3569500,"N-B10",FALSE,FALSE,NA,FALSE,"chr19",3484050,3484150,3484100,255,"-",100728,TRUE,FALSE,FALSE,"distant",3686564,202464,FALSE,NA,199.01,FALSE,"disruption"
"Lrp5","16973","chr19","-",3584828,3686564,3460500,3569500,"N-B05",FALSE,FALSE,NA,FALSE,"chr19",3484350,3484450,3484400,8396,"+",100428,TRUE,FALSE,TRUE,"distant",3686564,202164,FALSE,NA,198.71,FALSE,"disruption"
"Lrp5","16973","chr19","-",3584828,3686564,3460500,3569500,"N3-12",FALSE,FALSE,NA,FALSE,"chr19",3485450,3485550,3485500,2390,"-",99328,TRUE,FALSE,FALSE,"distant",3686564,201064,FALSE,NA,197.63,FALSE,"disruption"
"Lrp5","16973","chr19","-",3584828,3686564,3460500,3569500,"N-A10",FALSE,TRUE,"CMZ184",FALSE,"chr19",3485450,3485550,3485500,385,"+",99328,TRUE,FALSE,TRUE,"distant",3686564,201064,FALSE,NA,197.63,FALSE,"disruption"
"Lrp5","16973","chr19","-",3584828,3686564,3460500,3569500,"B-A10",FALSE,TRUE,"CMZ184",FALSE,"chr19",3502150,3502250,3502200,1560,"+",82628,TRUE,FALSE,TRUE,"distant",3686564,184364,FALSE,NA,181.22,FALSE,"disruption"
"Lrp5","16973","chr19","-",3584828,3686564,3460500,3569500,"B-B03",FALSE,TRUE,"CMZ183",FALSE,"chr19",3515750,3515850,3515800,1659,"-",69028,TRUE,FALSE,FALSE,"distant",3686564,170764,FALSE,NA,167.85,FALSE,"disruption"
"Lrp5","16973","chr19","-",3584828,3686564,3460500,3569500,"B3-c-9",FALSE,FALSE,NA,FALSE,"chr19",3521250,3521350,3521300,1036,"+",63528,TRUE,FALSE,TRUE,"distant",3686564,165264,FALSE,NA,162.44,FALSE,"disruption"
"Lrp5","16973","chr19","-",3584828,3686564,3460500,3569500,"N3-16",FALSE,FALSE,NA,FALSE,"chr19",3522450,3522550,3522500,711,"-",62328,TRUE,FALSE,FALSE,"distant",3686564,164064,FALSE,NA,161.26,FALSE,"disruption"
"Lrp5","16973","chr19","-",3584828,3686564,3460500,3569500,"B-1-10",FALSE,FALSE,NA,FALSE,"chr19",3523550,3523650,3523600,29,"+",61228,TRUE,FALSE,TRUE,"distant",3686564,162964,FALSE,NA,160.18,FALSE,"disruption"
"Lrp5","16973","chr19","-",3584828,3686564,3460500,3569500,"N-2-21",FALSE,TRUE,"CMZ353",FALSE,"chr19",3530150,3530250,3530200,137,"-",54628,TRUE,FALSE,FALSE,"distant",3686564,156364,FALSE,NA,153.7,FALSE,"disruption"
"Lrp5","16973","chr19","-",3584828,3686564,3460500,3569500,"B-1-4",FALSE,FALSE,NA,FALSE,"chr19",3530350,3530450,3530400,19,"-",54428,TRUE,FALSE,FALSE,"distant",3686564,156164,FALSE,NA,153.5,FALSE,"disruption"
"Lrp5","16973","chr19","-",3584828,3686564,3460500,3569500,"B-A08",TRUE,FALSE,NA,FALSE,"chr19",3532350,3532450,3532400,2757,"+",52428,TRUE,FALSE,TRUE,"distant",3686564,154164,FALSE,NA,151.53,FALSE,"disruption"
"Lrp5","16973","chr19","-",3584828,3686564,3460500,3569500,"B-2-23",FALSE,FALSE,NA,FALSE,"chr19",3568650,3568750,3568700,339,"+",16128,TRUE,FALSE,TRUE,"distant",3686564,117864,FALSE,NA,115.85,FALSE,"disruption"
"Lrrc8d","231549","chr5","+",105699969,105832436,105664700,105819700,"B3-c-9",FALSE,FALSE,NA,FALSE,"chr5",105664650,105664750,105664700,2200,"+",35269,TRUE,FALSE,TRUE,"distant",105699969,-35269,FALSE,NA,-26.62,FALSE,"disruption"
"Lrrc8d","231549","chr5","+",105699969,105832436,105664700,105819700,"N-A11",FALSE,TRUE,"CMZ103",FALSE,"chr5",105737650,105737750,105737700,6731,"-",0,FALSE,FALSE,FALSE,"intronic_opposite",105699969,37731,FALSE,14,28.48,FALSE,"disruption"
"Lrrc8d","231549","chr5","+",105699969,105832436,105664700,105819700,"B-A11",FALSE,TRUE,"CMZ103",FALSE,"chr5",105737650,105737750,105737700,13583,"-",0,FALSE,FALSE,FALSE,"intronic_opposite",105699969,37731,FALSE,14,28.48,FALSE,"disruption"
"Lrrc8d","231549","chr5","+",105699969,105832436,105664700,105819700,"N-B04",TRUE,TRUE,"CMZ108",FALSE,"chr5",105738250,105738350,105738300,1358,"+",0,FALSE,FALSE,TRUE,"intronic_same",105699969,38331,FALSE,14,28.94,FALSE,"disruption"
"Lrrc8d","231549","chr5","+",105699969,105832436,105664700,105819700,"N-2-9",TRUE,TRUE,"CMZ344",FALSE,"chr5",105761350,105761450,105761400,113281,"-",0,FALSE,FALSE,FALSE,"intronic_opposite",105699969,61431,FALSE,14,46.37,FALSE,"disruption"
"Lrrc8d","231549","chr5","+",105699969,105832436,105664700,105819700,"B-2-9",TRUE,TRUE,"CMZ344",FALSE,"chr5",105761350,105761450,105761400,8658,"-",0,FALSE,FALSE,FALSE,"intronic_opposite",105699969,61431,FALSE,14,46.37,FALSE,"disruption"
"Lrrc8d","231549","chr5","+",105699969,105832436,105664700,105819700,"N3-2-22",TRUE,TRUE,"CMZ347",FALSE,"chr5",105766250,105766350,105766300,1728,"-",0,FALSE,FALSE,FALSE,"intronic_opposite",105699969,66331,FALSE,14,50.07,FALSE,"disruption"
"Lrrc8d","231549","chr5","+",105699969,105832436,105664700,105819700,"N3-8",FALSE,FALSE,NA,FALSE,"chr5",105783750,105783850,105783800,2757,"-",0,FALSE,FALSE,FALSE,"intronic_opposite",105699969,83831,FALSE,14,63.28,FALSE,"disruption"
"Lrrc8d","231549","chr5","+",105699969,105832436,105664700,105819700,"B3-8",FALSE,FALSE,NA,FALSE,"chr5",105783750,105783850,105783800,1455,"-",0,FALSE,FALSE,FALSE,"intronic_opposite",105699969,83831,FALSE,14,63.28,FALSE,"disruption"
"Lrrc8d","231549","chr5","+",105699969,105832436,105664700,105819700,"N-B11",TRUE,TRUE,"CMZ105",FALSE,"chr5",105788350,105788450,105788400,3152,"+",0,FALSE,FALSE,TRUE,"intronic_same",105699969,88431,FALSE,14,66.76,FALSE,"disruption"
"Lrrc8d","231549","chr5","+",105699969,105832436,105664700,105819700,"N3-1",FALSE,FALSE,NA,FALSE,"chr5",105810050,105810150,105810100,6049,"+",0,FALSE,FALSE,TRUE,"intronic_same",105699969,110131,FALSE,14,83.14,FALSE,"disruption"
"Lrrc8d","231549","chr5","+",105699969,105832436,105664700,105819700,"N3-12",FALSE,FALSE,NA,FALSE,"chr5",105812150,105812250,105812200,7060,"-",0,FALSE,TRUE,FALSE,"exonic_opposite",105699969,112231,FALSE,NA,84.72,FALSE,"disruption"
"Lztr1","66863","chr16","+",17508688,17526333,17461100,17500100,"N3-c-28",FALSE,FALSE,NA,FALSE,"chr16",17461050,17461150,17461100,12598,"-",47588,TRUE,FALSE,FALSE,"distant",17508688,-47588,FALSE,NA,-269.7,FALSE,"disruption"
"Lztr1","66863","chr16","+",17508688,17526333,17461100,17500100,"B3-c-28",FALSE,FALSE,NA,FALSE,"chr16",17463150,17463250,17463200,1109,"-",45488,TRUE,FALSE,FALSE,"distant",17508688,-45488,FALSE,NA,-257.8,FALSE,"disruption"
"Lztr1","66863","chr16","+",17508688,17526333,17461100,17500100,"N3-c-14",FALSE,FALSE,NA,FALSE,"chr16",17466050,17466150,17466100,2199,"+",42588,TRUE,FALSE,TRUE,"distant",17508688,-42588,FALSE,NA,-241.36,FALSE,"disruption"
"Lztr1","66863","chr16","+",17508688,17526333,17461100,17500100,"B3-8",FALSE,FALSE,NA,FALSE,"chr16",17470750,17470850,17470800,6650,"-",37888,TRUE,FALSE,FALSE,"distant",17508688,-37888,FALSE,NA,-214.72,FALSE,"disruption"
"Lztr1","66863","chr16","+",17508688,17526333,17461100,17500100,"N3-8",FALSE,FALSE,NA,FALSE,"chr16",17470850,17470950,17470900,2278,"-",37788,TRUE,FALSE,FALSE,"distant",17508688,-37788,FALSE,NA,-214.16,FALSE,"disruption"
"Lztr1","66863","chr16","+",17508688,17526333,17461100,17500100,"N3-3",FALSE,FALSE,NA,FALSE,"chr16",17480050,17480150,17480100,569,"+",28588,TRUE,FALSE,TRUE,"distant",17508688,-28588,FALSE,NA,-162.02,FALSE,"disruption"
"Lztr1","66863","chr16","+",17508688,17526333,17461100,17500100,"B3-2-22",TRUE,TRUE,"CMZ347",FALSE,"chr16",17485650,17485750,17485700,2731,"+",22988,TRUE,FALSE,TRUE,"distant",17508688,-22988,FALSE,NA,-130.28,FALSE,"disruption"
"Lztr1","66863","chr16","+",17508688,17526333,17461100,17500100,"N3-2-22",TRUE,TRUE,"CMZ347",FALSE,"chr16",17485650,17485750,17485700,11546,"+",22988,TRUE,FALSE,TRUE,"distant",17508688,-22988,FALSE,NA,-130.28,FALSE,"disruption"
"Mageb3","17147","chr2","-",121953752,121956092,121959600,121976600,"B3-c-10",TRUE,FALSE,NA,FALSE,"chr2",121959550,121959650,121959600,9448,"+",3508,TRUE,FALSE,TRUE,"distant",121956092,-3508,FALSE,NA,-149.91,FALSE,"disruption"
"Mageb3","17147","chr2","-",121953752,121956092,121959600,121976600,"N3-c-10",TRUE,FALSE,NA,FALSE,"chr2",121959550,121959650,121959600,8228,"+",3508,TRUE,FALSE,TRUE,"distant",121956092,-3508,FALSE,NA,-149.91,FALSE,"disruption"
"Mageb3","17147","chr2","-",121953752,121956092,121959600,121976600,"N3-c-10",TRUE,FALSE,NA,FALSE,"chr2",121960150,121960250,121960200,5696,"-",4108,TRUE,FALSE,FALSE,"distant",121956092,-4108,FALSE,NA,-175.56,FALSE,"disruption"
"Mageb3","17147","chr2","-",121953752,121956092,121959600,121976600,"B3-18",TRUE,FALSE,NA,FALSE,"chr2",121967250,121967350,121967300,4753,"+",11208,TRUE,FALSE,TRUE,"distant",121956092,-11208,FALSE,NA,-478.97,FALSE,"disruption"
"Mageb3","17147","chr2","-",121953752,121956092,121959600,121976600,"N3-18",TRUE,FALSE,NA,FALSE,"chr2",121967250,121967350,121967300,7088,"+",11208,TRUE,FALSE,TRUE,"distant",121956092,-11208,FALSE,NA,-478.97,FALSE,"disruption"
"Mageb3","17147","chr2","-",121953752,121956092,121959600,121976600,"B-A03",TRUE,TRUE,"CMZ111,CMZ356",FALSE,"chr2",121975850,121975950,121975900,4447,"-",19808,TRUE,FALSE,FALSE,"distant",121956092,-19808,FALSE,NA,-846.5,FALSE,"disruption"
"Map3k12","26404","chr15","-",102497646,102517064,102474800,102513800,"B-2-25",FALSE,TRUE,"CMZ349",FALSE,"chr15",102474750,102474850,102474800,3498,"+",22846,TRUE,FALSE,TRUE,"distant",102517064,42264,FALSE,NA,217.65,FALSE,"disruption"
"Map3k12","26404","chr15","-",102497646,102517064,102474800,102513800,"N-2-25",FALSE,TRUE,"CMZ349",FALSE,"chr15",102474750,102474850,102474800,8013,"+",22846,TRUE,FALSE,TRUE,"distant",102517064,42264,FALSE,NA,217.65,FALSE,"disruption"
"Map3k12","26404","chr15","-",102497646,102517064,102474800,102513800,"N3-19",FALSE,FALSE,NA,FALSE,"chr15",102474950,102475050,102475000,11983,"-",22646,TRUE,FALSE,FALSE,"distant",102517064,42064,FALSE,NA,216.62,FALSE,"disruption"
"Map3k12","26404","chr15","-",102497646,102517064,102474800,102513800,"B3-19",FALSE,FALSE,NA,FALSE,"chr15",102474950,102475050,102475000,6526,"-",22646,TRUE,FALSE,FALSE,"distant",102517064,42064,FALSE,NA,216.62,FALSE,"disruption"
"Map3k12","26404","chr15","-",102497646,102517064,102474800,102513800,"B3-c-9",FALSE,FALSE,NA,FALSE,"chr15",102496550,102496650,102496600,1521,"+",1046,FALSE,FALSE,TRUE,"intronic_same",102517064,20464,FALSE,NA,105.39,FALSE,"disruption"
"Map3k12","26404","chr15","-",102497646,102517064,102474800,102513800,"B-A08",TRUE,FALSE,NA,FALSE,"chr15",102499950,102500050,102500000,4169,"-",0,FALSE,TRUE,FALSE,"exonic_opposite",102517064,17064,FALSE,NA,87.88,FALSE,"disruption"
"Map3k12","26404","chr15","-",102497646,102517064,102474800,102513800,"B3-5",FALSE,FALSE,NA,FALSE,"chr15",102502250,102502350,102502300,339,"+",0,FALSE,FALSE,TRUE,"intronic_same",102517064,14764,FALSE,26,76.03,FALSE,"disruption"
"Mark2","13728","chr19","-",7275396,7341860,7284500,7354500,"N-A08",TRUE,FALSE,NA,FALSE,"chr19",7284450,7284550,7284500,897,"-",0,FALSE,TRUE,FALSE,"exonic_opposite",7341860,57360,FALSE,NA,86.3,FALSE,"disruption"
"Mark2","13728","chr19","-",7275396,7341860,7284500,7354500,"N3-1-5",TRUE,TRUE,"CMZ108",FALSE,"chr19",7316750,7316850,7316800,1617,"-",0,FALSE,FALSE,FALSE,"intronic_opposite",7341860,25060,FALSE,19,37.7,FALSE,"disruption"
"Mark2","13728","chr19","-",7275396,7341860,7284500,7354500,"B3-1-5",TRUE,TRUE,"CMZ108",FALSE,"chr19",7316750,7316850,7316800,2180,"-",0,FALSE,FALSE,FALSE,"intronic_opposite",7341860,25060,FALSE,19,37.7,FALSE,"disruption"
"Mark2","13728","chr19","-",7275396,7341860,7284500,7354500,"N3-1-13",FALSE,TRUE,"CMZ182,CMZ357",FALSE,"chr19",7323250,7323350,7323300,1370,"-",0,FALSE,FALSE,FALSE,"intronic_opposite",7341860,18560,FALSE,19,27.92,FALSE,"disruption"
"Mark2","13728","chr19","-",7275396,7341860,7284500,7354500,"N3-2-22",TRUE,TRUE,"CMZ347",FALSE,"chr19",7326050,7326150,7326100,3572,"+",0,FALSE,FALSE,TRUE,"intronic_same",7341860,15760,FALSE,19,23.71,FALSE,"disruption"
"Mark2","13728","chr19","-",7275396,7341860,7284500,7354500,"B3-2-22",TRUE,TRUE,"CMZ347",FALSE,"chr19",7326150,7326250,7326200,6464,"+",0,FALSE,FALSE,TRUE,"intronic_same",7341860,15660,FALSE,19,23.56,FALSE,"disruption"
"Mark2","13728","chr19","-",7275396,7341860,7284500,7354500,"N3-14",FALSE,FALSE,NA,FALSE,"chr19",7335350,7335450,7335400,1090,"+",0,FALSE,FALSE,TRUE,"intronic_same",7341860,6460,FALSE,19,9.72,TRUE,"activation"
"Mark2","13728","chr19","-",7275396,7341860,7284500,7354500,"N3-3",FALSE,FALSE,NA,FALSE,"chr19",7339250,7339350,7339300,974,"+",0,FALSE,FALSE,TRUE,"intronic_same",7341860,2560,FALSE,19,3.85,TRUE,"activation"
"Matn3","17182","chr12","+",8947929,8972028,8921200,8960200,"N-1-2",TRUE,TRUE,"CMZ346",FALSE,"chr12",8921150,8921250,8921200,359,"-",26729,TRUE,FALSE,FALSE,"distant",8947929,-26729,FALSE,NA,-110.91,FALSE,"disruption"
"Matn3","17182","chr12","+",8947929,8972028,8921200,8960200,"B-1-2",TRUE,TRUE,"CMZ346",FALSE,"chr12",8921150,8921250,8921200,1517,"-",26729,TRUE,FALSE,FALSE,"distant",8947929,-26729,FALSE,NA,-110.91,FALSE,"disruption"
"Matn3","17182","chr12","+",8947929,8972028,8921200,8960200,"N3-1-2",TRUE,TRUE,"CMZ107",FALSE,"chr12",8925150,8925250,8925200,2518,"-",22729,TRUE,FALSE,FALSE,"distant",8947929,-22729,FALSE,NA,-94.32,FALSE,"disruption"
"Matn3","17182","chr12","+",8947929,8972028,8921200,8960200,"N-B09",TRUE,TRUE,"CMZ104",FALSE,"chr12",8928950,8929050,8929000,3019,"+",18929,TRUE,FALSE,TRUE,"distant",8947929,-18929,FALSE,NA,-78.55,FALSE,"disruption"
"Matn3","17182","chr12","+",8947929,8972028,8921200,8960200,"B3-14",FALSE,FALSE,NA,FALSE,"chr12",8931650,8931750,8931700,578,"+",16229,TRUE,FALSE,TRUE,"distant",8947929,-16229,FALSE,NA,-67.34,FALSE,"disruption"
"Matn3","17182","chr12","+",8947929,8972028,8921200,8960200,"N3-14",FALSE,FALSE,NA,FALSE,"chr12",8931650,8931750,8931700,538,"+",16229,TRUE,FALSE,TRUE,"distant",8947929,-16229,FALSE,NA,-67.34,FALSE,"disruption"
"Matn3","17182","chr12","+",8947929,8972028,8921200,8960200,"B-A01",TRUE,TRUE,"CMZ110,CMZ355",FALSE,"chr12",8931850,8931950,8931900,2244,"-",16029,TRUE,FALSE,FALSE,"distant",8947929,-16029,FALSE,NA,-66.51,FALSE,"disruption"
"Matn3","17182","chr12","+",8947929,8972028,8921200,8960200,"N-1-10",FALSE,FALSE,NA,FALSE,"chr12",8931950,8932050,8932000,30,"+",15929,TRUE,FALSE,TRUE,"distant",8947929,-15929,FALSE,NA,-66.1,FALSE,"disruption"
"Matn3","17182","chr12","+",8947929,8972028,8921200,8960200,"N3-2-7",TRUE,FALSE,NA,FALSE,"chr12",8948750,8948850,8948800,1184,"-",0,FALSE,FALSE,FALSE,"intronic_opposite",8947929,871,FALSE,1,3.61,FALSE,"disruption"
"Matn3","17182","chr12","+",8947929,8972028,8921200,8960200,"B3-2-7",TRUE,FALSE,NA,FALSE,"chr12",8948750,8948850,8948800,2392,"-",0,FALSE,FALSE,FALSE,"intronic_opposite",8947929,871,FALSE,1,3.61,FALSE,"disruption"
"Matr3","17184","chr18","+",35562138,35593835,35556000,35823000,"N3-c-28",FALSE,FALSE,NA,FALSE,"chr18",35555950,35556050,35556000,1789,"-",6138,TRUE,FALSE,FALSE,"distant",35562138,-6138,FALSE,NA,-19.36,FALSE,"disruption"
"Matr3","17184","chr18","+",35562138,35593835,35556000,35823000,"B3-7",FALSE,FALSE,NA,FALSE,"chr18",35569650,35569750,35569700,1193,"+",0,FALSE,FALSE,TRUE,"intronic_same",35562138,7562,FALSE,17,23.86,FALSE,"disruption"
"Matr3","17184","chr18","+",35562138,35593835,35556000,35823000,"B-A10",FALSE,TRUE,"CMZ184",FALSE,"chr18",35571650,35571750,35571700,4917,"+",0,FALSE,FALSE,TRUE,"intronic_same",35562138,9562,FALSE,17,30.17,FALSE,"disruption"
"Matr3","17184","chr18","+",35562138,35593835,35556000,35823000,"N-A10",FALSE,TRUE,"CMZ184",FALSE,"chr18",35571650,35571750,35571700,1946,"+",0,FALSE,FALSE,TRUE,"intronic_same",35562138,9562,FALSE,17,30.17,FALSE,"disruption"
"Matr3","17184","chr18","+",35562138,35593835,35556000,35823000,"B-A01",TRUE,TRUE,"CMZ110,CMZ355",FALSE,"chr18",35576150,35576250,35576200,3214,"+",0,FALSE,FALSE,TRUE,"intronic_same",35562138,14062,FALSE,24,44.36,FALSE,"disruption"
"Matr3","17184","chr18","+",35562138,35593835,35556000,35823000,"N-A01",TRUE,TRUE,"CMZ110,CMZ355",FALSE,"chr18",35576150,35576250,35576200,8152,"+",0,FALSE,FALSE,TRUE,"intronic_same",35562138,14062,FALSE,24,44.36,FALSE,"disruption"
"Matr3","17184","chr18","+",35562138,35593835,35556000,35823000,"B3-c-10",TRUE,FALSE,NA,FALSE,"chr18",35577350,35577450,35577400,1648,"+",0,FALSE,FALSE,TRUE,"intronic_same",35562138,15262,FALSE,24,48.15,FALSE,"disruption"
"Matr3","17184","chr18","+",35562138,35593835,35556000,35823000,"N-1-4",FALSE,FALSE,NA,FALSE,"chr18",35603650,35603750,35603700,198,"+",9865,TRUE,FALSE,TRUE,"distant",35562138,41562,FALSE,NA,131.12,FALSE,"disruption"
"Matr3","17184","chr18","+",35562138,35593835,35556000,35823000,"N-B03",FALSE,TRUE,"CMZ183",FALSE,"chr18",35612050,35612150,35612100,3638,"+",18265,TRUE,FALSE,TRUE,"distant",35562138,49962,FALSE,NA,157.62,FALSE,"disruption"
"Matr3","17184","chr18","+",35562138,35593835,35556000,35823000,"N3-2-7",TRUE,FALSE,NA,FALSE,"chr18",35788950,35789050,35789000,1160,"-",195165,TRUE,FALSE,FALSE,"distant",35562138,226862,FALSE,NA,715.72,FALSE,"disruption"
"Matr3","17184","chr18","+",35562138,35593835,35556000,35823000,"B3-2-7",TRUE,FALSE,NA,FALSE,"chr18",35788950,35789050,35789000,1029,"-",195165,TRUE,FALSE,FALSE,"distant",35562138,226862,FALSE,NA,715.72,FALSE,"disruption"
"Matr3","17184","chr18","+",35562138,35593835,35556000,35823000,"B3-1",FALSE,FALSE,NA,FALSE,"chr18",35798350,35798450,35798400,809,"+",204565,TRUE,FALSE,TRUE,"distant",35562138,236262,FALSE,NA,745.38,FALSE,"disruption"
"Matr3","17184","chr18","+",35562138,35593835,35556000,35823000,"B3-5",FALSE,FALSE,NA,FALSE,"chr18",35798850,35798950,35798900,201,"+",205065,TRUE,FALSE,TRUE,"distant",35562138,236762,FALSE,NA,746.95,FALSE,"disruption"
"Matr3","17184","chr18","+",35562138,35593835,35556000,35823000,"N-A08",TRUE,FALSE,NA,FALSE,"chr18",35800950,35801050,35801000,958,"-",207165,TRUE,FALSE,FALSE,"distant",35562138,238862,FALSE,NA,753.58,FALSE,"disruption"
"Matr3","17184","chr18","+",35562138,35593835,35556000,35823000,"N-B11",TRUE,TRUE,"CMZ105",FALSE,"chr18",35800950,35801050,35801000,23874,"-",207165,TRUE,FALSE,FALSE,"distant",35562138,238862,FALSE,NA,753.58,FALSE,"disruption"
"Matr3","17184","chr18","+",35562138,35593835,35556000,35823000,"B3-5",FALSE,FALSE,NA,FALSE,"chr18",35808550,35808650,35808600,197,"-",214765,TRUE,FALSE,FALSE,"distant",35562138,246462,FALSE,NA,777.56,FALSE,"disruption"
"Mb","17189","chr15","-",77015487,77050670,76996000,77297000,"N-1-10",FALSE,FALSE,NA,FALSE,"chr15",76995950,76996050,76996000,43,"+",19487,TRUE,FALSE,TRUE,"distant",77050670,54670,FALSE,NA,155.39,FALSE,"disruption"
"Mb","17189","chr15","-",77015487,77050670,76996000,77297000,"B3-2-7",TRUE,FALSE,NA,FALSE,"chr15",77116150,77116250,77116200,1068,"+",65530,TRUE,FALSE,TRUE,"distant",77050670,-65530,FALSE,NA,-186.25,FALSE,"disruption"
"Mb","17189","chr15","-",77015487,77050670,76996000,77297000,"N3-2-7",TRUE,FALSE,NA,FALSE,"chr15",77116150,77116250,77116200,19387,"+",65530,TRUE,FALSE,TRUE,"distant",77050670,-65530,FALSE,NA,-186.25,FALSE,"disruption"
"Mb","17189","chr15","-",77015487,77050670,76996000,77297000,"N-A10",FALSE,TRUE,"CMZ184",FALSE,"chr15",77122250,77122350,77122300,1021,"-",71630,TRUE,FALSE,FALSE,"distant",77050670,-71630,FALSE,NA,-203.59,FALSE,"disruption"
"Mb","17189","chr15","-",77015487,77050670,76996000,77297000,"B-A10",FALSE,TRUE,"CMZ184",FALSE,"chr15",77122250,77122350,77122300,543,"-",71630,TRUE,FALSE,FALSE,"distant",77050670,-71630,FALSE,NA,-203.59,FALSE,"disruption"
"Mb","17189","chr15","-",77015487,77050670,76996000,77297000,"N3-2-21",FALSE,FALSE,NA,FALSE,"chr15",77140050,77140150,77140100,2503,"-",89430,TRUE,FALSE,FALSE,"distant",77050670,-89430,FALSE,NA,-254.19,FALSE,"disruption"
"Mb","17189","chr15","-",77015487,77050670,76996000,77297000,"N-B07",TRUE,TRUE,"CMZ107",FALSE,"chr15",77148550,77148650,77148600,11762,"-",97930,TRUE,FALSE,FALSE,"distant",77050670,-97930,FALSE,NA,-278.34,FALSE,"disruption"
"Mb","17189","chr15","-",77015487,77050670,76996000,77297000,"B-B07",TRUE,TRUE,"CMZ107",FALSE,"chr15",77148550,77148650,77148600,1048,"-",97930,TRUE,FALSE,FALSE,"distant",77050670,-97930,FALSE,NA,-278.34,FALSE,"disruption"
"Mb","17189","chr15","-",77015487,77050670,76996000,77297000,"N3-7",FALSE,FALSE,NA,FALSE,"chr15",77185350,77185450,77185400,1509,"+",134730,TRUE,FALSE,TRUE,"distant",77050670,-134730,FALSE,NA,-382.94,FALSE,"disruption"
"Mb","17189","chr15","-",77015487,77050670,76996000,77297000,"B3-1-15",TRUE,TRUE,"CMZ111,CMZ356",FALSE,"chr15",77225150,77225250,77225200,1097,"-",174530,TRUE,FALSE,FALSE,"distant",77050670,-174530,FALSE,NA,-496.06,FALSE,"disruption"
"Mb","17189","chr15","-",77015487,77050670,76996000,77297000,"N3-c-28",FALSE,FALSE,NA,FALSE,"chr15",77260050,77260150,77260100,1468,"+",209430,TRUE,FALSE,TRUE,"distant",77050670,-209430,FALSE,NA,-595.26,FALSE,"disruption"
"Mb","17189","chr15","-",77015487,77050670,76996000,77297000,"N-3-4",FALSE,FALSE,NA,FALSE,"chr15",77283250,77283350,77283300,1012,"-",232630,TRUE,FALSE,FALSE,"distant",77050670,-232630,FALSE,NA,-661.2,FALSE,"disruption"
"Mb","17189","chr15","-",77015487,77050670,76996000,77297000,"B-A04",FALSE,TRUE,"CMZ101",FALSE,"chr15",77289450,77289550,77289500,1663,"+",238830,TRUE,FALSE,TRUE,"distant",77050670,-238830,FALSE,NA,-678.82,FALSE,"disruption"
"Mb","17189","chr15","-",77015487,77050670,76996000,77297000,"B3-1-15",TRUE,TRUE,"CMZ111,CMZ356",FALSE,"chr15",77293650,77293750,77293700,3381,"+",243030,TRUE,FALSE,TRUE,"distant",77050670,-243030,FALSE,NA,-690.76,FALSE,"disruption"
"Mb","17189","chr15","-",77015487,77050670,76996000,77297000,"B-A03",TRUE,TRUE,"CMZ111,CMZ356",FALSE,"chr15",77293650,77293750,77293700,3822,"+",243030,TRUE,FALSE,TRUE,"distant",77050670,-243030,FALSE,NA,-690.76,FALSE,"disruption"
"Mb","17189","chr15","-",77015487,77050670,76996000,77297000,"N3-1-15",TRUE,TRUE,"CMZ111,CMZ356",FALSE,"chr15",77293650,77293750,77293700,4266,"+",243030,TRUE,FALSE,TRUE,"distant",77050670,-243030,FALSE,NA,-690.76,FALSE,"disruption"
"Mb","17189","chr15","-",77015487,77050670,76996000,77297000,"N-A03",TRUE,TRUE,"CMZ111,CMZ356",FALSE,"chr15",77293650,77293750,77293700,5109,"+",243030,TRUE,FALSE,TRUE,"distant",77050670,-243030,FALSE,NA,-690.76,FALSE,"disruption"
"Mex3c","240396","chr18","+",73573044,73592575,73578000,73687000,"B3-2-22",TRUE,TRUE,"CMZ347",FALSE,"chr18",73577950,73578050,73578000,6843,"+",0,FALSE,FALSE,TRUE,"intronic_same",73573044,4956,FALSE,1,25.38,TRUE,"activation"
"Mex3c","240396","chr18","+",73573044,73592575,73578000,73687000,"N3-2-22",TRUE,TRUE,"CMZ347",FALSE,"chr18",73577950,73578050,73578000,6066,"+",0,FALSE,FALSE,TRUE,"intronic_same",73573044,4956,FALSE,1,25.38,TRUE,"activation"
"Mex3c","240396","chr18","+",73573044,73592575,73578000,73687000,"N-1-2",TRUE,TRUE,"CMZ346",FALSE,"chr18",73582750,73582850,73582800,346,"+",0,FALSE,FALSE,TRUE,"intronic_same",73573044,9756,FALSE,1,49.95,TRUE,"activation"
"Mex3c","240396","chr18","+",73573044,73592575,73578000,73687000,"B-2-12",FALSE,TRUE,"CMZ354",FALSE,"chr18",73586850,73586950,73586900,23604,"+",0,FALSE,FALSE,TRUE,"intronic_same",73573044,13856,FALSE,1,70.94,TRUE,"activation"
"Mex3c","240396","chr18","+",73573044,73592575,73578000,73687000,"N-2-12",FALSE,TRUE,"CMZ354",FALSE,"chr18",73586850,73586950,73586900,37322,"+",0,FALSE,FALSE,TRUE,"intronic_same",73573044,13856,FALSE,1,70.94,TRUE,"activation"
"Mex3c","240396","chr18","+",73573044,73592575,73578000,73687000,"B-1-7",FALSE,FALSE,NA,FALSE,"chr18",73594250,73594350,73594300,4804,"+",1725,FALSE,FALSE,TRUE,"intronic_same",73573044,21256,FALSE,NA,108.83,FALSE,"disruption"
"Mex3c","240396","chr18","+",73573044,73592575,73578000,73687000,"N-A12",FALSE,FALSE,NA,FALSE,"chr18",73645550,73645650,73645600,10693,"-",53025,TRUE,FALSE,FALSE,"distant",73573044,72556,FALSE,NA,371.49,FALSE,"disruption"
"Mex3c","240396","chr18","+",73573044,73592575,73578000,73687000,"B-A12",FALSE,FALSE,NA,FALSE,"chr18",73645550,73645650,73645600,4002,"-",53025,TRUE,FALSE,FALSE,"distant",73573044,72556,FALSE,NA,371.49,FALSE,"disruption"
"Mex3c","240396","chr18","+",73573044,73592575,73578000,73687000,"B-A05",FALSE,TRUE,"CMZ109",FALSE,"chr18",73650050,73650150,73650100,2248,"-",57525,TRUE,FALSE,FALSE,"distant",73573044,77056,FALSE,NA,394.53,FALSE,"disruption"
"Mex3c","240396","chr18","+",73573044,73592575,73578000,73687000,"B3-c-32",TRUE,FALSE,NA,FALSE,"chr18",73653950,73654050,73654000,1726,"+",61425,TRUE,FALSE,TRUE,"distant",73573044,80956,FALSE,NA,414.5,FALSE,"disruption"
"Mex3c","240396","chr18","+",73573044,73592575,73578000,73687000,"B-A02",FALSE,TRUE,"CMZ181",FALSE,"chr18",73656050,73656150,73656100,11513,"+",63525,TRUE,FALSE,TRUE,"distant",73573044,83056,FALSE,NA,425.25,FALSE,"disruption"
"Mex3c","240396","chr18","+",73573044,73592575,73578000,73687000,"N-A02",FALSE,TRUE,"CMZ181",FALSE,"chr18",73656050,73656150,73656100,3881,"+",63525,TRUE,FALSE,TRUE,"distant",73573044,83056,FALSE,NA,425.25,FALSE,"disruption"
"Mex3c","240396","chr18","+",73573044,73592575,73578000,73687000,"B-3-1",FALSE,FALSE,NA,FALSE,"chr18",73656250,73656350,73656300,2334,"+",63725,TRUE,FALSE,TRUE,"distant",73573044,83256,FALSE,NA,426.28,FALSE,"disruption"
"Mex3c","240396","chr18","+",73573044,73592575,73578000,73687000,"N-3-1",FALSE,FALSE,NA,FALSE,"chr18",73656250,73656350,73656300,2086,"+",63725,TRUE,FALSE,TRUE,"distant",73573044,83256,FALSE,NA,426.28,FALSE,"disruption"
"Mex3c","240396","chr18","+",73573044,73592575,73578000,73687000,"N-2-12",FALSE,TRUE,"CMZ354",FALSE,"chr18",73670850,73670950,73670900,6005,"-",78325,TRUE,FALSE,FALSE,"distant",73573044,97856,FALSE,NA,501.03,FALSE,"disruption"
"Mir103-1","723824","chr11","+",35782396,35782481,35799800,35816800,"B-2-9",TRUE,TRUE,"CMZ344",FALSE,"chr11",35799750,35799850,35799800,1302,"-",17319,TRUE,FALSE,FALSE,"distant",35782396,17404,FALSE,NA,20475.29,FALSE,"disruption"
"Mir103-1","723824","chr11","+",35782396,35782481,35799800,35816800,"N-A04",FALSE,TRUE,"CMZ101",FALSE,"chr11",35806850,35806950,35806900,7502,"-",24419,TRUE,FALSE,FALSE,"distant",35782396,24504,FALSE,NA,28828.24,FALSE,"disruption"
"Mir103-1","723824","chr11","+",35782396,35782481,35799800,35816800,"B-A04",FALSE,TRUE,"CMZ101",FALSE,"chr11",35806850,35806950,35806900,6298,"-",24419,TRUE,FALSE,FALSE,"distant",35782396,24504,FALSE,NA,28828.24,FALSE,"disruption"
"Mir103-1","723824","chr11","+",35782396,35782481,35799800,35816800,"N-A04",FALSE,TRUE,"CMZ101",FALSE,"chr11",35815450,35815550,35815500,1631,"+",33019,TRUE,FALSE,TRUE,"distant",35782396,33104,FALSE,NA,38945.88,FALSE,"disruption"
"Mir103-1","723824","chr11","+",35782396,35782481,35799800,35816800,"B-B10",FALSE,FALSE,NA,FALSE,"chr11",35815550,35815650,35815600,2552,"+",33119,TRUE,FALSE,TRUE,"distant",35782396,33204,FALSE,NA,39063.53,FALSE,"disruption"
"Mir103-1","723824","chr11","+",35782396,35782481,35799800,35816800,"N-B10",FALSE,FALSE,NA,FALSE,"chr11",35815550,35815650,35815600,1918,"+",33119,TRUE,FALSE,TRUE,"distant",35782396,33204,FALSE,NA,39063.53,FALSE,"disruption"
"Mir1898","100316684","chr15","+",12171492,12171574,12119700,12386700,"N3-14",FALSE,FALSE,NA,FALSE,"chr15",12119650,12119750,12119700,969,"-",51792,TRUE,FALSE,FALSE,"distant",12171492,-51792,FALSE,NA,-63160.98,FALSE,"disruption"
"Mir1898","100316684","chr15","+",12171492,12171574,12119700,12386700,"B3-c-32",TRUE,FALSE,NA,FALSE,"chr15",12122550,12122650,12122600,12580,"-",48892,TRUE,FALSE,FALSE,"distant",12171492,-48892,FALSE,NA,-59624.39,FALSE,"disruption"
"Mir1898","100316684","chr15","+",12171492,12171574,12119700,12386700,"B3-2-36",TRUE,FALSE,NA,FALSE,"chr15",12122550,12122650,12122600,21231,"-",48892,TRUE,FALSE,FALSE,"distant",12171492,-48892,FALSE,NA,-59624.39,FALSE,"disruption"
"Mir1898","100316684","chr15","+",12171492,12171574,12119700,12386700,"B-B08",TRUE,TRUE,"CMZ106",FALSE,"chr15",12130750,12130850,12130800,505,"+",40692,TRUE,FALSE,TRUE,"distant",12171492,-40692,FALSE,NA,-49624.39,FALSE,"disruption"
"Mir1898","100316684","chr15","+",12171492,12171574,12119700,12386700,"N-B02",TRUE,FALSE,NA,FALSE,"chr15",12139150,12139250,12139200,407,"+",32292,TRUE,FALSE,TRUE,"distant",12171492,-32292,FALSE,NA,-39380.49,FALSE,"disruption"
"Mir1898","100316684","chr15","+",12171492,12171574,12119700,12386700,"N3-2-21",FALSE,FALSE,NA,FALSE,"chr15",12162250,12162350,12162300,892,"+",9192,TRUE,FALSE,TRUE,"distant",12171492,-9192,FALSE,NA,-11209.76,FALSE,"disruption"
"Mir1898","100316684","chr15","+",12171492,12171574,12119700,12386700,"N-2-26",TRUE,TRUE,"CMZ347",FALSE,"chr15",12189650,12189750,12189700,2917,"+",18126,TRUE,FALSE,TRUE,"distant",12171492,18208,FALSE,NA,22204.88,FALSE,"disruption"
"Mir1898","100316684","chr15","+",12171492,12171574,12119700,12386700,"B3-14",FALSE,FALSE,NA,FALSE,"chr15",12336850,12336950,12336900,1607,"-",165326,TRUE,FALSE,FALSE,"distant",12171492,165408,FALSE,NA,201717.07,FALSE,"disruption"
"Mir1898","100316684","chr15","+",12171492,12171574,12119700,12386700,"B-3-4",FALSE,FALSE,NA,FALSE,"chr15",12338550,12338650,12338600,840,"-",167026,TRUE,FALSE,FALSE,"distant",12171492,167108,FALSE,NA,203790.24,FALSE,"disruption"
"Mir1898","100316684","chr15","+",12171492,12171574,12119700,12386700,"B3-c-28",FALSE,FALSE,NA,FALSE,"chr15",12342650,12342750,12342700,1748,"+",171126,TRUE,FALSE,TRUE,"distant",12171492,171208,FALSE,NA,208790.24,FALSE,"disruption"
"Mir1898","100316684","chr15","+",12171492,12171574,12119700,12386700,"B-A12",FALSE,FALSE,NA,FALSE,"chr15",12361650,12361750,12361700,1596,"+",190126,TRUE,FALSE,TRUE,"distant",12171492,190208,FALSE,NA,231960.98,FALSE,"disruption"
"Mir421","100124494","chrX","-",103572921,103572996,103190500,103229500,"B3-9",FALSE,FALSE,NA,FALSE,"chr15",103190450,103190550,103190500,10436,"+",382421,TRUE,FALSE,TRUE,"distant",103572996,382496,FALSE,NA,509994.67,FALSE,"disruption"
"Mir421","100124494","chrX","-",103572921,103572996,103190500,103229500,"N3-9",FALSE,FALSE,NA,FALSE,"chr15",103190450,103190550,103190500,5039,"+",382421,TRUE,FALSE,TRUE,"distant",103572996,382496,FALSE,NA,509994.67,FALSE,"disruption"
"Mir421","100124494","chrX","-",103572921,103572996,103190500,103229500,"B-2-21",FALSE,TRUE,"CMZ353",FALSE,"chr15",103214050,103214150,103214100,1197,"-",358821,TRUE,FALSE,FALSE,"distant",103572996,358896,FALSE,NA,478528,FALSE,"disruption"
"Mir421","100124494","chrX","-",103572921,103572996,103190500,103229500,"N3-2-2",TRUE,FALSE,NA,FALSE,"chr15",103216350,103216450,103216400,16618,"-",356521,TRUE,FALSE,FALSE,"distant",103572996,356596,FALSE,NA,475461.33,FALSE,"disruption"
"Mir421","100124494","chrX","-",103572921,103572996,103190500,103229500,"B3-2-2",TRUE,FALSE,NA,FALSE,"chr15",103216350,103216450,103216400,10368,"-",356521,TRUE,FALSE,FALSE,"distant",103572996,356596,FALSE,NA,475461.33,FALSE,"disruption"
"Mir421","100124494","chrX","-",103572921,103572996,103190500,103229500,"N-B09",TRUE,TRUE,"CMZ104",FALSE,"chr15",103218850,103218950,103218900,14068,"-",354021,TRUE,FALSE,FALSE,"distant",103572996,354096,FALSE,NA,472128,FALSE,"disruption"
"Mir421","100124494","chrX","-",103572921,103572996,103190500,103229500,"N3-c-9",FALSE,FALSE,NA,FALSE,"chr15",103225450,103225550,103225500,5056,"-",347421,TRUE,FALSE,FALSE,"distant",103572996,347496,FALSE,NA,463328,FALSE,"disruption"
"Mir466i","100316665","chr13","+",17747473,17747593,17697500,17806500,"B3-12",FALSE,FALSE,NA,FALSE,"chr13",17697450,17697550,17697500,1981,"+",49973,TRUE,FALSE,TRUE,"distant",17747473,-49973,FALSE,NA,-41644.17,FALSE,"disruption"
"Mir466i","100316665","chr13","+",17747473,17747593,17697500,17806500,"B3-14",FALSE,FALSE,NA,FALSE,"chr13",17697450,17697550,17697500,477,"+",49973,TRUE,FALSE,TRUE,"distant",17747473,-49973,FALSE,NA,-41644.17,FALSE,"disruption"
"Mir466i","100316665","chr13","+",17747473,17747593,17697500,17806500,"N3-14",FALSE,FALSE,NA,FALSE,"chr13",17697450,17697550,17697500,658,"+",49973,TRUE,FALSE,TRUE,"distant",17747473,-49973,FALSE,NA,-41644.17,FALSE,"disruption"
"Mir466i","100316665","chr13","+",17747473,17747593,17697500,17806500,"B3-8",FALSE,FALSE,NA,FALSE,"chr13",17704150,17704250,17704200,6341,"+",43273,TRUE,FALSE,TRUE,"distant",17747473,-43273,FALSE,NA,-36060.83,FALSE,"disruption"
"Mir466i","100316665","chr13","+",17747473,17747593,17697500,17806500,"N3-8",FALSE,FALSE,NA,FALSE,"chr13",17704150,17704250,17704200,1179,"+",43273,TRUE,FALSE,TRUE,"distant",17747473,-43273,FALSE,NA,-36060.83,FALSE,"disruption"
"Mir466i","100316665","chr13","+",17747473,17747593,17697500,17806500,"N3-c-32",TRUE,FALSE,NA,FALSE,"chr13",17704450,17704550,17704500,1911,"+",42973,TRUE,FALSE,TRUE,"distant",17747473,-42973,FALSE,NA,-35810.83,FALSE,"disruption"
"Mir466i","100316665","chr13","+",17747473,17747593,17697500,17806500,"N3-14",FALSE,FALSE,NA,FALSE,"chr13",17721650,17721750,17721700,1080,"+",25773,TRUE,FALSE,TRUE,"distant",17747473,-25773,FALSE,NA,-21477.5,FALSE,"disruption"
"Mir466i","100316665","chr13","+",17747473,17747593,17697500,17806500,"B-3-4",FALSE,FALSE,NA,FALSE,"chr13",17777250,17777350,17777300,1490,"+",29707,TRUE,FALSE,TRUE,"distant",17747473,29827,FALSE,NA,24855.83,FALSE,"disruption"
"Mir466i","100316665","chr13","+",17747473,17747593,17697500,17806500,"N-3-4",FALSE,FALSE,NA,FALSE,"chr13",17777250,17777350,17777300,826,"+",29707,TRUE,FALSE,TRUE,"distant",17747473,29827,FALSE,NA,24855.83,FALSE,"disruption"
"Mir466i","100316665","chr13","+",17747473,17747593,17697500,17806500,"B3-19",FALSE,FALSE,NA,FALSE,"chr13",17792650,17792750,17792700,1477,"+",45107,TRUE,FALSE,TRUE,"distant",17747473,45227,FALSE,NA,37689.17,FALSE,"disruption"
"Mir466i","100316665","chr13","+",17747473,17747593,17697500,17806500,"N3-19",FALSE,FALSE,NA,FALSE,"chr13",17792650,17792750,17792700,3703,"+",45107,TRUE,FALSE,TRUE,"distant",17747473,45227,FALSE,NA,37689.17,FALSE,"disruption"
"Mir466i","100316665","chr13","+",17747473,17747593,17697500,17806500,"N-A05",FALSE,TRUE,"CMZ109",FALSE,"chr13",17801750,17801850,17801800,1317,"-",54207,TRUE,FALSE,FALSE,"distant",17747473,54327,FALSE,NA,45272.5,FALSE,"disruption"
"Mir466i","100316665","chr13","+",17747473,17747593,17697500,17806500,"B-A05",FALSE,TRUE,"CMZ109",FALSE,"chr13",17801750,17801850,17801800,1146,"-",54207,TRUE,FALSE,FALSE,"distant",17747473,54327,FALSE,NA,45272.5,FALSE,"disruption"
"Mir674","732489","chr2","+",117185127,117185226,117126100,117196100,"B3-19",FALSE,FALSE,NA,FALSE,"chr2",117126050,117126150,117126100,2171,"-",59027,TRUE,FALSE,FALSE,"distant",117185127,-59027,FALSE,NA,-59623.23,FALSE,"disruption"
"Mir674","732489","chr2","+",117185127,117185226,117126100,117196100,"N-2-23",FALSE,FALSE,NA,FALSE,"chr2",117146350,117146450,117146400,17820,"-",38727,TRUE,FALSE,FALSE,"distant",117185127,-38727,FALSE,NA,-39118.18,FALSE,"disruption"
"Mir674","732489","chr2","+",117185127,117185226,117126100,117196100,"B-2-23",FALSE,FALSE,NA,FALSE,"chr2",117146350,117146450,117146400,439,"-",38727,TRUE,FALSE,FALSE,"distant",117185127,-38727,FALSE,NA,-39118.18,FALSE,"disruption"
"Mir674","732489","chr2","+",117185127,117185226,117126100,117196100,"B-A08",TRUE,FALSE,NA,FALSE,"chr2",117153150,117153250,117153200,11169,"-",31927,TRUE,FALSE,FALSE,"distant",117185127,-31927,FALSE,NA,-32249.49,FALSE,"disruption"
"Mir674","732489","chr2","+",117185127,117185226,117126100,117196100,"B-B10",FALSE,FALSE,NA,FALSE,"chr2",117158850,117158950,117158900,12444,"-",26227,TRUE,FALSE,FALSE,"distant",117185127,-26227,FALSE,NA,-26491.92,FALSE,"disruption"
"Mir674","732489","chr2","+",117185127,117185226,117126100,117196100,"B-A02",FALSE,TRUE,"CMZ181",FALSE,"chr2",117186450,117186550,117186500,7404,"+",1274,FALSE,FALSE,TRUE,"intronic_same",117185127,1373,FALSE,NA,1386.87,FALSE,"disruption"
"Mir674","732489","chr2","+",117185127,117185226,117126100,117196100,"N-3-1",FALSE,FALSE,NA,FALSE,"chr2",117186850,117186950,117186900,538,"-",1674,FALSE,FALSE,FALSE,"intronic_opposite",117185127,1773,FALSE,NA,1790.91,FALSE,"disruption"
"Mirlet7g","387249","chr9","+",106178840,106178927,106175100,106192100,"B-B10",FALSE,FALSE,NA,FALSE,"chr9",106175050,106175150,106175100,30553,"+",3740,TRUE,FALSE,TRUE,"distant",106178840,-3740,FALSE,NA,-4298.85,FALSE,"disruption"
"Mirlet7g","387249","chr9","+",106178840,106178927,106175100,106192100,"B-2-21",FALSE,TRUE,"CMZ353",FALSE,"chr9",106179950,106180050,106180000,1142,"+",1073,FALSE,FALSE,TRUE,"intronic_same",106178840,1160,FALSE,NA,1333.33,FALSE,"disruption"
"Mirlet7g","387249","chr9","+",106178840,106178927,106175100,106192100,"B-2-25",FALSE,TRUE,"CMZ349",FALSE,"chr9",106181550,106181650,106181600,2755,"+",2673,TRUE,FALSE,TRUE,"distant",106178840,2760,FALSE,NA,3172.41,FALSE,"disruption"
"Mirlet7g","387249","chr9","+",106178840,106178927,106175100,106192100,"N3-7",FALSE,FALSE,NA,FALSE,"chr9",106182150,106182250,106182200,1121,"-",3273,TRUE,FALSE,FALSE,"distant",106178840,3360,FALSE,NA,3862.07,FALSE,"disruption"
"Mllt10","17354","chr2","+",18055237,18212388,18120200,18190200,"B3-2-2",TRUE,FALSE,NA,FALSE,"chr2",18120150,18120250,18120200,768,"+",0,FALSE,FALSE,TRUE,"intronic_same",18055237,64963,FALSE,16,41.34,FALSE,"disruption"
"Mllt10","17354","chr2","+",18055237,18212388,18120200,18190200,"B3-c-9",FALSE,FALSE,NA,FALSE,"chr2",18127950,18128050,18128000,1355,"-",0,FALSE,FALSE,FALSE,"intronic_opposite",18055237,72763,FALSE,21,46.3,FALSE,"disruption"
"Mllt10","17354","chr2","+",18055237,18212388,18120200,18190200,"N-2-17",TRUE,TRUE,"CMZ345",TRUE,"chr2",18136950,18137050,18137000,26860,"-",0,FALSE,FALSE,FALSE,"intronic_opposite",18055237,81763,FALSE,21,52.03,FALSE,"disruption"
"Mllt10","17354","chr2","+",18055237,18212388,18120200,18190200,"B-2-17",TRUE,TRUE,"CMZ345",TRUE,"chr2",18136950,18137050,18137000,3160,"-",0,FALSE,FALSE,FALSE,"intronic_opposite",18055237,81763,FALSE,21,52.03,FALSE,"disruption"
"Mllt10","17354","chr2","+",18055237,18212388,18120200,18190200,"N-A03",TRUE,TRUE,"CMZ111,CMZ356",FALSE,"chr2",18137950,18138050,18138000,2915,"-",0,FALSE,FALSE,FALSE,"intronic_opposite",18055237,82763,FALSE,21,52.66,FALSE,"disruption"
"Mllt10","17354","chr2","+",18055237,18212388,18120200,18190200,"N3-6",TRUE,FALSE,NA,FALSE,"chr2",18151150,18151250,18151200,1012,"+",0,FALSE,FALSE,TRUE,"intronic_same",18055237,95963,FALSE,23,61.06,FALSE,"disruption"
"Mllt10","17354","chr2","+",18055237,18212388,18120200,18190200,"B-B07",TRUE,TRUE,"CMZ107",FALSE,"chr2",18184850,18184950,18184900,3058,"+",0,FALSE,FALSE,TRUE,"intronic_same",18055237,129663,FALSE,30,82.51,FALSE,"disruption"
"Mllt10","17354","chr2","+",18055237,18212388,18120200,18190200,"B3-1-2",TRUE,TRUE,"CMZ107",FALSE,"chr2",18184850,18184950,18184900,2035,"+",0,FALSE,FALSE,TRUE,"intronic_same",18055237,129663,FALSE,30,82.51,FALSE,"disruption"
"Mllt10","17354","chr2","+",18055237,18212388,18120200,18190200,"N-B07",TRUE,TRUE,"CMZ107",FALSE,"chr2",18184850,18184950,18184900,25892,"+",0,FALSE,FALSE,TRUE,"intronic_same",18055237,129663,FALSE,30,82.51,FALSE,"disruption"
"Mllt10","17354","chr2","+",18055237,18212388,18120200,18190200,"N3-1-2",TRUE,TRUE,"CMZ107",FALSE,"chr2",18184850,18184950,18184900,1992,"+",0,FALSE,FALSE,TRUE,"intronic_same",18055237,129663,FALSE,30,82.51,FALSE,"disruption"
"Mocs3","69372","chr2","+",168230622,168232594,168177200,168216200,"B3-7",FALSE,FALSE,NA,FALSE,"chr2",168177150,168177250,168177200,564,"-",53422,TRUE,FALSE,FALSE,"distant",168230622,-53422,FALSE,NA,-2709.03,FALSE,"disruption"
"Mocs3","69372","chr2","+",168230622,168232594,168177200,168216200,"B-2-23",FALSE,FALSE,NA,FALSE,"chr2",168177250,168177350,168177300,310,"+",53322,TRUE,FALSE,TRUE,"distant",168230622,-53322,FALSE,NA,-2703.96,FALSE,"disruption"
"Mocs3","69372","chr2","+",168230622,168232594,168177200,168216200,"N-2-23",FALSE,FALSE,NA,FALSE,"chr2",168177250,168177350,168177300,4700,"+",53322,TRUE,FALSE,TRUE,"distant",168230622,-53322,FALSE,NA,-2703.96,FALSE,"disruption"
"Mocs3","69372","chr2","+",168230622,168232594,168177200,168216200,"B-2-25",FALSE,TRUE,"CMZ349",FALSE,"chr2",168187250,168187350,168187300,9569,"+",43322,TRUE,FALSE,TRUE,"distant",168230622,-43322,FALSE,NA,-2196.86,FALSE,"disruption"
"Mocs3","69372","chr2","+",168230622,168232594,168177200,168216200,"N-2-25",FALSE,TRUE,"CMZ349",FALSE,"chr2",168187250,168187350,168187300,7350,"+",43322,TRUE,FALSE,TRUE,"distant",168230622,-43322,FALSE,NA,-2196.86,FALSE,"disruption"
"Mocs3","69372","chr2","+",168230622,168232594,168177200,168216200,"N3-1",FALSE,FALSE,NA,FALSE,"chr2",168195650,168195750,168195700,1070,"-",34922,TRUE,FALSE,FALSE,"distant",168230622,-34922,FALSE,NA,-1770.89,FALSE,"disruption"
"Mocs3","69372","chr2","+",168230622,168232594,168177200,168216200,"B-1-4",FALSE,FALSE,NA,FALSE,"chr2",168195950,168196050,168196000,22,"+",34622,TRUE,FALSE,TRUE,"distant",168230622,-34622,FALSE,NA,-1755.68,FALSE,"disruption"
"Mocs3","69372","chr2","+",168230622,168232594,168177200,168216200,"B-A05",FALSE,TRUE,"CMZ109",FALSE,"chr2",168204550,168204650,168204600,3555,"+",26022,TRUE,FALSE,TRUE,"distant",168230622,-26022,FALSE,NA,-1319.57,FALSE,"disruption"
"Mplkip","66308","chr13","+",17695192,17699105,17697500,17806500,"B3-12",FALSE,FALSE,NA,FALSE,"chr13",17697450,17697550,17697500,1981,"+",0,FALSE,TRUE,TRUE,"exonic_same",17695192,2308,FALSE,NA,58.98,FALSE,"disruption"
"Mplkip","66308","chr13","+",17695192,17699105,17697500,17806500,"B3-14",FALSE,FALSE,NA,FALSE,"chr13",17697450,17697550,17697500,477,"+",0,FALSE,TRUE,TRUE,"exonic_same",17695192,2308,FALSE,NA,58.98,FALSE,"disruption"
"Mplkip","66308","chr13","+",17695192,17699105,17697500,17806500,"N3-14",FALSE,FALSE,NA,FALSE,"chr13",17697450,17697550,17697500,658,"+",0,FALSE,TRUE,TRUE,"exonic_same",17695192,2308,FALSE,NA,58.98,FALSE,"disruption"
"Mplkip","66308","chr13","+",17695192,17699105,17697500,17806500,"B3-8",FALSE,FALSE,NA,FALSE,"chr13",17704150,17704250,17704200,6341,"+",5095,TRUE,FALSE,TRUE,"distant",17695192,9008,FALSE,NA,230.21,FALSE,"disruption"
"Mplkip","66308","chr13","+",17695192,17699105,17697500,17806500,"N3-8",FALSE,FALSE,NA,FALSE,"chr13",17704150,17704250,17704200,1179,"+",5095,TRUE,FALSE,TRUE,"distant",17695192,9008,FALSE,NA,230.21,FALSE,"disruption"
"Mplkip","66308","chr13","+",17695192,17699105,17697500,17806500,"N3-c-32",TRUE,FALSE,NA,FALSE,"chr13",17704450,17704550,17704500,1911,"+",5395,TRUE,FALSE,TRUE,"distant",17695192,9308,FALSE,NA,237.87,FALSE,"disruption"
"Mplkip","66308","chr13","+",17695192,17699105,17697500,17806500,"N3-14",FALSE,FALSE,NA,FALSE,"chr13",17721650,17721750,17721700,1080,"+",22595,TRUE,FALSE,TRUE,"distant",17695192,26508,FALSE,NA,677.43,FALSE,"disruption"
"Mplkip","66308","chr13","+",17695192,17699105,17697500,17806500,"B-3-4",FALSE,FALSE,NA,FALSE,"chr13",17777250,17777350,17777300,1490,"+",78195,TRUE,FALSE,TRUE,"distant",17695192,82108,FALSE,NA,2098.34,FALSE,"disruption"
"Mplkip","66308","chr13","+",17695192,17699105,17697500,17806500,"N-3-4",FALSE,FALSE,NA,FALSE,"chr13",17777250,17777350,17777300,826,"+",78195,TRUE,FALSE,TRUE,"distant",17695192,82108,FALSE,NA,2098.34,FALSE,"disruption"
"Mplkip","66308","chr13","+",17695192,17699105,17697500,17806500,"B3-19",FALSE,FALSE,NA,FALSE,"chr13",17792650,17792750,17792700,1477,"+",93595,TRUE,FALSE,TRUE,"distant",17695192,97508,FALSE,NA,2491.9,FALSE,"disruption"
"Mplkip","66308","chr13","+",17695192,17699105,17697500,17806500,"N3-19",FALSE,FALSE,NA,FALSE,"chr13",17792650,17792750,17792700,3703,"+",93595,TRUE,FALSE,TRUE,"distant",17695192,97508,FALSE,NA,2491.9,FALSE,"disruption"
"Mplkip","66308","chr13","+",17695192,17699105,17697500,17806500,"N-A05",FALSE,TRUE,"CMZ109",FALSE,"chr13",17801750,17801850,17801800,1317,"-",102695,TRUE,FALSE,FALSE,"distant",17695192,106608,FALSE,NA,2724.46,FALSE,"disruption"
"Mplkip","66308","chr13","+",17695192,17699105,17697500,17806500,"B-A05",FALSE,TRUE,"CMZ109",FALSE,"chr13",17801750,17801850,17801800,1146,"-",102695,TRUE,FALSE,FALSE,"distant",17695192,106608,FALSE,NA,2724.46,FALSE,"disruption"
"Msi2","76626","chr11","-",88339382,88718513,88528300,88598300,"N-B10",FALSE,FALSE,NA,FALSE,"chr11",88528250,88528350,88528300,288,"-",0,FALSE,FALSE,FALSE,"intronic_opposite",88718513,190213,FALSE,15,50.17,FALSE,"disruption"
"Msi2","76626","chr11","-",88339382,88718513,88528300,88598300,"B-1-2",TRUE,TRUE,"CMZ346",FALSE,"chr11",88553650,88553750,88553700,398,"+",0,FALSE,FALSE,TRUE,"intronic_same",88718513,164813,FALSE,15,43.47,FALSE,"disruption"
"Msi2","76626","chr11","-",88339382,88718513,88528300,88598300,"B-A03",TRUE,TRUE,"CMZ111,CMZ356",FALSE,"chr11",88571750,88571850,88571800,21515,"+",0,FALSE,FALSE,TRUE,"intronic_same",88718513,146713,FALSE,15,38.7,FALSE,"disruption"
"Msi2","76626","chr11","-",88339382,88718513,88528300,88598300,"B-A08",TRUE,FALSE,NA,FALSE,"chr11",88571750,88571850,88571800,2850,"+",0,FALSE,FALSE,TRUE,"intronic_same",88718513,146713,FALSE,15,38.7,FALSE,"disruption"
"Msi2","76626","chr11","-",88339382,88718513,88528300,88598300,"B3-1-15",TRUE,TRUE,"CMZ111,CMZ356",FALSE,"chr11",88571750,88571850,88571800,26255,"+",0,FALSE,FALSE,TRUE,"intronic_same",88718513,146713,FALSE,15,38.7,FALSE,"disruption"
"Msi2","76626","chr11","-",88339382,88718513,88528300,88598300,"N-A03",TRUE,TRUE,"CMZ111,CMZ356",FALSE,"chr11",88571750,88571850,88571800,3021,"+",0,FALSE,FALSE,TRUE,"intronic_same",88718513,146713,FALSE,15,38.7,FALSE,"disruption"
"Msi2","76626","chr11","-",88339382,88718513,88528300,88598300,"N3-1-15",TRUE,TRUE,"CMZ111,CMZ356",FALSE,"chr11",88571750,88571850,88571800,10521,"+",0,FALSE,FALSE,TRUE,"intronic_same",88718513,146713,FALSE,15,38.7,FALSE,"disruption"
"Msi2","76626","chr11","-",88339382,88718513,88528300,88598300,"B-2-25",FALSE,TRUE,"CMZ349",FALSE,"chr11",88571850,88571950,88571900,3259,"-",0,FALSE,FALSE,FALSE,"intronic_opposite",88718513,146613,FALSE,15,38.67,FALSE,"disruption"
"Msi2","76626","chr11","-",88339382,88718513,88528300,88598300,"N-1-2",TRUE,TRUE,"CMZ346",FALSE,"chr11",88596950,88597050,88597000,285,"-",0,FALSE,FALSE,FALSE,"intronic_opposite",88718513,121513,FALSE,14,32.05,FALSE,"disruption"
"Msi2","76626","chr11","-",88339382,88718513,88528300,88598300,"N-2-15",FALSE,FALSE,NA,FALSE,"chr11",88597250,88597350,88597300,348,"+",0,FALSE,FALSE,TRUE,"intronic_same",88718513,121213,FALSE,14,31.97,FALSE,"disruption"
"Mtch2","56428","chr2","+",90847155,90866810,90849600,91057600,"N-B02",TRUE,FALSE,NA,FALSE,"chr2",90849550,90849650,90849600,252,"+",0,FALSE,TRUE,TRUE,"exonic_same",90847155,2445,FALSE,NA,12.44,FALSE,"disruption"
"Mtch2","56428","chr2","+",90847155,90866810,90849600,91057600,"N-A12",FALSE,FALSE,NA,FALSE,"chr2",90912250,90912350,90912300,7302,"-",45490,TRUE,FALSE,FALSE,"distant",90847155,65145,FALSE,NA,331.44,FALSE,"disruption"
"Mtch2","56428","chr2","+",90847155,90866810,90849600,91057600,"B-A12",FALSE,FALSE,NA,FALSE,"chr2",90912250,90912350,90912300,1089,"-",45490,TRUE,FALSE,FALSE,"distant",90847155,65145,FALSE,NA,331.44,FALSE,"disruption"
"Mtch2","56428","chr2","+",90847155,90866810,90849600,91057600,"B-2-14",FALSE,FALSE,NA,FALSE,"chr2",90948950,90949050,90949000,20008,"+",82190,TRUE,FALSE,TRUE,"distant",90847155,101845,FALSE,NA,518.16,FALSE,"disruption"
"Mtch2","56428","chr2","+",90847155,90866810,90849600,91057600,"N-2-14",FALSE,FALSE,NA,FALSE,"chr2",90948950,90949050,90949000,22948,"+",82190,TRUE,FALSE,TRUE,"distant",90847155,101845,FALSE,NA,518.16,FALSE,"disruption"
"Mtch2","56428","chr2","+",90847155,90866810,90849600,91057600,"N-2-21",FALSE,TRUE,"CMZ353",FALSE,"chr2",90963850,90963950,90963900,135,"+",97090,TRUE,FALSE,TRUE,"distant",90847155,116745,FALSE,NA,593.97,FALSE,"disruption"
"Mtch2","56428","chr2","+",90847155,90866810,90849600,91057600,"N-B02",TRUE,FALSE,NA,FALSE,"chr2",90968650,90968750,90968700,367,"+",101890,TRUE,FALSE,TRUE,"distant",90847155,121545,FALSE,NA,618.39,FALSE,"disruption"
"Mtch2","56428","chr2","+",90847155,90866810,90849600,91057600,"B-B03",FALSE,TRUE,"CMZ183",FALSE,"chr2",90980050,90980150,90980100,1005,"+",113290,TRUE,FALSE,TRUE,"distant",90847155,132945,FALSE,NA,676.39,FALSE,"disruption"
"Mtch2","56428","chr2","+",90847155,90866810,90849600,91057600,"B3-c-9",FALSE,FALSE,NA,FALSE,"chr2",91004550,91004650,91004600,1493,"+",137790,TRUE,FALSE,TRUE,"distant",90847155,157445,FALSE,NA,801.04,FALSE,"disruption"
"Mtch2","56428","chr2","+",90847155,90866810,90849600,91057600,"N-B02",TRUE,FALSE,NA,FALSE,"chr2",91010850,91010950,91010900,623,"+",144090,TRUE,FALSE,TRUE,"distant",90847155,163745,FALSE,NA,833.1,FALSE,"disruption"
"Mtch2","56428","chr2","+",90847155,90866810,90849600,91057600,"N3-2-36",TRUE,FALSE,NA,FALSE,"chr2",91010950,91011050,91011000,5012,"-",144190,TRUE,FALSE,FALSE,"distant",90847155,163845,FALSE,NA,833.6,FALSE,"disruption"
"Mtch2","56428","chr2","+",90847155,90866810,90849600,91057600,"B3-c-32",TRUE,FALSE,NA,FALSE,"chr2",91010950,91011050,91011000,11908,"-",144190,TRUE,FALSE,FALSE,"distant",90847155,163845,FALSE,NA,833.6,FALSE,"disruption"
"Mtch2","56428","chr2","+",90847155,90866810,90849600,91057600,"B3-2-36",TRUE,FALSE,NA,FALSE,"chr2",91010950,91011050,91011000,9677,"-",144190,TRUE,FALSE,FALSE,"distant",90847155,163845,FALSE,NA,833.6,FALSE,"disruption"
"Mtch2","56428","chr2","+",90847155,90866810,90849600,91057600,"N3-2-36",TRUE,FALSE,NA,FALSE,"chr2",91013750,91013850,91013800,2667,"-",146990,TRUE,FALSE,FALSE,"distant",90847155,166645,FALSE,NA,847.85,FALSE,"disruption"
"Mtch2","56428","chr2","+",90847155,90866810,90849600,91057600,"B3-2-36",TRUE,FALSE,NA,FALSE,"chr2",91013750,91013850,91013800,1995,"-",146990,TRUE,FALSE,FALSE,"distant",90847155,166645,FALSE,NA,847.85,FALSE,"disruption"
"Mtmr12","268783","chr15","+",12205028,12274496,12119700,12386700,"N3-14",FALSE,FALSE,NA,FALSE,"chr15",12119650,12119750,12119700,969,"-",85328,TRUE,FALSE,FALSE,"distant",12205028,-85328,FALSE,NA,-122.83,FALSE,"disruption"
"Mtmr12","268783","chr15","+",12205028,12274496,12119700,12386700,"B3-c-32",TRUE,FALSE,NA,FALSE,"chr15",12122550,12122650,12122600,12580,"-",82428,TRUE,FALSE,FALSE,"distant",12205028,-82428,FALSE,NA,-118.66,FALSE,"disruption"
"Mtmr12","268783","chr15","+",12205028,12274496,12119700,12386700,"B3-2-36",TRUE,FALSE,NA,FALSE,"chr15",12122550,12122650,12122600,21231,"-",82428,TRUE,FALSE,FALSE,"distant",12205028,-82428,FALSE,NA,-118.66,FALSE,"disruption"
"Mtmr12","268783","chr15","+",12205028,12274496,12119700,12386700,"B-B08",TRUE,TRUE,"CMZ106",FALSE,"chr15",12130750,12130850,12130800,505,"+",74228,TRUE,FALSE,TRUE,"distant",12205028,-74228,FALSE,NA,-106.85,FALSE,"disruption"
"Mtmr12","268783","chr15","+",12205028,12274496,12119700,12386700,"N-B02",TRUE,FALSE,NA,FALSE,"chr15",12139150,12139250,12139200,407,"+",65828,TRUE,FALSE,TRUE,"distant",12205028,-65828,FALSE,NA,-94.76,FALSE,"disruption"
"Mtmr12","268783","chr15","+",12205028,12274496,12119700,12386700,"N3-2-21",FALSE,FALSE,NA,FALSE,"chr15",12162250,12162350,12162300,892,"+",42728,TRUE,FALSE,TRUE,"distant",12205028,-42728,FALSE,NA,-61.51,FALSE,"disruption"
"Mtmr12","268783","chr15","+",12205028,12274496,12119700,12386700,"N-2-26",TRUE,TRUE,"CMZ347",FALSE,"chr15",12189650,12189750,12189700,2917,"+",15328,TRUE,FALSE,TRUE,"distant",12205028,-15328,FALSE,NA,-22.06,FALSE,"disruption"
"Mtmr12","268783","chr15","+",12205028,12274496,12119700,12386700,"B3-14",FALSE,FALSE,NA,FALSE,"chr15",12336850,12336950,12336900,1607,"-",62404,TRUE,FALSE,FALSE,"distant",12205028,131872,FALSE,NA,189.83,FALSE,"disruption"
"Mtmr12","268783","chr15","+",12205028,12274496,12119700,12386700,"B-3-4",FALSE,FALSE,NA,FALSE,"chr15",12338550,12338650,12338600,840,"-",64104,TRUE,FALSE,FALSE,"distant",12205028,133572,FALSE,NA,192.28,FALSE,"disruption"
"Mtmr12","268783","chr15","+",12205028,12274496,12119700,12386700,"B3-c-28",FALSE,FALSE,NA,FALSE,"chr15",12342650,12342750,12342700,1748,"+",68204,TRUE,FALSE,TRUE,"distant",12205028,137672,FALSE,NA,198.18,FALSE,"disruption"
"Mtmr12","268783","chr15","+",12205028,12274496,12119700,12386700,"B-A12",FALSE,FALSE,NA,FALSE,"chr15",12361650,12361750,12361700,1596,"+",87204,TRUE,FALSE,TRUE,"distant",12205028,156672,FALSE,NA,225.53,FALSE,"disruption"
"Mzb1","69816","chr18","-",35647267,35649367,35556000,35823000,"N3-c-28",FALSE,FALSE,NA,FALSE,"chr18",35555950,35556050,35556000,1789,"-",91267,TRUE,FALSE,FALSE,"distant",35649367,93367,FALSE,NA,4446.05,FALSE,"disruption"
"Mzb1","69816","chr18","-",35647267,35649367,35556000,35823000,"B3-7",FALSE,FALSE,NA,FALSE,"chr18",35569650,35569750,35569700,1193,"+",77567,TRUE,FALSE,TRUE,"distant",35649367,79667,FALSE,NA,3793.67,FALSE,"disruption"
"Mzb1","69816","chr18","-",35647267,35649367,35556000,35823000,"B-A10",FALSE,TRUE,"CMZ184",FALSE,"chr18",35571650,35571750,35571700,4917,"+",75567,TRUE,FALSE,TRUE,"distant",35649367,77667,FALSE,NA,3698.43,FALSE,"disruption"
"Mzb1","69816","chr18","-",35647267,35649367,35556000,35823000,"N-A10",FALSE,TRUE,"CMZ184",FALSE,"chr18",35571650,35571750,35571700,1946,"+",75567,TRUE,FALSE,TRUE,"distant",35649367,77667,FALSE,NA,3698.43,FALSE,"disruption"
"Mzb1","69816","chr18","-",35647267,35649367,35556000,35823000,"B-A01",TRUE,TRUE,"CMZ110,CMZ355",FALSE,"chr18",35576150,35576250,35576200,3214,"+",71067,TRUE,FALSE,TRUE,"distant",35649367,73167,FALSE,NA,3484.14,FALSE,"disruption"
"Mzb1","69816","chr18","-",35647267,35649367,35556000,35823000,"N-A01",TRUE,TRUE,"CMZ110,CMZ355",FALSE,"chr18",35576150,35576250,35576200,8152,"+",71067,TRUE,FALSE,TRUE,"distant",35649367,73167,FALSE,NA,3484.14,FALSE,"disruption"
"Mzb1","69816","chr18","-",35647267,35649367,35556000,35823000,"B3-c-10",TRUE,FALSE,NA,FALSE,"chr18",35577350,35577450,35577400,1648,"+",69867,TRUE,FALSE,TRUE,"distant",35649367,71967,FALSE,NA,3427,FALSE,"disruption"
"Mzb1","69816","chr18","-",35647267,35649367,35556000,35823000,"N-1-4",FALSE,FALSE,NA,FALSE,"chr18",35603650,35603750,35603700,198,"+",43567,TRUE,FALSE,TRUE,"distant",35649367,45667,FALSE,NA,2174.62,FALSE,"disruption"
"Mzb1","69816","chr18","-",35647267,35649367,35556000,35823000,"N-B03",FALSE,TRUE,"CMZ183",FALSE,"chr18",35612050,35612150,35612100,3638,"+",35167,TRUE,FALSE,TRUE,"distant",35649367,37267,FALSE,NA,1774.62,FALSE,"disruption"
"Mzb1","69816","chr18","-",35647267,35649367,35556000,35823000,"N3-2-7",TRUE,FALSE,NA,FALSE,"chr18",35788950,35789050,35789000,1160,"-",139633,TRUE,FALSE,FALSE,"distant",35649367,-139633,FALSE,NA,-6649.19,FALSE,"disruption"
"Mzb1","69816","chr18","-",35647267,35649367,35556000,35823000,"B3-2-7",TRUE,FALSE,NA,FALSE,"chr18",35788950,35789050,35789000,1029,"-",139633,TRUE,FALSE,FALSE,"distant",35649367,-139633,FALSE,NA,-6649.19,FALSE,"disruption"
"Mzb1","69816","chr18","-",35647267,35649367,35556000,35823000,"B3-1",FALSE,FALSE,NA,FALSE,"chr18",35798350,35798450,35798400,809,"+",149033,TRUE,FALSE,TRUE,"distant",35649367,-149033,FALSE,NA,-7096.81,FALSE,"disruption"
"Mzb1","69816","chr18","-",35647267,35649367,35556000,35823000,"B3-5",FALSE,FALSE,NA,FALSE,"chr18",35798850,35798950,35798900,201,"+",149533,TRUE,FALSE,TRUE,"distant",35649367,-149533,FALSE,NA,-7120.62,FALSE,"disruption"
"Mzb1","69816","chr18","-",35647267,35649367,35556000,35823000,"N-A08",TRUE,FALSE,NA,FALSE,"chr18",35800950,35801050,35801000,958,"-",151633,TRUE,FALSE,FALSE,"distant",35649367,-151633,FALSE,NA,-7220.62,FALSE,"disruption"
"Mzb1","69816","chr18","-",35647267,35649367,35556000,35823000,"N-B11",TRUE,TRUE,"CMZ105",FALSE,"chr18",35800950,35801050,35801000,23874,"-",151633,TRUE,FALSE,FALSE,"distant",35649367,-151633,FALSE,NA,-7220.62,FALSE,"disruption"
"Mzb1","69816","chr18","-",35647267,35649367,35556000,35823000,"B3-5",FALSE,FALSE,NA,FALSE,"chr18",35808550,35808650,35808600,197,"-",159233,TRUE,FALSE,FALSE,"distant",35649367,-159233,FALSE,NA,-7582.52,FALSE,"disruption"
"Nat10","98956","chr2","-",103721256,103761270,103763600,103802600,"N-1-2",TRUE,TRUE,"CMZ346",FALSE,"chr2",103763550,103763650,103763600,242,"-",2330,TRUE,FALSE,FALSE,"distant",103761270,-2330,FALSE,NA,-5.82,FALSE,"disruption"
"Nat10","98956","chr2","-",103721256,103761270,103763600,103802600,"B-1-2",TRUE,TRUE,"CMZ346",FALSE,"chr2",103763550,103763650,103763600,663,"-",2330,TRUE,FALSE,FALSE,"distant",103761270,-2330,FALSE,NA,-5.82,FALSE,"disruption"
"Nat10","98956","chr2","-",103721256,103761270,103763600,103802600,"N3-12",FALSE,FALSE,NA,FALSE,"chr2",103765950,103766050,103766000,713,"+",4730,TRUE,FALSE,TRUE,"distant",103761270,-4730,FALSE,NA,-11.82,FALSE,"disruption"
"Nat10","98956","chr2","-",103721256,103761270,103763600,103802600,"N-A07",FALSE,TRUE,"CMZ182,CMZ357",FALSE,"chr2",103771050,103771150,103771100,222,"-",9830,TRUE,FALSE,FALSE,"distant",103761270,-9830,FALSE,NA,-24.57,FALSE,"disruption"
"Nat10","98956","chr2","-",103721256,103761270,103763600,103802600,"N-2-15",FALSE,FALSE,NA,FALSE,"chr2",103778150,103778250,103778200,396,"+",16930,TRUE,FALSE,TRUE,"distant",103761270,-16930,FALSE,NA,-42.31,FALSE,"disruption"
"Nat10","98956","chr2","-",103721256,103761270,103763600,103802600,"B3-c-10",TRUE,FALSE,NA,FALSE,"chr2",103785550,103785650,103785600,1882,"-",24330,TRUE,FALSE,FALSE,"distant",103761270,-24330,FALSE,NA,-60.8,FALSE,"disruption"
"Nat10","98956","chr2","-",103721256,103761270,103763600,103802600,"N3-14",FALSE,FALSE,NA,FALSE,"chr2",103792050,103792150,103792100,356,"-",30830,TRUE,FALSE,FALSE,"distant",103761270,-30830,FALSE,NA,-77.05,FALSE,"disruption"
"Nbeal2","235627","chr9","-",110624789,110654161,110536800,110606800,"N3-12",FALSE,FALSE,NA,FALSE,"chr9",110536750,110536850,110536800,2458,"-",87989,TRUE,FALSE,FALSE,"distant",110654161,117361,FALSE,NA,399.57,FALSE,"disruption"
"Nbeal2","235627","chr9","-",110624789,110654161,110536800,110606800,"B-2-12",FALSE,TRUE,"CMZ354",FALSE,"chr9",110542550,110542650,110542600,1562,"+",82189,TRUE,FALSE,TRUE,"distant",110654161,111561,FALSE,NA,379.82,FALSE,"disruption"
"Nbeal2","235627","chr9","-",110624789,110654161,110536800,110606800,"B-2-14",FALSE,FALSE,NA,FALSE,"chr9",110552750,110552850,110552800,11995,"-",71989,TRUE,FALSE,FALSE,"distant",110654161,101361,FALSE,NA,345.09,FALSE,"disruption"
"Nbeal2","235627","chr9","-",110624789,110654161,110536800,110606800,"N-2-23",FALSE,FALSE,NA,FALSE,"chr9",110557350,110557450,110557400,2835,"-",67389,TRUE,FALSE,FALSE,"distant",110654161,96761,FALSE,NA,329.43,FALSE,"disruption"
"Nbeal2","235627","chr9","-",110624789,110654161,110536800,110606800,"B-1-4",FALSE,FALSE,NA,FALSE,"chr9",110563350,110563450,110563400,25,"-",61389,TRUE,FALSE,FALSE,"distant",110654161,90761,FALSE,NA,309.01,FALSE,"disruption"
"Nbeal2","235627","chr9","-",110624789,110654161,110536800,110606800,"N3-1-11",TRUE,FALSE,NA,FALSE,"chr9",110572250,110572350,110572300,2083,"+",52489,TRUE,FALSE,TRUE,"distant",110654161,81861,FALSE,NA,278.7,FALSE,"disruption"
"Nbeal2","235627","chr9","-",110624789,110654161,110536800,110606800,"B-A08",TRUE,FALSE,NA,FALSE,"chr9",110578750,110578850,110578800,1953,"-",45989,TRUE,FALSE,FALSE,"distant",110654161,75361,FALSE,NA,256.57,FALSE,"disruption"
"Nbeal2","235627","chr9","-",110624789,110654161,110536800,110606800,"B-A11",FALSE,TRUE,"CMZ103",FALSE,"chr9",110598350,110598450,110598400,14910,"+",26389,TRUE,FALSE,TRUE,"distant",110654161,55761,FALSE,NA,189.84,FALSE,"disruption"
"Ndst2","17423","chr14","-",20723730,20734562,20679500,20749500,"N-B05",FALSE,FALSE,NA,FALSE,"chr14",20679450,20679550,20679500,8596,"-",44230,TRUE,FALSE,FALSE,"distant",20734562,55062,FALSE,NA,508.33,FALSE,"disruption"
"Ndst2","17423","chr14","-",20723730,20734562,20679500,20749500,"B-B05",FALSE,FALSE,NA,FALSE,"chr14",20679450,20679550,20679500,7396,"-",44230,TRUE,FALSE,FALSE,"distant",20734562,55062,FALSE,NA,508.33,FALSE,"disruption"
"Ndst2","17423","chr14","-",20723730,20734562,20679500,20749500,"B3-5",FALSE,FALSE,NA,FALSE,"chr14",20692250,20692350,20692300,214,"+",31430,TRUE,FALSE,TRUE,"distant",20734562,42262,FALSE,NA,390.16,FALSE,"disruption"
"Ndst2","17423","chr14","-",20723730,20734562,20679500,20749500,"B3-c-10",TRUE,FALSE,NA,FALSE,"chr14",20700450,20700550,20700500,1869,"+",23230,TRUE,FALSE,TRUE,"distant",20734562,34062,FALSE,NA,314.46,FALSE,"disruption"
"Ndst2","17423","chr14","-",20723730,20734562,20679500,20749500,"N3-c-14",FALSE,FALSE,NA,FALSE,"chr14",20700650,20700750,20700700,591,"-",23030,TRUE,FALSE,FALSE,"distant",20734562,33862,FALSE,NA,312.61,FALSE,"disruption"
"Ndst2","17423","chr14","-",20723730,20734562,20679500,20749500,"B3-c-14",FALSE,FALSE,NA,FALSE,"chr14",20700650,20700750,20700700,3336,"-",23030,TRUE,FALSE,FALSE,"distant",20734562,33862,FALSE,NA,312.61,FALSE,"disruption"
"Ndst2","17423","chr14","-",20723730,20734562,20679500,20749500,"N3-c-14",FALSE,FALSE,NA,FALSE,"chr14",20701050,20701150,20701100,3718,"-",22630,TRUE,FALSE,FALSE,"distant",20734562,33462,FALSE,NA,308.92,FALSE,"disruption"
"Ndst2","17423","chr14","-",20723730,20734562,20679500,20749500,"N-2-25",FALSE,TRUE,"CMZ349",FALSE,"chr14",20720650,20720750,20720700,18994,"-",3030,TRUE,FALSE,FALSE,"distant",20734562,13862,FALSE,NA,127.97,FALSE,"disruption"
"Ndst2","17423","chr14","-",20723730,20734562,20679500,20749500,"B-2-25",FALSE,TRUE,"CMZ349",FALSE,"chr14",20720650,20720750,20720700,5768,"-",3030,TRUE,FALSE,FALSE,"distant",20734562,13862,FALSE,NA,127.97,FALSE,"disruption"
"Ndufs3","68349","chr2","-",90894634,90904827,90849600,91057600,"N-B02",TRUE,FALSE,NA,FALSE,"chr2",90849550,90849650,90849600,252,"+",45034,TRUE,FALSE,TRUE,"distant",90904827,55227,FALSE,NA,541.81,FALSE,"disruption"
"Ndufs3","68349","chr2","-",90894634,90904827,90849600,91057600,"N-A12",FALSE,FALSE,NA,FALSE,"chr2",90912250,90912350,90912300,7302,"-",7473,TRUE,FALSE,FALSE,"distant",90904827,-7473,FALSE,NA,-73.32,FALSE,"disruption"
"Ndufs3","68349","chr2","-",90894634,90904827,90849600,91057600,"B-A12",FALSE,FALSE,NA,FALSE,"chr2",90912250,90912350,90912300,1089,"-",7473,TRUE,FALSE,FALSE,"distant",90904827,-7473,FALSE,NA,-73.32,FALSE,"disruption"
"Ndufs3","68349","chr2","-",90894634,90904827,90849600,91057600,"B-2-14",FALSE,FALSE,NA,FALSE,"chr2",90948950,90949050,90949000,20008,"+",44173,TRUE,FALSE,TRUE,"distant",90904827,-44173,FALSE,NA,-433.37,FALSE,"disruption"
"Ndufs3","68349","chr2","-",90894634,90904827,90849600,91057600,"N-2-14",FALSE,FALSE,NA,FALSE,"chr2",90948950,90949050,90949000,22948,"+",44173,TRUE,FALSE,TRUE,"distant",90904827,-44173,FALSE,NA,-433.37,FALSE,"disruption"
"Ndufs3","68349","chr2","-",90894634,90904827,90849600,91057600,"N-2-21",FALSE,TRUE,"CMZ353",FALSE,"chr2",90963850,90963950,90963900,135,"+",59073,TRUE,FALSE,TRUE,"distant",90904827,-59073,FALSE,NA,-579.54,FALSE,"disruption"
"Ndufs3","68349","chr2","-",90894634,90904827,90849600,91057600,"N-B02",TRUE,FALSE,NA,FALSE,"chr2",90968650,90968750,90968700,367,"+",63873,TRUE,FALSE,TRUE,"distant",90904827,-63873,FALSE,NA,-626.64,FALSE,"disruption"
"Ndufs3","68349","chr2","-",90894634,90904827,90849600,91057600,"B-B03",FALSE,TRUE,"CMZ183",FALSE,"chr2",90980050,90980150,90980100,1005,"+",75273,TRUE,FALSE,TRUE,"distant",90904827,-75273,FALSE,NA,-738.48,FALSE,"disruption"
"Ndufs3","68349","chr2","-",90894634,90904827,90849600,91057600,"B3-c-9",FALSE,FALSE,NA,FALSE,"chr2",91004550,91004650,91004600,1493,"+",99773,TRUE,FALSE,TRUE,"distant",90904827,-99773,FALSE,NA,-978.84,FALSE,"disruption"
"Ndufs3","68349","chr2","-",90894634,90904827,90849600,91057600,"N-B02",TRUE,FALSE,NA,FALSE,"chr2",91010850,91010950,91010900,623,"+",106073,TRUE,FALSE,TRUE,"distant",90904827,-106073,FALSE,NA,-1040.65,FALSE,"disruption"
"Ndufs3","68349","chr2","-",90894634,90904827,90849600,91057600,"N3-2-36",TRUE,FALSE,NA,FALSE,"chr2",91010950,91011050,91011000,5012,"-",106173,TRUE,FALSE,FALSE,"distant",90904827,-106173,FALSE,NA,-1041.63,FALSE,"disruption"
"Ndufs3","68349","chr2","-",90894634,90904827,90849600,91057600,"B3-c-32",TRUE,FALSE,NA,FALSE,"chr2",91010950,91011050,91011000,11908,"-",106173,TRUE,FALSE,FALSE,"distant",90904827,-106173,FALSE,NA,-1041.63,FALSE,"disruption"
"Ndufs3","68349","chr2","-",90894634,90904827,90849600,91057600,"B3-2-36",TRUE,FALSE,NA,FALSE,"chr2",91010950,91011050,91011000,9677,"-",106173,TRUE,FALSE,FALSE,"distant",90904827,-106173,FALSE,NA,-1041.63,FALSE,"disruption"
"Ndufs3","68349","chr2","-",90894634,90904827,90849600,91057600,"N3-2-36",TRUE,FALSE,NA,FALSE,"chr2",91013750,91013850,91013800,2667,"-",108973,TRUE,FALSE,FALSE,"distant",90904827,-108973,FALSE,NA,-1069.1,FALSE,"disruption"
"Ndufs3","68349","chr2","-",90894634,90904827,90849600,91057600,"B3-2-36",TRUE,FALSE,NA,FALSE,"chr2",91013750,91013850,91013800,1995,"-",108973,TRUE,FALSE,FALSE,"distant",90904827,-108973,FALSE,NA,-1069.1,FALSE,"disruption"
"Nedd4","17999","chr9","+",72662346,72749852,72493300,72794300,"N3-c-9",FALSE,FALSE,NA,FALSE,"chr9",72493250,72493350,72493300,4619,"-",169046,TRUE,FALSE,FALSE,"distant",72662346,-169046,FALSE,NA,-193.18,FALSE,"disruption"
"Nedd4","17999","chr9","+",72662346,72749852,72493300,72794300,"N3-1-13",FALSE,TRUE,"CMZ182,CMZ357",FALSE,"chr9",72515850,72515950,72515900,798,"-",146446,TRUE,FALSE,FALSE,"distant",72662346,-146446,FALSE,NA,-167.36,FALSE,"disruption"
"Nedd4","17999","chr9","+",72662346,72749852,72493300,72794300,"B-A05",FALSE,TRUE,"CMZ109",FALSE,"chr9",72538850,72538950,72538900,884,"+",123446,TRUE,FALSE,TRUE,"distant",72662346,-123446,FALSE,NA,-141.07,FALSE,"disruption"
"Nedd4","17999","chr9","+",72662346,72749852,72493300,72794300,"N-B03",FALSE,TRUE,"CMZ183",FALSE,"chr9",72539550,72539650,72539600,13904,"-",122746,TRUE,FALSE,FALSE,"distant",72662346,-122746,FALSE,NA,-140.27,FALSE,"disruption"
"Nedd4","17999","chr9","+",72662346,72749852,72493300,72794300,"N-B10",FALSE,FALSE,NA,FALSE,"chr9",72574550,72574650,72574600,272,"+",87746,TRUE,FALSE,TRUE,"distant",72662346,-87746,FALSE,NA,-100.27,FALSE,"disruption"
"Nedd4","17999","chr9","+",72662346,72749852,72493300,72794300,"N3-11",FALSE,FALSE,NA,FALSE,"chr9",72576250,72576350,72576300,2320,"-",86046,TRUE,FALSE,FALSE,"distant",72662346,-86046,FALSE,NA,-98.33,FALSE,"disruption"
"Nedd4","17999","chr9","+",72662346,72749852,72493300,72794300,"N3-8",FALSE,FALSE,NA,FALSE,"chr9",72576250,72576350,72576300,3696,"-",86046,TRUE,FALSE,FALSE,"distant",72662346,-86046,FALSE,NA,-98.33,FALSE,"disruption"
"Nedd4","17999","chr9","+",72662346,72749852,72493300,72794300,"B3-2-36",TRUE,FALSE,NA,FALSE,"chr9",72670450,72670550,72670500,4400,"+",0,FALSE,FALSE,TRUE,"intronic_same",72662346,8154,FALSE,9,9.32,TRUE,"activation"
"Nedd4","17999","chr9","+",72662346,72749852,72493300,72794300,"N3-2-36",TRUE,FALSE,NA,FALSE,"chr9",72670450,72670550,72670500,5087,"+",0,FALSE,FALSE,TRUE,"intronic_same",72662346,8154,FALSE,9,9.32,TRUE,"activation"
"Nedd4","17999","chr9","+",72662346,72749852,72493300,72794300,"N-B02",TRUE,FALSE,NA,FALSE,"chr9",72705650,72705750,72705700,397,"+",0,FALSE,FALSE,TRUE,"intronic_same",72662346,43354,FALSE,16,49.54,FALSE,"disruption"
"Nedd4","17999","chr9","+",72662346,72749852,72493300,72794300,"B3-5",FALSE,FALSE,NA,FALSE,"chr9",72708950,72709050,72709000,313,"-",0,FALSE,FALSE,FALSE,"intronic_opposite",72662346,46654,FALSE,16,53.32,FALSE,"disruption"
"Nedd4","17999","chr9","+",72662346,72749852,72493300,72794300,"B3-3",FALSE,FALSE,NA,FALSE,"chr9",72728950,72729050,72729000,1718,"+",0,FALSE,FALSE,TRUE,"intronic_same",72662346,66654,FALSE,28,76.17,FALSE,"disruption"
"Nedd4","17999","chr9","+",72662346,72749852,72493300,72794300,"N-A08",TRUE,FALSE,NA,FALSE,"chr9",72732250,72732350,72732300,1129,"-",0,FALSE,FALSE,FALSE,"intronic_opposite",72662346,69954,FALSE,31,79.94,FALSE,"disruption"
"Nedd4","17999","chr9","+",72662346,72749852,72493300,72794300,"B3-c-10",TRUE,FALSE,NA,FALSE,"chr9",72763450,72763550,72763500,1410,"+",13648,TRUE,FALSE,TRUE,"distant",72662346,101154,FALSE,NA,115.6,FALSE,"disruption"
"Nexn","68810","chr3","-",152236982,152266350,152227000,152244000,"N-1-10",FALSE,FALSE,NA,FALSE,"chr3",152226950,152227050,152227000,28,"-",9982,TRUE,FALSE,FALSE,"distant",152266350,39350,FALSE,NA,133.99,FALSE,"disruption"
"Nexn","68810","chr3","-",152236982,152266350,152227000,152244000,"N-B10",FALSE,FALSE,NA,FALSE,"chr3",152234550,152234650,152234600,319,"+",2382,TRUE,FALSE,TRUE,"distant",152266350,31750,FALSE,NA,108.11,FALSE,"disruption"
"Nexn","68810","chr3","-",152236982,152266350,152227000,152244000,"B-A08",TRUE,FALSE,NA,FALSE,"chr3",152236350,152236450,152236400,3625,"+",582,FALSE,FALSE,TRUE,"intronic_same",152266350,29950,FALSE,NA,101.98,FALSE,"disruption"
"Nexn","68810","chr3","-",152236982,152266350,152227000,152244000,"N3-12",FALSE,FALSE,NA,FALSE,"chr3",152238650,152238750,152238700,789,"-",0,FALSE,FALSE,FALSE,"intronic_opposite",152266350,27650,FALSE,35,94.15,FALSE,"disruption"
"Nexn","68810","chr3","-",152236982,152266350,152227000,152244000,"N-B03",FALSE,TRUE,"CMZ183",FALSE,"chr3",152239650,152239750,152239700,28215,"-",0,FALSE,FALSE,FALSE,"intronic_opposite",152266350,26650,FALSE,35,90.75,FALSE,"disruption"
"Nexn","68810","chr3","-",152236982,152266350,152227000,152244000,"B-B03",FALSE,TRUE,"CMZ183",FALSE,"chr3",152239650,152239750,152239700,18226,"-",0,FALSE,FALSE,FALSE,"intronic_opposite",152266350,26650,FALSE,35,90.75,FALSE,"disruption"
"Nf1","18015","chr11","+",79339693,79581612,79355500,79563500,"N-A02",FALSE,TRUE,"CMZ181",FALSE,"chr11",79355450,79355550,79355500,3042,"-",0,FALSE,FALSE,FALSE,"intronic_opposite",79339693,15807,FALSE,5,6.53,FALSE,"disruption"
"Nf1","18015","chr11","+",79339693,79581612,79355500,79563500,"B-2-23",FALSE,FALSE,NA,FALSE,"chr11",79376150,79376250,79376200,253,"-",0,FALSE,FALSE,FALSE,"intronic_opposite",79339693,36507,FALSE,5,15.09,FALSE,"disruption"
"Nf1","18015","chr11","+",79339693,79581612,79355500,79563500,"B-1-7",FALSE,FALSE,NA,FALSE,"chr11",79383950,79384050,79384000,2667,"+",0,FALSE,FALSE,TRUE,"intronic_same",79339693,44307,FALSE,5,18.31,TRUE,"activation"
"Nf1","18015","chr11","+",79339693,79581612,79355500,79563500,"N-1-7",FALSE,FALSE,NA,FALSE,"chr11",79383950,79384050,79384000,411,"+",0,FALSE,FALSE,TRUE,"intronic_same",79339693,44307,FALSE,5,18.31,TRUE,"activation"
"Nf1","18015","chr11","+",79339693,79581612,79355500,79563500,"N-2-23",FALSE,FALSE,NA,FALSE,"chr11",79385550,79385650,79385600,13356,"-",0,FALSE,FALSE,FALSE,"intronic_opposite",79339693,45907,FALSE,6,18.98,FALSE,"disruption"
"Nf1","18015","chr11","+",79339693,79581612,79355500,79563500,"N3-c-28",FALSE,FALSE,NA,FALSE,"chr11",79388650,79388750,79388700,1459,"-",0,FALSE,FALSE,FALSE,"intronic_opposite",79339693,49007,FALSE,7,20.26,FALSE,"disruption"
"Nf1","18015","chr11","+",79339693,79581612,79355500,79563500,"N-2-23",FALSE,FALSE,NA,FALSE,"chr11",79388950,79389050,79389000,4704,"-",0,FALSE,FALSE,FALSE,"intronic_opposite",79339693,49307,FALSE,7,20.38,FALSE,"disruption"
"Nf1","18015","chr11","+",79339693,79581612,79355500,79563500,"B-2-23",FALSE,FALSE,NA,FALSE,"chr11",79388950,79389050,79389000,443,"-",0,FALSE,FALSE,FALSE,"intronic_opposite",79339693,49307,FALSE,7,20.38,FALSE,"disruption"
"Nf1","18015","chr11","+",79339693,79581612,79355500,79563500,"N3-c-9",FALSE,FALSE,NA,FALSE,"chr11",79420450,79420550,79420500,6276,"+",0,FALSE,FALSE,TRUE,"intronic_same",79339693,80807,FALSE,17,33.4,FALSE,"disruption"
"Nf1","18015","chr11","+",79339693,79581612,79355500,79563500,"B-A05",FALSE,TRUE,"CMZ109",FALSE,"chr11",79427850,79427950,79427900,12953,"+",0,FALSE,FALSE,TRUE,"intronic_same",79339693,88207,FALSE,18,36.46,FALSE,"disruption"
"Nf1","18015","chr11","+",79339693,79581612,79355500,79563500,"N-A05",FALSE,TRUE,"CMZ109",FALSE,"chr11",79427850,79427950,79427900,1593,"+",0,FALSE,FALSE,TRUE,"intronic_same",79339693,88207,FALSE,18,36.46,FALSE,"disruption"
"Nf1","18015","chr11","+",79339693,79581612,79355500,79563500,"B3-19",FALSE,FALSE,NA,FALSE,"chr11",79440050,79440150,79440100,2070,"+",0,FALSE,FALSE,TRUE,"intronic_same",79339693,100407,FALSE,23,41.5,FALSE,"disruption"
"Nf1","18015","chr11","+",79339693,79581612,79355500,79563500,"B-A11",FALSE,TRUE,"CMZ103",FALSE,"chr11",79441950,79442050,79442000,1298,"+",0,FALSE,FALSE,TRUE,"intronic_same",79339693,102307,FALSE,26,42.29,FALSE,"disruption"
"Nf1","18015","chr11","+",79339693,79581612,79355500,79563500,"N-A11",FALSE,TRUE,"CMZ103",FALSE,"chr11",79441950,79442050,79442000,1582,"+",0,FALSE,FALSE,TRUE,"intronic_same",79339693,102307,FALSE,26,42.29,FALSE,"disruption"
"Nf1","18015","chr11","+",79339693,79581612,79355500,79563500,"N-A11",FALSE,TRUE,"CMZ103",FALSE,"chr11",79442150,79442250,79442200,3636,"-",0,FALSE,FALSE,FALSE,"intronic_opposite",79339693,102507,FALSE,26,42.37,FALSE,"disruption"
"Nf1","18015","chr11","+",79339693,79581612,79355500,79563500,"B-A11",FALSE,TRUE,"CMZ103",FALSE,"chr11",79442150,79442250,79442200,4804,"-",0,FALSE,FALSE,FALSE,"intronic_opposite",79339693,102507,FALSE,26,42.37,FALSE,"disruption"
"Nf1","18015","chr11","+",79339693,79581612,79355500,79563500,"B3-19",FALSE,FALSE,NA,FALSE,"chr11",79456050,79456150,79456100,7220,"+",0,FALSE,FALSE,TRUE,"intronic_same",79339693,116407,FALSE,36,48.12,FALSE,"disruption"
"Nf1","18015","chr11","+",79339693,79581612,79355500,79563500,"N-A11",FALSE,TRUE,"CMZ103",FALSE,"chr11",79486950,79487050,79487000,1343,"-",0,FALSE,FALSE,FALSE,"intronic_opposite",79339693,147307,FALSE,45,60.89,FALSE,"disruption"
"Nf1","18015","chr11","+",79339693,79581612,79355500,79563500,"N3-15",FALSE,FALSE,NA,FALSE,"chr11",79487750,79487850,79487800,13069,"-",0,FALSE,FALSE,FALSE,"intronic_opposite",79339693,148107,FALSE,45,61.22,FALSE,"disruption"
"Nf1","18015","chr11","+",79339693,79581612,79355500,79563500,"B3-15",FALSE,FALSE,NA,FALSE,"chr11",79487750,79487850,79487800,19769,"-",0,FALSE,FALSE,FALSE,"intronic_opposite",79339693,148107,FALSE,45,61.22,FALSE,"disruption"
"Nf1","18015","chr11","+",79339693,79581612,79355500,79563500,"B3-c-10",TRUE,FALSE,NA,FALSE,"chr11",79499150,79499250,79499200,1732,"-",0,FALSE,FALSE,FALSE,"intronic_opposite",79339693,159507,FALSE,45,65.93,FALSE,"disruption"
"Nf1","18015","chr11","+",79339693,79581612,79355500,79563500,"B3-14",FALSE,FALSE,NA,FALSE,"chr11",79517450,79517550,79517500,399,"-",0,FALSE,FALSE,FALSE,"intronic_opposite",79339693,177807,FALSE,45,73.5,FALSE,"disruption"
"Nf1","18015","chr11","+",79339693,79581612,79355500,79563500,"B3-3",FALSE,FALSE,NA,FALSE,"chr11",79553550,79553650,79553600,2116,"-",0,FALSE,FALSE,FALSE,"intronic_opposite",79339693,213907,FALSE,58,88.42,FALSE,"disruption"
"Nf1","18015","chr11","+",79339693,79581612,79355500,79563500,"B3-19",FALSE,FALSE,NA,FALSE,"chr11",79553650,79553750,79553700,2104,"-",0,FALSE,FALSE,FALSE,"intronic_opposite",79339693,214007,FALSE,58,88.46,FALSE,"disruption"
"Nf1","18015","chr11","+",79339693,79581612,79355500,79563500,"N3-1-13",FALSE,TRUE,"CMZ182,CMZ357",FALSE,"chr11",79558950,79559050,79559000,1278,"-",0,FALSE,FALSE,FALSE,"intronic_opposite",79339693,219307,FALSE,61,90.65,FALSE,"disruption"
"Nf1","18015","chr11","+",79339693,79581612,79355500,79563500,"N-A07",FALSE,TRUE,"CMZ182,CMZ357",FALSE,"chr11",79558950,79559050,79559000,111,"-",0,FALSE,FALSE,FALSE,"intronic_opposite",79339693,219307,FALSE,61,90.65,FALSE,"disruption"
"Nfe2","18022","chr15","-",103248212,103258403,103190500,103229500,"B3-9",FALSE,FALSE,NA,FALSE,"chr15",103190450,103190550,103190500,10436,"+",57712,TRUE,FALSE,TRUE,"distant",103258403,67903,FALSE,NA,666.3,FALSE,"disruption"
"Nfe2","18022","chr15","-",103248212,103258403,103190500,103229500,"N3-9",FALSE,FALSE,NA,FALSE,"chr15",103190450,103190550,103190500,5039,"+",57712,TRUE,FALSE,TRUE,"distant",103258403,67903,FALSE,NA,666.3,FALSE,"disruption"
"Nfe2","18022","chr15","-",103248212,103258403,103190500,103229500,"B-2-21",FALSE,TRUE,"CMZ353",FALSE,"chr15",103214050,103214150,103214100,1197,"-",34112,TRUE,FALSE,FALSE,"distant",103258403,44303,FALSE,NA,434.73,FALSE,"disruption"
"Nfe2","18022","chr15","-",103248212,103258403,103190500,103229500,"N3-2-2",TRUE,FALSE,NA,FALSE,"chr15",103216350,103216450,103216400,16618,"-",31812,TRUE,FALSE,FALSE,"distant",103258403,42003,FALSE,NA,412.16,FALSE,"disruption"
"Nfe2","18022","chr15","-",103248212,103258403,103190500,103229500,"B3-2-2",TRUE,FALSE,NA,FALSE,"chr15",103216350,103216450,103216400,10368,"-",31812,TRUE,FALSE,FALSE,"distant",103258403,42003,FALSE,NA,412.16,FALSE,"disruption"
"Nfe2","18022","chr15","-",103248212,103258403,103190500,103229500,"N-B09",TRUE,TRUE,"CMZ104",FALSE,"chr15",103218850,103218950,103218900,14068,"-",29312,TRUE,FALSE,FALSE,"distant",103258403,39503,FALSE,NA,387.63,FALSE,"disruption"
"Nfe2","18022","chr15","-",103248212,103258403,103190500,103229500,"N3-c-9",FALSE,FALSE,NA,FALSE,"chr15",103225450,103225550,103225500,5056,"-",22712,TRUE,FALSE,FALSE,"distant",103258403,32903,FALSE,NA,322.86,FALSE,"disruption"
"Nicn1","66257","chr9","+",108290429,108296498,108217900,108425900,"B-A04",FALSE,TRUE,"CMZ101",FALSE,"chr9",108217850,108217950,108217900,5236,"+",72529,TRUE,FALSE,TRUE,"distant",108290429,-72529,FALSE,NA,-1195.07,FALSE,"disruption"
"Nicn1","66257","chr9","+",108290429,108296498,108217900,108425900,"B3-5",FALSE,FALSE,NA,FALSE,"chr9",108220550,108220650,108220600,539,"+",69829,TRUE,FALSE,TRUE,"distant",108290429,-69829,FALSE,NA,-1150.58,FALSE,"disruption"
"Nicn1","66257","chr9","+",108290429,108296498,108217900,108425900,"N3-13",FALSE,FALSE,NA,FALSE,"chr9",108301150,108301250,108301200,2171,"-",4702,TRUE,FALSE,FALSE,"distant",108290429,10771,FALSE,NA,177.48,FALSE,"disruption"
"Nicn1","66257","chr9","+",108290429,108296498,108217900,108425900,"N3-10",FALSE,FALSE,NA,FALSE,"chr9",108301150,108301250,108301200,2576,"-",4702,TRUE,FALSE,FALSE,"distant",108290429,10771,FALSE,NA,177.48,FALSE,"disruption"
"Nicn1","66257","chr9","+",108290429,108296498,108217900,108425900,"B3-10",FALSE,FALSE,NA,FALSE,"chr9",108301150,108301250,108301200,7330,"-",4702,TRUE,FALSE,FALSE,"distant",108290429,10771,FALSE,NA,177.48,FALSE,"disruption"
"Nicn1","66257","chr9","+",108290429,108296498,108217900,108425900,"B3-13",FALSE,FALSE,NA,FALSE,"chr9",108301150,108301250,108301200,4999,"-",4702,TRUE,FALSE,FALSE,"distant",108290429,10771,FALSE,NA,177.48,FALSE,"disruption"
"Nicn1","66257","chr9","+",108290429,108296498,108217900,108425900,"N-B09",TRUE,TRUE,"CMZ104",FALSE,"chr9",108312550,108312650,108312600,3433,"+",16102,TRUE,FALSE,TRUE,"distant",108290429,22171,FALSE,NA,365.32,FALSE,"disruption"
"Nicn1","66257","chr9","+",108290429,108296498,108217900,108425900,"B3-3",FALSE,FALSE,NA,FALSE,"chr9",108324450,108324550,108324500,29425,"+",28002,TRUE,FALSE,TRUE,"distant",108290429,34071,FALSE,NA,561.39,FALSE,"disruption"
"Nicn1","66257","chr9","+",108290429,108296498,108217900,108425900,"N3-3",FALSE,FALSE,NA,FALSE,"chr9",108324450,108324550,108324500,5116,"+",28002,TRUE,FALSE,TRUE,"distant",108290429,34071,FALSE,NA,561.39,FALSE,"disruption"
"Nicn1","66257","chr9","+",108290429,108296498,108217900,108425900,"N3-5",FALSE,FALSE,NA,FALSE,"chr9",108350050,108350150,108350100,709,"+",53602,TRUE,FALSE,TRUE,"distant",108290429,59671,FALSE,NA,983.21,FALSE,"disruption"
"Nicn1","66257","chr9","+",108290429,108296498,108217900,108425900,"N-A08",TRUE,FALSE,NA,FALSE,"chr9",108378950,108379050,108379000,1032,"+",82502,TRUE,FALSE,TRUE,"distant",108290429,88571,FALSE,NA,1459.4,FALSE,"disruption"
"Nicn1","66257","chr9","+",108290429,108296498,108217900,108425900,"N3-c-14",FALSE,FALSE,NA,FALSE,"chr9",108383050,108383150,108383100,432,"+",86602,TRUE,FALSE,TRUE,"distant",108290429,92671,FALSE,NA,1526.96,FALSE,"disruption"
"Nicn1","66257","chr9","+",108290429,108296498,108217900,108425900,"N-2-21",FALSE,TRUE,"CMZ353",FALSE,"chr9",108386750,108386850,108386800,97,"+",90302,TRUE,FALSE,TRUE,"distant",108290429,96371,FALSE,NA,1587.92,FALSE,"disruption"
"Nipbl","71175","chr15","-",8290617,8444463,8260100,8561100,"N-A08",TRUE,FALSE,NA,FALSE,"chr15",8260050,8260150,8260100,1557,"+",30517,TRUE,FALSE,TRUE,"distant",8444463,184363,FALSE,NA,119.84,FALSE,"disruption"
"Nipbl","71175","chr15","-",8290617,8444463,8260100,8561100,"B3-12",FALSE,FALSE,NA,FALSE,"chr15",8300450,8300550,8300500,698,"-",0,FALSE,FALSE,FALSE,"intronic_opposite",8444463,143963,FALSE,42,93.58,FALSE,"disruption"
"Nipbl","71175","chr15","-",8290617,8444463,8260100,8561100,"N-2-21",FALSE,TRUE,"CMZ353",FALSE,"chr15",8306350,8306450,8306400,115,"+",0,FALSE,FALSE,TRUE,"intronic_same",8444463,138063,FALSE,37,89.74,FALSE,"disruption"
"Nipbl","71175","chr15","-",8290617,8444463,8260100,8561100,"B3-12",FALSE,FALSE,NA,FALSE,"chr15",8313450,8313550,8313500,588,"+",0,FALSE,FALSE,TRUE,"intronic_same",8444463,130963,FALSE,32,85.13,FALSE,"disruption"
"Nipbl","71175","chr15","-",8290617,8444463,8260100,8561100,"N3-c-32",TRUE,FALSE,NA,FALSE,"chr15",8349850,8349950,8349900,1691,"-",0,FALSE,FALSE,FALSE,"intronic_opposite",8444463,94563,FALSE,10,61.47,FALSE,"disruption"
"Nipbl","71175","chr15","-",8290617,8444463,8260100,8561100,"B3-1",FALSE,FALSE,NA,FALSE,"chr15",8364050,8364150,8364100,7029,"-",0,FALSE,FALSE,FALSE,"intronic_opposite",8444463,80363,FALSE,6,52.24,FALSE,"disruption"
"Nipbl","71175","chr15","-",8290617,8444463,8260100,8561100,"B-2-17",TRUE,TRUE,"CMZ345",FALSE,"chr15",8378850,8378950,8378900,3097,"+",0,FALSE,FALSE,TRUE,"intronic_same",8444463,65563,FALSE,1,42.62,TRUE,"activation"
"Nipbl","71175","chr15","-",8290617,8444463,8260100,8561100,"B3-c-10",TRUE,FALSE,NA,FALSE,"chr15",8399850,8399950,8399900,2425,"-",0,FALSE,FALSE,FALSE,"intronic_opposite",8444463,44563,FALSE,1,28.97,FALSE,"disruption"
"Nipbl","71175","chr15","-",8290617,8444463,8260100,8561100,"B-2-25",FALSE,TRUE,"CMZ349",FALSE,"chr15",8442550,8442650,8442600,5502,"+",0,FALSE,FALSE,TRUE,"intronic_same",8444463,1863,FALSE,1,1.21,TRUE,"activation"
"Nipbl","71175","chr15","-",8290617,8444463,8260100,8561100,"N-2-25",FALSE,TRUE,"CMZ349",FALSE,"chr15",8442550,8442650,8442600,1325,"+",0,FALSE,FALSE,TRUE,"intronic_same",8444463,1863,FALSE,1,1.21,TRUE,"activation"
"Nipbl","71175","chr15","-",8290617,8444463,8260100,8561100,"B3-2",FALSE,FALSE,NA,FALSE,"chr15",8462350,8462450,8462400,498,"+",17937,TRUE,FALSE,TRUE,"distant",8444463,-17937,FALSE,NA,-11.66,FALSE,"disruption"
"Nipbl","71175","chr15","-",8290617,8444463,8260100,8561100,"N3-2-22",TRUE,TRUE,"CMZ347",FALSE,"chr15",8538250,8538350,8538300,1667,"-",93837,TRUE,FALSE,FALSE,"distant",8444463,-93837,FALSE,NA,-60.99,FALSE,"disruption"
"Nipbl","71175","chr15","-",8290617,8444463,8260100,8561100,"N-1-6",FALSE,TRUE,"CMZ350",FALSE,"chr15",8540050,8540150,8540100,267,"+",95637,TRUE,FALSE,TRUE,"distant",8444463,-95637,FALSE,NA,-62.16,FALSE,"disruption"
"Nisch","64652","chr14","-",31170930,31216946,31025800,31233800,"B3-c-10",TRUE,FALSE,NA,FALSE,"chr14",31025750,31025850,31025800,3335,"+",145130,TRUE,FALSE,TRUE,"distant",31216946,191146,FALSE,NA,415.39,FALSE,"disruption"
"Nisch","64652","chr14","-",31170930,31216946,31025800,31233800,"N-A01",TRUE,TRUE,"CMZ110,CMZ355",FALSE,"chr14",31026750,31026850,31026800,4567,"+",144130,TRUE,FALSE,TRUE,"distant",31216946,190146,FALSE,NA,413.22,FALSE,"disruption"
"Nisch","64652","chr14","-",31170930,31216946,31025800,31233800,"B3-c-10",TRUE,FALSE,NA,FALSE,"chr14",31030750,31030850,31030800,6185,"+",140130,TRUE,FALSE,TRUE,"distant",31216946,186146,FALSE,NA,404.52,FALSE,"disruption"
"Nisch","64652","chr14","-",31170930,31216946,31025800,31233800,"B-B11",TRUE,TRUE,"CMZ105",FALSE,"chr14",31041250,31041350,31041300,4371,"-",129630,TRUE,FALSE,FALSE,"distant",31216946,175646,FALSE,NA,381.71,FALSE,"disruption"
"Nisch","64652","chr14","-",31170930,31216946,31025800,31233800,"B3-c-10",TRUE,FALSE,NA,FALSE,"chr14",31051250,31051350,31051300,4840,"+",119630,TRUE,FALSE,TRUE,"distant",31216946,165646,FALSE,NA,359.97,FALSE,"disruption"
"Nisch","64652","chr14","-",31170930,31216946,31025800,31233800,"N3-c-10",TRUE,FALSE,NA,FALSE,"chr14",31059750,31059850,31059800,9919,"-",111130,TRUE,FALSE,FALSE,"distant",31216946,157146,FALSE,NA,341.5,FALSE,"disruption"
"Nisch","64652","chr14","-",31170930,31216946,31025800,31233800,"B3-12",FALSE,FALSE,NA,FALSE,"chr14",31104250,31104350,31104300,764,"-",66630,TRUE,FALSE,FALSE,"distant",31216946,112646,FALSE,NA,244.8,FALSE,"disruption"
"Nisch","64652","chr14","-",31170930,31216946,31025800,31233800,"N3-1-13",FALSE,TRUE,"CMZ182,CMZ357",FALSE,"chr14",31107550,31107650,31107600,1312,"-",63330,TRUE,FALSE,FALSE,"distant",31216946,109346,FALSE,NA,237.63,FALSE,"disruption"
"Nisch","64652","chr14","-",31170930,31216946,31025800,31233800,"B3-1-13",FALSE,TRUE,"CMZ182,CMZ357",FALSE,"chr14",31107550,31107650,31107600,570,"-",63330,TRUE,FALSE,FALSE,"distant",31216946,109346,FALSE,NA,237.63,FALSE,"disruption"
"Nisch","64652","chr14","-",31170930,31216946,31025800,31233800,"N3-c-28",FALSE,FALSE,NA,FALSE,"chr14",31126550,31126650,31126600,1916,"-",44330,TRUE,FALSE,FALSE,"distant",31216946,90346,FALSE,NA,196.34,FALSE,"disruption"
"Nisch","64652","chr14","-",31170930,31216946,31025800,31233800,"B3-c-28",FALSE,FALSE,NA,FALSE,"chr14",31126550,31126650,31126600,1075,"-",44330,TRUE,FALSE,FALSE,"distant",31216946,90346,FALSE,NA,196.34,FALSE,"disruption"
"Nisch","64652","chr14","-",31170930,31216946,31025800,31233800,"N3-21",FALSE,FALSE,NA,FALSE,"chr14",31205050,31205150,31205100,2339,"-",0,FALSE,FALSE,FALSE,"intronic_opposite",31216946,11846,FALSE,6,25.74,FALSE,"disruption"
"Nisch","64652","chr14","-",31170930,31216946,31025800,31233800,"N-3-4",FALSE,FALSE,NA,FALSE,"chr14",31205050,31205150,31205100,1477,"-",0,FALSE,FALSE,FALSE,"intronic_opposite",31216946,11846,FALSE,6,25.74,FALSE,"disruption"
"Nisch","64652","chr14","-",31170930,31216946,31025800,31233800,"B3-21",FALSE,FALSE,NA,FALSE,"chr14",31205050,31205150,31205100,36332,"-",0,FALSE,FALSE,FALSE,"intronic_opposite",31216946,11846,FALSE,6,25.74,FALSE,"disruption"
"Nisch","64652","chr14","-",31170930,31216946,31025800,31233800,"B-3-4",FALSE,FALSE,NA,FALSE,"chr14",31205050,31205150,31205100,6340,"-",0,FALSE,FALSE,FALSE,"intronic_opposite",31216946,11846,FALSE,6,25.74,FALSE,"disruption"
"Nol7","70078","chr13","+",43398390,43407097,43402400,43472400,"B-2-14",FALSE,FALSE,NA,FALSE,"chr13",43402350,43402450,43402400,5081,"+",0,FALSE,TRUE,TRUE,"exonic_same",43398390,4010,FALSE,NA,46.05,FALSE,"disruption"
"Nol7","70078","chr13","+",43398390,43407097,43402400,43472400,"N-2-14",FALSE,FALSE,NA,FALSE,"chr13",43402350,43402450,43402400,5915,"+",0,FALSE,TRUE,TRUE,"exonic_same",43398390,4010,FALSE,NA,46.05,FALSE,"disruption"
"Nol7","70078","chr13","+",43398390,43407097,43402400,43472400,"B3-19",FALSE,FALSE,NA,FALSE,"chr13",43408450,43408550,43408500,5834,"+",1403,FALSE,FALSE,TRUE,"intronic_same",43398390,10110,FALSE,NA,116.11,FALSE,"disruption"
"Nol7","70078","chr13","+",43398390,43407097,43402400,43472400,"N3-19",FALSE,FALSE,NA,FALSE,"chr13",43408450,43408550,43408500,12713,"+",1403,FALSE,FALSE,TRUE,"intronic_same",43398390,10110,FALSE,NA,116.11,FALSE,"disruption"
"Nol7","70078","chr13","+",43398390,43407097,43402400,43472400,"N-A12",FALSE,FALSE,NA,FALSE,"chr13",43436450,43436550,43436500,2025,"-",29403,TRUE,FALSE,FALSE,"distant",43398390,38110,FALSE,NA,437.69,FALSE,"disruption"
"Nol7","70078","chr13","+",43398390,43407097,43402400,43472400,"N-A12",FALSE,FALSE,NA,FALSE,"chr13",43439250,43439350,43439300,12863,"-",32203,TRUE,FALSE,FALSE,"distant",43398390,40910,FALSE,NA,469.85,FALSE,"disruption"
"Nol7","70078","chr13","+",43398390,43407097,43402400,43472400,"B-A12",FALSE,FALSE,NA,FALSE,"chr13",43439250,43439350,43439300,1609,"-",32203,TRUE,FALSE,FALSE,"distant",43398390,40910,FALSE,NA,469.85,FALSE,"disruption"
"Nol7","70078","chr13","+",43398390,43407097,43402400,43472400,"B3-11",FALSE,FALSE,NA,FALSE,"chr13",43456950,43457050,43457000,9501,"+",49903,TRUE,FALSE,TRUE,"distant",43398390,58610,FALSE,NA,673.14,FALSE,"disruption"
"Nol7","70078","chr13","+",43398390,43407097,43402400,43472400,"B3-8",FALSE,FALSE,NA,FALSE,"chr13",43456950,43457050,43457000,4029,"+",49903,TRUE,FALSE,TRUE,"distant",43398390,58610,FALSE,NA,673.14,FALSE,"disruption"
"Nol7","70078","chr13","+",43398390,43407097,43402400,43472400,"N3-8",FALSE,FALSE,NA,FALSE,"chr13",43456950,43457050,43457000,1264,"+",49903,TRUE,FALSE,TRUE,"distant",43398390,58610,FALSE,NA,673.14,FALSE,"disruption"
"Nol7","70078","chr13","+",43398390,43407097,43402400,43472400,"N3-11",FALSE,FALSE,NA,FALSE,"chr13",43456950,43457050,43457000,4196,"+",49903,TRUE,FALSE,TRUE,"distant",43398390,58610,FALSE,NA,673.14,FALSE,"disruption"
"Nol7","70078","chr13","+",43398390,43407097,43402400,43472400,"N-A03",TRUE,TRUE,"CMZ111,CMZ356",FALSE,"chr13",43459750,43459850,43459800,1573,"-",52703,TRUE,FALSE,FALSE,"distant",43398390,61410,FALSE,NA,705.29,FALSE,"disruption"
"Notch1","18128","chr2","-",26457903,26516663,26388200,26497200,"B3-3",FALSE,FALSE,NA,FALSE,"chr2",26388150,26388250,26388200,942,"+",69703,TRUE,FALSE,TRUE,"distant",26516663,128463,FALSE,NA,218.62,FALSE,"disruption"
"Notch1","18128","chr2","-",26457903,26516663,26388200,26497200,"N3-1-13",FALSE,TRUE,"CMZ182,CMZ357",FALSE,"chr2",26405350,26405450,26405400,868,"-",52503,TRUE,FALSE,FALSE,"distant",26516663,111263,FALSE,NA,189.35,FALSE,"disruption"
"Notch1","18128","chr2","-",26457903,26516663,26388200,26497200,"B-A07",FALSE,TRUE,"CMZ182,CMZ357",FALSE,"chr2",26405350,26405450,26405400,2119,"-",52503,TRUE,FALSE,FALSE,"distant",26516663,111263,FALSE,NA,189.35,FALSE,"disruption"
"Notch1","18128","chr2","-",26457903,26516663,26388200,26497200,"N-3-4",FALSE,FALSE,NA,FALSE,"chr2",26417050,26417150,26417100,9676,"-",40803,TRUE,FALSE,FALSE,"distant",26516663,99563,FALSE,NA,169.44,FALSE,"disruption"
"Notch1","18128","chr2","-",26457903,26516663,26388200,26497200,"N3-21",FALSE,FALSE,NA,FALSE,"chr2",26417050,26417150,26417100,15269,"-",40803,TRUE,FALSE,FALSE,"distant",26516663,99563,FALSE,NA,169.44,FALSE,"disruption"
"Notch1","18128","chr2","-",26457903,26516663,26388200,26497200,"B-3-4",FALSE,FALSE,NA,FALSE,"chr2",26417050,26417150,26417100,1436,"-",40803,TRUE,FALSE,FALSE,"distant",26516663,99563,FALSE,NA,169.44,FALSE,"disruption"
"Notch1","18128","chr2","-",26457903,26516663,26388200,26497200,"B3-21",FALSE,FALSE,NA,FALSE,"chr2",26417050,26417150,26417100,5738,"-",40803,TRUE,FALSE,FALSE,"distant",26516663,99563,FALSE,NA,169.44,FALSE,"disruption"
"Notch1","18128","chr2","-",26457903,26516663,26388200,26497200,"B-3-1",FALSE,FALSE,NA,FALSE,"chr2",26432550,26432650,26432600,3379,"+",25303,TRUE,FALSE,TRUE,"distant",26516663,84063,FALSE,NA,143.06,FALSE,"disruption"
"Notch1","18128","chr2","-",26457903,26516663,26388200,26497200,"N-3-1",FALSE,FALSE,NA,FALSE,"chr2",26432550,26432650,26432600,4899,"+",25303,TRUE,FALSE,TRUE,"distant",26516663,84063,FALSE,NA,143.06,FALSE,"disruption"
"Notch1","18128","chr2","-",26457903,26516663,26388200,26497200,"B3-5",FALSE,FALSE,NA,FALSE,"chr2",26459250,26459350,26459300,564,"+",0,FALSE,TRUE,TRUE,"exonic_same",26516663,57363,FALSE,NA,97.62,FALSE,"disruption"
"Notch1","18128","chr2","-",26457903,26516663,26388200,26497200,"N-A04",FALSE,TRUE,"CMZ101",FALSE,"chr2",26461050,26461150,26461100,866,"+",0,FALSE,FALSE,TRUE,"intronic_same",26516663,55563,FALSE,50,94.56,FALSE,"disruption"
"Notch1","18128","chr2","-",26457903,26516663,26388200,26497200,"B-3-1",FALSE,FALSE,NA,FALSE,"chr2",26462650,26462750,26462700,181,"+",0,FALSE,TRUE,TRUE,"exonic_same",26516663,53963,FALSE,NA,91.84,FALSE,"disruption"
"Notch1","18128","chr2","-",26457903,26516663,26388200,26497200,"N-3-1",FALSE,FALSE,NA,FALSE,"chr2",26462650,26462750,26462700,819,"+",0,FALSE,TRUE,TRUE,"exonic_same",26516663,53963,FALSE,NA,91.84,FALSE,"disruption"
"Notch1","18128","chr2","-",26457903,26516663,26388200,26497200,"B-1-10",FALSE,FALSE,NA,FALSE,"chr2",26481550,26481650,26481600,87,"+",0,FALSE,TRUE,TRUE,"exonic_same",26516663,35063,FALSE,NA,59.67,FALSE,"disruption"
"Npff","54615","chr15","-",102523839,102524942,102474800,102513800,"B-2-25",FALSE,TRUE,"CMZ349",FALSE,"chr15",102474750,102474850,102474800,3498,"+",49039,TRUE,FALSE,TRUE,"distant",102524942,50142,FALSE,NA,4545.97,FALSE,"disruption"
"Npff","54615","chr15","-",102523839,102524942,102474800,102513800,"N-2-25",FALSE,TRUE,"CMZ349",FALSE,"chr15",102474750,102474850,102474800,8013,"+",49039,TRUE,FALSE,TRUE,"distant",102524942,50142,FALSE,NA,4545.97,FALSE,"disruption"
"Npff","54615","chr15","-",102523839,102524942,102474800,102513800,"N3-19",FALSE,FALSE,NA,FALSE,"chr15",102474950,102475050,102475000,11983,"-",48839,TRUE,FALSE,FALSE,"distant",102524942,49942,FALSE,NA,4527.83,FALSE,"disruption"
"Npff","54615","chr15","-",102523839,102524942,102474800,102513800,"B3-19",FALSE,FALSE,NA,FALSE,"chr15",102474950,102475050,102475000,6526,"-",48839,TRUE,FALSE,FALSE,"distant",102524942,49942,FALSE,NA,4527.83,FALSE,"disruption"
"Npff","54615","chr15","-",102523839,102524942,102474800,102513800,"B3-c-9",FALSE,FALSE,NA,FALSE,"chr15",102496550,102496650,102496600,1521,"+",27239,TRUE,FALSE,TRUE,"distant",102524942,28342,FALSE,NA,2569.54,FALSE,"disruption"
"Npff","54615","chr15","-",102523839,102524942,102474800,102513800,"B-A08",TRUE,FALSE,NA,FALSE,"chr15",102499950,102500050,102500000,4169,"-",23839,TRUE,FALSE,FALSE,"distant",102524942,24942,FALSE,NA,2261.29,FALSE,"disruption"
"Npff","54615","chr15","-",102523839,102524942,102474800,102513800,"B3-5",FALSE,FALSE,NA,FALSE,"chr15",102502250,102502350,102502300,339,"+",21539,TRUE,FALSE,TRUE,"distant",102524942,22642,FALSE,NA,2052.77,FALSE,"disruption"
"Nradd","67169","chr9","-",110621135,110624452,110536800,110606800,"N3-12",FALSE,FALSE,NA,FALSE,"chr9",110536750,110536850,110536800,2458,"-",84335,TRUE,FALSE,FALSE,"distant",110624452,87652,FALSE,NA,2642.51,FALSE,"disruption"
"Nradd","67169","chr9","-",110621135,110624452,110536800,110606800,"B-2-12",FALSE,TRUE,"CMZ354",FALSE,"chr9",110542550,110542650,110542600,1562,"+",78535,TRUE,FALSE,TRUE,"distant",110624452,81852,FALSE,NA,2467.65,FALSE,"disruption"
"Nradd","67169","chr9","-",110621135,110624452,110536800,110606800,"B-2-14",FALSE,FALSE,NA,FALSE,"chr9",110552750,110552850,110552800,11995,"-",68335,TRUE,FALSE,FALSE,"distant",110624452,71652,FALSE,NA,2160.14,FALSE,"disruption"
"Nradd","67169","chr9","-",110621135,110624452,110536800,110606800,"N-2-23",FALSE,FALSE,NA,FALSE,"chr9",110557350,110557450,110557400,2835,"-",63735,TRUE,FALSE,FALSE,"distant",110624452,67052,FALSE,NA,2021.47,FALSE,"disruption"
"Nradd","67169","chr9","-",110621135,110624452,110536800,110606800,"B-1-4",FALSE,FALSE,NA,FALSE,"chr9",110563350,110563450,110563400,25,"-",57735,TRUE,FALSE,FALSE,"distant",110624452,61052,FALSE,NA,1840.58,FALSE,"disruption"
"Nradd","67169","chr9","-",110621135,110624452,110536800,110606800,"N3-1-11",TRUE,FALSE,NA,FALSE,"chr9",110572250,110572350,110572300,2083,"+",48835,TRUE,FALSE,TRUE,"distant",110624452,52152,FALSE,NA,1572.26,FALSE,"disruption"
"Nradd","67169","chr9","-",110621135,110624452,110536800,110606800,"B-A08",TRUE,FALSE,NA,FALSE,"chr9",110578750,110578850,110578800,1953,"-",42335,TRUE,FALSE,FALSE,"distant",110624452,45652,FALSE,NA,1376.3,FALSE,"disruption"
"Nradd","67169","chr9","-",110621135,110624452,110536800,110606800,"B-A11",FALSE,TRUE,"CMZ103",FALSE,"chr9",110598350,110598450,110598400,14910,"+",22735,TRUE,FALSE,TRUE,"distant",110624452,26052,FALSE,NA,785.41,FALSE,"disruption"
"Nras","18176","chr3","+",103058285,103067914,103023100,103040100,"N-A12",FALSE,FALSE,NA,FALSE,"chr3",103023050,103023150,103023100,919,"-",35185,TRUE,FALSE,FALSE,"distant",103058285,-35185,FALSE,NA,-365.41,FALSE,"disruption"
"Nras","18176","chr3","+",103058285,103067914,103023100,103040100,"B-A12",FALSE,FALSE,NA,FALSE,"chr3",103023050,103023150,103023100,1524,"-",35185,TRUE,FALSE,FALSE,"distant",103058285,-35185,FALSE,NA,-365.41,FALSE,"disruption"
"Nras","18176","chr3","+",103058285,103067914,103023100,103040100,"N3-14",FALSE,FALSE,NA,FALSE,"chr3",103025250,103025350,103025300,1523,"+",32985,TRUE,FALSE,TRUE,"distant",103058285,-32985,FALSE,NA,-342.56,FALSE,"disruption"
"Nras","18176","chr3","+",103058285,103067914,103023100,103040100,"N-B09",TRUE,TRUE,"CMZ104",FALSE,"chr3",103035350,103035450,103035400,5889,"-",22885,TRUE,FALSE,FALSE,"distant",103058285,-22885,FALSE,NA,-237.67,FALSE,"disruption"
"Nras","18176","chr3","+",103058285,103067914,103023100,103040100,"B3-7",FALSE,FALSE,NA,FALSE,"chr3",103035850,103035950,103035900,630,"-",22385,TRUE,FALSE,FALSE,"distant",103058285,-22385,FALSE,NA,-232.47,FALSE,"disruption"
"Nt5dc2","70021","chr14","+",31131053,31139124,31025800,31233800,"B3-c-10",TRUE,FALSE,NA,FALSE,"chr14",31025750,31025850,31025800,3335,"+",105253,TRUE,FALSE,TRUE,"distant",31131053,-105253,FALSE,NA,-1304.09,FALSE,"disruption"
"Nt5dc2","70021","chr14","+",31131053,31139124,31025800,31233800,"N-A01",TRUE,TRUE,"CMZ110,CMZ355",FALSE,"chr14",31026750,31026850,31026800,4567,"+",104253,TRUE,FALSE,TRUE,"distant",31131053,-104253,FALSE,NA,-1291.7,FALSE,"disruption"
"Nt5dc2","70021","chr14","+",31131053,31139124,31025800,31233800,"B3-c-10",TRUE,FALSE,NA,FALSE,"chr14",31030750,31030850,31030800,6185,"+",100253,TRUE,FALSE,TRUE,"distant",31131053,-100253,FALSE,NA,-1242.14,FALSE,"disruption"
"Nt5dc2","70021","chr14","+",31131053,31139124,31025800,31233800,"B-B11",TRUE,TRUE,"CMZ105",FALSE,"chr14",31041250,31041350,31041300,4371,"-",89753,TRUE,FALSE,FALSE,"distant",31131053,-89753,FALSE,NA,-1112.04,FALSE,"disruption"
"Nt5dc2","70021","chr14","+",31131053,31139124,31025800,31233800,"B3-c-10",TRUE,FALSE,NA,FALSE,"chr14",31051250,31051350,31051300,4840,"+",79753,TRUE,FALSE,TRUE,"distant",31131053,-79753,FALSE,NA,-988.14,FALSE,"disruption"
"Nt5dc2","70021","chr14","+",31131053,31139124,31025800,31233800,"N3-c-10",TRUE,FALSE,NA,FALSE,"chr14",31059750,31059850,31059800,9919,"-",71253,TRUE,FALSE,FALSE,"distant",31131053,-71253,FALSE,NA,-882.83,FALSE,"disruption"
"Nt5dc2","70021","chr14","+",31131053,31139124,31025800,31233800,"B3-12",FALSE,FALSE,NA,FALSE,"chr14",31104250,31104350,31104300,764,"-",26753,TRUE,FALSE,FALSE,"distant",31131053,-26753,FALSE,NA,-331.47,FALSE,"disruption"
"Nt5dc2","70021","chr14","+",31131053,31139124,31025800,31233800,"N3-1-13",FALSE,TRUE,"CMZ182,CMZ357",FALSE,"chr14",31107550,31107650,31107600,1312,"-",23453,TRUE,FALSE,FALSE,"distant",31131053,-23453,FALSE,NA,-290.58,FALSE,"disruption"
"Nt5dc2","70021","chr14","+",31131053,31139124,31025800,31233800,"B3-1-13",FALSE,TRUE,"CMZ182,CMZ357",FALSE,"chr14",31107550,31107650,31107600,570,"-",23453,TRUE,FALSE,FALSE,"distant",31131053,-23453,FALSE,NA,-290.58,FALSE,"disruption"
"Nt5dc2","70021","chr14","+",31131053,31139124,31025800,31233800,"N3-c-28",FALSE,FALSE,NA,FALSE,"chr14",31126550,31126650,31126600,1916,"-",4453,TRUE,FALSE,FALSE,"distant",31131053,-4453,FALSE,NA,-55.17,FALSE,"disruption"
"Nt5dc2","70021","chr14","+",31131053,31139124,31025800,31233800,"B3-c-28",FALSE,FALSE,NA,FALSE,"chr14",31126550,31126650,31126600,1075,"-",4453,TRUE,FALSE,FALSE,"distant",31131053,-4453,FALSE,NA,-55.17,FALSE,"disruption"
"Nt5dc2","70021","chr14","+",31131053,31139124,31025800,31233800,"N3-21",FALSE,FALSE,NA,FALSE,"chr14",31205050,31205150,31205100,2339,"-",65976,TRUE,FALSE,FALSE,"distant",31131053,74047,FALSE,NA,917.45,FALSE,"disruption"
"Nt5dc2","70021","chr14","+",31131053,31139124,31025800,31233800,"N-3-4",FALSE,FALSE,NA,FALSE,"chr14",31205050,31205150,31205100,1477,"-",65976,TRUE,FALSE,FALSE,"distant",31131053,74047,FALSE,NA,917.45,FALSE,"disruption"
"Nt5dc2","70021","chr14","+",31131053,31139124,31025800,31233800,"B3-21",FALSE,FALSE,NA,FALSE,"chr14",31205050,31205150,31205100,36332,"-",65976,TRUE,FALSE,FALSE,"distant",31131053,74047,FALSE,NA,917.45,FALSE,"disruption"
"Nt5dc2","70021","chr14","+",31131053,31139124,31025800,31233800,"B-3-4",FALSE,FALSE,NA,FALSE,"chr14",31205050,31205150,31205100,6340,"-",65976,TRUE,FALSE,FALSE,"distant",31131053,74047,FALSE,NA,917.45,FALSE,"disruption"
"Nup153","218210","chr13","-",46679905,46727940,46685100,46724100,"B3-2-22",TRUE,TRUE,"CMZ347",FALSE,"chr13",46685050,46685150,46685100,937,"+",0,FALSE,FALSE,TRUE,"intronic_same",46727940,42840,FALSE,30,89.18,FALSE,"disruption"
"Nup153","218210","chr13","-",46679905,46727940,46685100,46724100,"B-B10",FALSE,FALSE,NA,FALSE,"chr13",46692350,46692450,46692400,20732,"+",0,FALSE,FALSE,TRUE,"intronic_same",46727940,35540,FALSE,27,73.99,FALSE,"disruption"
"Nup153","218210","chr13","-",46679905,46727940,46685100,46724100,"N-B10",FALSE,FALSE,NA,FALSE,"chr13",46692350,46692450,46692400,1423,"+",0,FALSE,FALSE,TRUE,"intronic_same",46727940,35540,FALSE,27,73.99,FALSE,"disruption"
"Nup153","218210","chr13","-",46679905,46727940,46685100,46724100,"N3-2-2",TRUE,FALSE,NA,FALSE,"chr13",46704050,46704150,46704100,1300,"-",0,FALSE,FALSE,FALSE,"intronic_opposite",46727940,23840,FALSE,16,49.63,FALSE,"disruption"
"Nup153","218210","chr13","-",46679905,46727940,46685100,46724100,"B-3-4",FALSE,FALSE,NA,FALSE,"chr13",46706950,46707050,46707000,8304,"+",0,FALSE,FALSE,TRUE,"intronic_same",46727940,20940,FALSE,14,43.59,FALSE,"disruption"
"Nup153","218210","chr13","-",46679905,46727940,46685100,46724100,"B3-5",FALSE,FALSE,NA,FALSE,"chr13",46715350,46715450,46715400,270,"-",0,FALSE,FALSE,FALSE,"intronic_opposite",46727940,12540,FALSE,4,26.11,FALSE,"disruption"
"Nup153","218210","chr13","-",46679905,46727940,46685100,46724100,"B-A08",TRUE,FALSE,NA,FALSE,"chr13",46723050,46723150,46723100,6660,"+",0,FALSE,FALSE,TRUE,"intronic_same",46727940,4840,FALSE,1,10.08,TRUE,"activation"
"Omg","18377","chr11","-",79500982,79504084,79355500,79563500,"N-A02",FALSE,TRUE,"CMZ181",FALSE,"chr11",79355450,79355550,79355500,3042,"-",145482,TRUE,FALSE,FALSE,"distant",79504084,148584,FALSE,NA,4789.94,FALSE,"disruption"
"Omg","18377","chr11","-",79500982,79504084,79355500,79563500,"B-2-23",FALSE,FALSE,NA,FALSE,"chr11",79376150,79376250,79376200,253,"-",124782,TRUE,FALSE,FALSE,"distant",79504084,127884,FALSE,NA,4122.63,FALSE,"disruption"
"Omg","18377","chr11","-",79500982,79504084,79355500,79563500,"B-1-7",FALSE,FALSE,NA,FALSE,"chr11",79383950,79384050,79384000,2667,"+",116982,TRUE,FALSE,TRUE,"distant",79504084,120084,FALSE,NA,3871.18,FALSE,"disruption"
"Omg","18377","chr11","-",79500982,79504084,79355500,79563500,"N-1-7",FALSE,FALSE,NA,FALSE,"chr11",79383950,79384050,79384000,411,"+",116982,TRUE,FALSE,TRUE,"distant",79504084,120084,FALSE,NA,3871.18,FALSE,"disruption"
"Omg","18377","chr11","-",79500982,79504084,79355500,79563500,"N-2-23",FALSE,FALSE,NA,FALSE,"chr11",79385550,79385650,79385600,13356,"-",115382,TRUE,FALSE,FALSE,"distant",79504084,118484,FALSE,NA,3819.6,FALSE,"disruption"
"Omg","18377","chr11","-",79500982,79504084,79355500,79563500,"N3-c-28",FALSE,FALSE,NA,FALSE,"chr11",79388650,79388750,79388700,1459,"-",112282,TRUE,FALSE,FALSE,"distant",79504084,115384,FALSE,NA,3719.66,FALSE,"disruption"
"Omg","18377","chr11","-",79500982,79504084,79355500,79563500,"N-2-23",FALSE,FALSE,NA,FALSE,"chr11",79388950,79389050,79389000,4704,"-",111982,TRUE,FALSE,FALSE,"distant",79504084,115084,FALSE,NA,3709.99,FALSE,"disruption"
"Omg","18377","chr11","-",79500982,79504084,79355500,79563500,"B-2-23",FALSE,FALSE,NA,FALSE,"chr11",79388950,79389050,79389000,443,"-",111982,TRUE,FALSE,FALSE,"distant",79504084,115084,FALSE,NA,3709.99,FALSE,"disruption"
"Omg","18377","chr11","-",79500982,79504084,79355500,79563500,"N3-c-9",FALSE,FALSE,NA,FALSE,"chr11",79420450,79420550,79420500,6276,"+",80482,TRUE,FALSE,TRUE,"distant",79504084,83584,FALSE,NA,2694.52,FALSE,"disruption"
"Omg","18377","chr11","-",79500982,79504084,79355500,79563500,"B-A05",FALSE,TRUE,"CMZ109",FALSE,"chr11",79427850,79427950,79427900,12953,"+",73082,TRUE,FALSE,TRUE,"distant",79504084,76184,FALSE,NA,2455.96,FALSE,"disruption"
"Omg","18377","chr11","-",79500982,79504084,79355500,79563500,"N-A05",FALSE,TRUE,"CMZ109",FALSE,"chr11",79427850,79427950,79427900,1593,"+",73082,TRUE,FALSE,TRUE,"distant",79504084,76184,FALSE,NA,2455.96,FALSE,"disruption"
"Omg","18377","chr11","-",79500982,79504084,79355500,79563500,"B3-19",FALSE,FALSE,NA,FALSE,"chr11",79440050,79440150,79440100,2070,"+",60882,TRUE,FALSE,TRUE,"distant",79504084,63984,FALSE,NA,2062.67,FALSE,"disruption"
"Omg","18377","chr11","-",79500982,79504084,79355500,79563500,"B-A11",FALSE,TRUE,"CMZ103",FALSE,"chr11",79441950,79442050,79442000,1298,"+",58982,TRUE,FALSE,TRUE,"distant",79504084,62084,FALSE,NA,2001.42,FALSE,"disruption"
"Omg","18377","chr11","-",79500982,79504084,79355500,79563500,"N-A11",FALSE,TRUE,"CMZ103",FALSE,"chr11",79441950,79442050,79442000,1582,"+",58982,TRUE,FALSE,TRUE,"distant",79504084,62084,FALSE,NA,2001.42,FALSE,"disruption"
"Omg","18377","chr11","-",79500982,79504084,79355500,79563500,"N-A11",FALSE,TRUE,"CMZ103",FALSE,"chr11",79442150,79442250,79442200,3636,"-",58782,TRUE,FALSE,FALSE,"distant",79504084,61884,FALSE,NA,1994.97,FALSE,"disruption"
"Omg","18377","chr11","-",79500982,79504084,79355500,79563500,"B-A11",FALSE,TRUE,"CMZ103",FALSE,"chr11",79442150,79442250,79442200,4804,"-",58782,TRUE,FALSE,FALSE,"distant",79504084,61884,FALSE,NA,1994.97,FALSE,"disruption"
"Omg","18377","chr11","-",79500982,79504084,79355500,79563500,"B3-19",FALSE,FALSE,NA,FALSE,"chr11",79456050,79456150,79456100,7220,"+",44882,TRUE,FALSE,TRUE,"distant",79504084,47984,FALSE,NA,1546.87,FALSE,"disruption"
"Omg","18377","chr11","-",79500982,79504084,79355500,79563500,"N-A11",FALSE,TRUE,"CMZ103",FALSE,"chr11",79486950,79487050,79487000,1343,"-",13982,TRUE,FALSE,FALSE,"distant",79504084,17084,FALSE,NA,550.74,FALSE,"disruption"
"Omg","18377","chr11","-",79500982,79504084,79355500,79563500,"N3-15",FALSE,FALSE,NA,FALSE,"chr11",79487750,79487850,79487800,13069,"-",13182,TRUE,FALSE,FALSE,"distant",79504084,16284,FALSE,NA,524.95,FALSE,"disruption"
"Omg","18377","chr11","-",79500982,79504084,79355500,79563500,"B3-15",FALSE,FALSE,NA,FALSE,"chr11",79487750,79487850,79487800,19769,"-",13182,TRUE,FALSE,FALSE,"distant",79504084,16284,FALSE,NA,524.95,FALSE,"disruption"
"Omg","18377","chr11","-",79500982,79504084,79355500,79563500,"B3-c-10",TRUE,FALSE,NA,FALSE,"chr11",79499150,79499250,79499200,1732,"-",1782,FALSE,FALSE,FALSE,"intronic_opposite",79504084,4884,FALSE,NA,157.45,FALSE,"disruption"
"Omg","18377","chr11","-",79500982,79504084,79355500,79563500,"B3-14",FALSE,FALSE,NA,FALSE,"chr11",79517450,79517550,79517500,399,"-",13416,TRUE,FALSE,FALSE,"distant",79504084,-13416,FALSE,NA,-432.5,FALSE,"disruption"
"Omg","18377","chr11","-",79500982,79504084,79355500,79563500,"B3-3",FALSE,FALSE,NA,FALSE,"chr11",79553550,79553650,79553600,2116,"-",49516,TRUE,FALSE,FALSE,"distant",79504084,-49516,FALSE,NA,-1596.26,FALSE,"disruption"
"Omg","18377","chr11","-",79500982,79504084,79355500,79563500,"B3-19",FALSE,FALSE,NA,FALSE,"chr11",79553650,79553750,79553700,2104,"-",49616,TRUE,FALSE,FALSE,"distant",79504084,-49616,FALSE,NA,-1599.48,FALSE,"disruption"
"Omg","18377","chr11","-",79500982,79504084,79355500,79563500,"N3-1-13",FALSE,TRUE,"CMZ182,CMZ357",FALSE,"chr11",79558950,79559050,79559000,1278,"-",54916,TRUE,FALSE,FALSE,"distant",79504084,-54916,FALSE,NA,-1770.34,FALSE,"disruption"
"Omg","18377","chr11","-",79500982,79504084,79355500,79563500,"N-A07",FALSE,TRUE,"CMZ182,CMZ357",FALSE,"chr11",79558950,79559050,79559000,111,"-",54916,TRUE,FALSE,FALSE,"distant",79504084,-54916,FALSE,NA,-1770.34,FALSE,"disruption"
"Otud4","73945","chr8","+",79639618,79677724,79657700,79727700,"B-3-4",FALSE,FALSE,NA,FALSE,"chr8",79657650,79657750,79657700,1277,"-",0,FALSE,FALSE,FALSE,"intronic_opposite",79639618,18082,FALSE,10,47.45,FALSE,"disruption"
"Otud4","73945","chr8","+",79639618,79677724,79657700,79727700,"B3-5",FALSE,FALSE,NA,FALSE,"chr8",79663450,79663550,79663500,206,"+",0,FALSE,FALSE,TRUE,"intronic_same",79639618,23882,FALSE,18,62.67,FALSE,"disruption"
"Otud4","73945","chr8","+",79639618,79677724,79657700,79727700,"B-B09",TRUE,TRUE,"CMZ104",FALSE,"chr8",79667450,79667550,79667500,11447,"+",0,FALSE,FALSE,TRUE,"intronic_same",79639618,27882,FALSE,24,73.17,FALSE,"disruption"
"Otud4","73945","chr8","+",79639618,79677724,79657700,79727700,"N-B09",TRUE,TRUE,"CMZ104",FALSE,"chr8",79667450,79667550,79667500,18314,"+",0,FALSE,FALSE,TRUE,"intronic_same",79639618,27882,FALSE,24,73.17,FALSE,"disruption"
"Otud4","73945","chr8","+",79639618,79677724,79657700,79727700,"B3-1-13",FALSE,TRUE,"CMZ182,CMZ357",FALSE,"chr8",79700950,79701050,79701000,665,"+",23276,TRUE,FALSE,TRUE,"distant",79639618,61382,FALSE,NA,161.08,FALSE,"disruption"
"Otud4","73945","chr8","+",79639618,79677724,79657700,79727700,"B3-6",TRUE,FALSE,NA,FALSE,"chr8",79701250,79701350,79701300,3760,"+",23576,TRUE,FALSE,TRUE,"distant",79639618,61682,FALSE,NA,161.87,FALSE,"disruption"
"Otud4","73945","chr8","+",79639618,79677724,79657700,79727700,"N3-6",TRUE,FALSE,NA,FALSE,"chr8",79701250,79701350,79701300,2523,"+",23576,TRUE,FALSE,TRUE,"distant",79639618,61682,FALSE,NA,161.87,FALSE,"disruption"
"Otud4","73945","chr8","+",79639618,79677724,79657700,79727700,"N-2-26",TRUE,TRUE,"CMZ347",FALSE,"chr8",79707150,79707250,79707200,3166,"+",29476,TRUE,FALSE,TRUE,"distant",79639618,67582,FALSE,NA,177.35,FALSE,"disruption"
"Paip2","67869","chr18","+",35598617,35617187,35556000,35823000,"N3-c-28",FALSE,FALSE,NA,FALSE,"chr18",35555950,35556050,35556000,1789,"-",42617,TRUE,FALSE,FALSE,"distant",35598617,-42617,FALSE,NA,-229.49,FALSE,"disruption"
"Paip2","67869","chr18","+",35598617,35617187,35556000,35823000,"B3-7",FALSE,FALSE,NA,FALSE,"chr18",35569650,35569750,35569700,1193,"+",28917,TRUE,FALSE,TRUE,"distant",35598617,-28917,FALSE,NA,-155.72,FALSE,"disruption"
"Paip2","67869","chr18","+",35598617,35617187,35556000,35823000,"B-A10",FALSE,TRUE,"CMZ184",FALSE,"chr18",35571650,35571750,35571700,4917,"+",26917,TRUE,FALSE,TRUE,"distant",35598617,-26917,FALSE,NA,-144.95,FALSE,"disruption"
"Paip2","67869","chr18","+",35598617,35617187,35556000,35823000,"N-A10",FALSE,TRUE,"CMZ184",FALSE,"chr18",35571650,35571750,35571700,1946,"+",26917,TRUE,FALSE,TRUE,"distant",35598617,-26917,FALSE,NA,-144.95,FALSE,"disruption"
"Paip2","67869","chr18","+",35598617,35617187,35556000,35823000,"B-A01",TRUE,TRUE,"CMZ110,CMZ355",FALSE,"chr18",35576150,35576250,35576200,3214,"+",22417,TRUE,FALSE,TRUE,"distant",35598617,-22417,FALSE,NA,-120.72,FALSE,"disruption"
"Paip2","67869","chr18","+",35598617,35617187,35556000,35823000,"N-A01",TRUE,TRUE,"CMZ110,CMZ355",FALSE,"chr18",35576150,35576250,35576200,8152,"+",22417,TRUE,FALSE,TRUE,"distant",35598617,-22417,FALSE,NA,-120.72,FALSE,"disruption"
"Paip2","67869","chr18","+",35598617,35617187,35556000,35823000,"B3-c-10",TRUE,FALSE,NA,FALSE,"chr18",35577350,35577450,35577400,1648,"+",21217,TRUE,FALSE,TRUE,"distant",35598617,-21217,FALSE,NA,-114.25,FALSE,"disruption"
"Paip2","67869","chr18","+",35598617,35617187,35556000,35823000,"N-1-4",FALSE,FALSE,NA,FALSE,"chr18",35603650,35603750,35603700,198,"+",0,FALSE,FALSE,TRUE,"intronic_same",35598617,5083,FALSE,11,27.37,FALSE,"disruption"
"Paip2","67869","chr18","+",35598617,35617187,35556000,35823000,"N-B03",FALSE,TRUE,"CMZ183",FALSE,"chr18",35612050,35612150,35612100,3638,"+",0,FALSE,FALSE,TRUE,"intronic_same",35598617,13483,FALSE,18,72.61,FALSE,"disruption"
"Paip2","67869","chr18","+",35598617,35617187,35556000,35823000,"N3-2-7",TRUE,FALSE,NA,FALSE,"chr18",35788950,35789050,35789000,1160,"-",171813,TRUE,FALSE,FALSE,"distant",35598617,190383,FALSE,NA,1025.22,FALSE,"disruption"
"Paip2","67869","chr18","+",35598617,35617187,35556000,35823000,"B3-2-7",TRUE,FALSE,NA,FALSE,"chr18",35788950,35789050,35789000,1029,"-",171813,TRUE,FALSE,FALSE,"distant",35598617,190383,FALSE,NA,1025.22,FALSE,"disruption"
"Paip2","67869","chr18","+",35598617,35617187,35556000,35823000,"B3-1",FALSE,FALSE,NA,FALSE,"chr18",35798350,35798450,35798400,809,"+",181213,TRUE,FALSE,TRUE,"distant",35598617,199783,FALSE,NA,1075.84,FALSE,"disruption"
"Paip2","67869","chr18","+",35598617,35617187,35556000,35823000,"B3-5",FALSE,FALSE,NA,FALSE,"chr18",35798850,35798950,35798900,201,"+",181713,TRUE,FALSE,TRUE,"distant",35598617,200283,FALSE,NA,1078.53,FALSE,"disruption"
"Paip2","67869","chr18","+",35598617,35617187,35556000,35823000,"N-A08",TRUE,FALSE,NA,FALSE,"chr18",35800950,35801050,35801000,958,"-",183813,TRUE,FALSE,FALSE,"distant",35598617,202383,FALSE,NA,1089.84,FALSE,"disruption"
"Paip2","67869","chr18","+",35598617,35617187,35556000,35823000,"N-B11",TRUE,TRUE,"CMZ105",FALSE,"chr18",35800950,35801050,35801000,23874,"-",183813,TRUE,FALSE,FALSE,"distant",35598617,202383,FALSE,NA,1089.84,FALSE,"disruption"
"Paip2","67869","chr18","+",35598617,35617187,35556000,35823000,"B3-5",FALSE,FALSE,NA,FALSE,"chr18",35808550,35808650,35808600,197,"-",191413,TRUE,FALSE,FALSE,"distant",35598617,209983,FALSE,NA,1130.76,FALSE,"disruption"
"Pank3","211347","chr11","+",35769484,35791285,35799800,35816800,"B-2-9",TRUE,TRUE,"CMZ344",FALSE,"chr11",35799750,35799850,35799800,1302,"-",8515,TRUE,FALSE,FALSE,"distant",35769484,30316,FALSE,NA,139.06,FALSE,"disruption"
"Pank3","211347","chr11","+",35769484,35791285,35799800,35816800,"N-A04",FALSE,TRUE,"CMZ101",FALSE,"chr11",35806850,35806950,35806900,7502,"-",15615,TRUE,FALSE,FALSE,"distant",35769484,37416,FALSE,NA,171.63,FALSE,"disruption"
"Pank3","211347","chr11","+",35769484,35791285,35799800,35816800,"B-A04",FALSE,TRUE,"CMZ101",FALSE,"chr11",35806850,35806950,35806900,6298,"-",15615,TRUE,FALSE,FALSE,"distant",35769484,37416,FALSE,NA,171.63,FALSE,"disruption"
"Pank3","211347","chr11","+",35769484,35791285,35799800,35816800,"N-A04",FALSE,TRUE,"CMZ101",FALSE,"chr11",35815450,35815550,35815500,1631,"+",24215,TRUE,FALSE,TRUE,"distant",35769484,46016,FALSE,NA,211.07,FALSE,"disruption"
"Pank3","211347","chr11","+",35769484,35791285,35799800,35816800,"B-B10",FALSE,FALSE,NA,FALSE,"chr11",35815550,35815650,35815600,2552,"+",24315,TRUE,FALSE,TRUE,"distant",35769484,46116,FALSE,NA,211.53,FALSE,"disruption"
"Pank3","211347","chr11","+",35769484,35791285,35799800,35816800,"N-B10",FALSE,FALSE,NA,FALSE,"chr11",35815550,35815650,35815600,1918,"+",24315,TRUE,FALSE,TRUE,"distant",35769484,46116,FALSE,NA,211.53,FALSE,"disruption"
"Papola","18789","chr12","+",105784694,105838944,105808700,105825700,"N3-2-2",TRUE,FALSE,NA,FALSE,"chr12",105808650,105808750,105808700,1079,"-",0,FALSE,FALSE,FALSE,"intronic_opposite",105784694,24006,FALSE,22,44.25,FALSE,"disruption"
"Papola","18789","chr12","+",105784694,105838944,105808700,105825700,"N3-2-7",TRUE,FALSE,NA,FALSE,"chr12",105815650,105815750,105815700,1004,"-",0,FALSE,FALSE,FALSE,"intronic_opposite",105784694,31006,FALSE,35,57.15,FALSE,"disruption"
"Papola","18789","chr12","+",105784694,105838944,105808700,105825700,"B3-2-7",TRUE,FALSE,NA,FALSE,"chr12",105815650,105815750,105815700,2389,"-",0,FALSE,FALSE,FALSE,"intronic_opposite",105784694,31006,FALSE,35,57.15,FALSE,"disruption"
"Papola","18789","chr12","+",105784694,105838944,105808700,105825700,"B-B05",FALSE,FALSE,NA,FALSE,"chr12",105816550,105816650,105816600,13747,"+",0,FALSE,FALSE,TRUE,"intronic_same",105784694,31906,FALSE,35,58.81,FALSE,"disruption"
"Papola","18789","chr12","+",105784694,105838944,105808700,105825700,"N-B05",FALSE,FALSE,NA,FALSE,"chr12",105816550,105816650,105816600,23911,"+",0,FALSE,FALSE,TRUE,"intronic_same",105784694,31906,FALSE,35,58.81,FALSE,"disruption"
"Papola","18789","chr12","+",105784694,105838944,105808700,105825700,"B3-c-28",FALSE,FALSE,NA,FALSE,"chr12",105824150,105824250,105824200,846,"-",0,FALSE,FALSE,FALSE,"intronic_opposite",105784694,39506,FALSE,42,72.82,FALSE,"disruption"
"Pbrm1","66923","chr14","+",31019138,31121592,31025800,31233800,"B3-c-10",TRUE,FALSE,NA,FALSE,"chr14",31025750,31025850,31025800,3335,"+",0,FALSE,FALSE,TRUE,"intronic_same",31019138,6662,FALSE,15,6.5,TRUE,"activation"
"Pbrm1","66923","chr14","+",31019138,31121592,31025800,31233800,"N-A01",TRUE,TRUE,"CMZ110,CMZ355",FALSE,"chr14",31026750,31026850,31026800,4567,"+",0,FALSE,FALSE,TRUE,"intronic_same",31019138,7662,FALSE,15,7.48,TRUE,"activation"
"Pbrm1","66923","chr14","+",31019138,31121592,31025800,31233800,"B3-c-10",TRUE,FALSE,NA,FALSE,"chr14",31030750,31030850,31030800,6185,"+",0,FALSE,FALSE,TRUE,"intronic_same",31019138,11662,FALSE,19,11.38,TRUE,"activation"
"Pbrm1","66923","chr14","+",31019138,31121592,31025800,31233800,"B-B11",TRUE,TRUE,"CMZ105",FALSE,"chr14",31041250,31041350,31041300,4371,"-",0,FALSE,FALSE,FALSE,"intronic_opposite",31019138,22162,FALSE,25,21.63,FALSE,"disruption"
"Pbrm1","66923","chr14","+",31019138,31121592,31025800,31233800,"B3-c-10",TRUE,FALSE,NA,FALSE,"chr14",31051250,31051350,31051300,4840,"+",0,FALSE,FALSE,TRUE,"intronic_same",31019138,32162,FALSE,29,31.39,FALSE,"disruption"
"Pbrm1","66923","chr14","+",31019138,31121592,31025800,31233800,"N3-c-10",TRUE,FALSE,NA,FALSE,"chr14",31059750,31059850,31059800,9919,"-",0,FALSE,FALSE,FALSE,"intronic_opposite",31019138,40662,FALSE,32,39.69,FALSE,"disruption"
"Pbrm1","66923","chr14","+",31019138,31121592,31025800,31233800,"B3-12",FALSE,FALSE,NA,FALSE,"chr14",31104250,31104350,31104300,764,"-",0,FALSE,FALSE,FALSE,"intronic_opposite",31019138,85162,FALSE,48,83.12,FALSE,"disruption"
"Pbrm1","66923","chr14","+",31019138,31121592,31025800,31233800,"N3-1-13",FALSE,TRUE,"CMZ182,CMZ357",FALSE,"chr14",31107550,31107650,31107600,1312,"-",0,FALSE,FALSE,FALSE,"intronic_opposite",31019138,88462,FALSE,52,86.34,FALSE,"disruption"
"Pbrm1","66923","chr14","+",31019138,31121592,31025800,31233800,"B3-1-13",FALSE,TRUE,"CMZ182,CMZ357",FALSE,"chr14",31107550,31107650,31107600,570,"-",0,FALSE,FALSE,FALSE,"intronic_opposite",31019138,88462,FALSE,52,86.34,FALSE,"disruption"
"Pbrm1","66923","chr14","+",31019138,31121592,31025800,31233800,"N3-c-28",FALSE,FALSE,NA,FALSE,"chr14",31126550,31126650,31126600,1916,"-",5008,TRUE,FALSE,FALSE,"distant",31019138,107462,FALSE,NA,104.89,FALSE,"disruption"
"Pbrm1","66923","chr14","+",31019138,31121592,31025800,31233800,"B3-c-28",FALSE,FALSE,NA,FALSE,"chr14",31126550,31126650,31126600,1075,"-",5008,TRUE,FALSE,FALSE,"distant",31019138,107462,FALSE,NA,104.89,FALSE,"disruption"
"Pbrm1","66923","chr14","+",31019138,31121592,31025800,31233800,"N3-21",FALSE,FALSE,NA,FALSE,"chr14",31205050,31205150,31205100,2339,"-",83508,TRUE,FALSE,FALSE,"distant",31019138,185962,FALSE,NA,181.51,FALSE,"disruption"
"Pbrm1","66923","chr14","+",31019138,31121592,31025800,31233800,"N-3-4",FALSE,FALSE,NA,FALSE,"chr14",31205050,31205150,31205100,1477,"-",83508,TRUE,FALSE,FALSE,"distant",31019138,185962,FALSE,NA,181.51,FALSE,"disruption"
"Pbrm1","66923","chr14","+",31019138,31121592,31025800,31233800,"B3-21",FALSE,FALSE,NA,FALSE,"chr14",31205050,31205150,31205100,36332,"-",83508,TRUE,FALSE,FALSE,"distant",31019138,185962,FALSE,NA,181.51,FALSE,"disruption"
"Pbrm1","66923","chr14","+",31019138,31121592,31025800,31233800,"B-3-4",FALSE,FALSE,NA,FALSE,"chr14",31205050,31205150,31205100,6340,"-",83508,TRUE,FALSE,FALSE,"distant",31019138,185962,FALSE,NA,181.51,FALSE,"disruption"
"Pcbp2","18521","chr15","+",102470539,102500061,102474800,102513800,"B-2-25",FALSE,TRUE,"CMZ349",FALSE,"chr15",102474750,102474850,102474800,3498,"+",0,FALSE,FALSE,TRUE,"intronic_same",102470539,4261,FALSE,28,14.43,TRUE,"activation"
"Pcbp2","18521","chr15","+",102470539,102500061,102474800,102513800,"N-2-25",FALSE,TRUE,"CMZ349",FALSE,"chr15",102474750,102474850,102474800,8013,"+",0,FALSE,FALSE,TRUE,"intronic_same",102470539,4261,FALSE,28,14.43,TRUE,"activation"
"Pcbp2","18521","chr15","+",102470539,102500061,102474800,102513800,"N3-19",FALSE,FALSE,NA,FALSE,"chr15",102474950,102475050,102475000,11983,"-",0,FALSE,FALSE,FALSE,"intronic_opposite",102470539,4461,FALSE,28,15.11,FALSE,"disruption"
"Pcbp2","18521","chr15","+",102470539,102500061,102474800,102513800,"B3-19",FALSE,FALSE,NA,FALSE,"chr15",102474950,102475050,102475000,6526,"-",0,FALSE,FALSE,FALSE,"intronic_opposite",102470539,4461,FALSE,28,15.11,FALSE,"disruption"
"Pcbp2","18521","chr15","+",102470539,102500061,102474800,102513800,"B3-c-9",FALSE,FALSE,NA,FALSE,"chr15",102496550,102496650,102496600,1521,"+",0,FALSE,FALSE,TRUE,"intronic_same",102470539,26061,FALSE,59,88.28,FALSE,"disruption"
"Pcbp2","18521","chr15","+",102470539,102500061,102474800,102513800,"B-A08",TRUE,FALSE,NA,FALSE,"chr15",102499950,102500050,102500000,4169,"-",0,FALSE,TRUE,FALSE,"exonic_opposite",102470539,29461,FALSE,NA,99.79,FALSE,"disruption"
"Pcbp2","18521","chr15","+",102470539,102500061,102474800,102513800,"B3-5",FALSE,FALSE,NA,FALSE,"chr15",102502250,102502350,102502300,339,"+",2239,TRUE,FALSE,TRUE,"distant",102470539,31761,FALSE,NA,107.58,FALSE,"disruption"
"Pcgf3","69587","chr5","+",108461232,108506976,108462200,108571200,"B-1-2",TRUE,TRUE,"CMZ346",FALSE,"chr5",108462150,108462250,108462200,310,"+",0,FALSE,FALSE,TRUE,"intronic_same",108461232,968,FALSE,2,2.12,TRUE,"activation"
"Pcgf3","69587","chr5","+",108461232,108506976,108462200,108571200,"N-2-12",FALSE,TRUE,"CMZ354",FALSE,"chr5",108464250,108464350,108464300,3516,"+",0,FALSE,FALSE,TRUE,"intronic_same",108461232,3068,FALSE,2,6.71,TRUE,"activation"
"Pcgf3","69587","chr5","+",108461232,108506976,108462200,108571200,"N3-1-11",TRUE,FALSE,NA,FALSE,"chr5",108468950,108469050,108469000,1410,"+",0,FALSE,FALSE,TRUE,"intronic_same",108461232,7768,FALSE,2,16.98,TRUE,"activation"
"Pcgf3","69587","chr5","+",108461232,108506976,108462200,108571200,"B3-12",FALSE,FALSE,NA,FALSE,"chr5",108501850,108501950,108501900,525,"-",0,FALSE,TRUE,FALSE,"exonic_opposite",108461232,40668,FALSE,NA,88.9,FALSE,"disruption"
"Pcgf3","69587","chr5","+",108461232,108506976,108462200,108571200,"N-A04",FALSE,TRUE,"CMZ101",FALSE,"chr5",108503750,108503850,108503800,929,"-",0,FALSE,TRUE,FALSE,"exonic_opposite",108461232,42568,FALSE,NA,93.06,FALSE,"disruption"
"Pcgf3","69587","chr5","+",108461232,108506976,108462200,108571200,"N3-15",FALSE,FALSE,NA,FALSE,"chr5",108564950,108565050,108565000,621,"-",58024,TRUE,FALSE,FALSE,"distant",108461232,103768,FALSE,NA,226.85,FALSE,"disruption"
"Pcgf3","69587","chr5","+",108461232,108506976,108462200,108571200,"N-A11",FALSE,TRUE,"CMZ103",FALSE,"chr5",108570950,108571050,108571000,2463,"-",64024,TRUE,FALSE,FALSE,"distant",108461232,109768,FALSE,NA,239.96,FALSE,"disruption"
"Pcgf3","69587","chr5","+",108461232,108506976,108462200,108571200,"B-A11",FALSE,TRUE,"CMZ103",FALSE,"chr5",108570950,108571050,108571000,2029,"-",64024,TRUE,FALSE,FALSE,"distant",108461232,109768,FALSE,NA,239.96,FALSE,"disruption"
"Pdcl","67466","chr2","-",37350074,37359332,37378600,37679600,"B3-14",FALSE,FALSE,NA,FALSE,"chr2",37378550,37378650,37378600,2792,"+",19268,TRUE,FALSE,TRUE,"distant",37359332,-19268,FALSE,NA,-208.12,FALSE,"disruption"
"Pdcl","67466","chr2","-",37350074,37359332,37378600,37679600,"N3-3",FALSE,FALSE,NA,FALSE,"chr2",37379250,37379350,37379300,265,"+",19968,TRUE,FALSE,TRUE,"distant",37359332,-19968,FALSE,NA,-215.68,FALSE,"disruption"
"Pdcl","67466","chr2","-",37350074,37359332,37378600,37679600,"N3-1-3",TRUE,TRUE,"CMZ104",FALSE,"chr2",37381450,37381550,37381500,12889,"+",22168,TRUE,FALSE,TRUE,"distant",37359332,-22168,FALSE,NA,-239.45,FALSE,"disruption"
"Pdcl","67466","chr2","-",37350074,37359332,37378600,37679600,"N3-14",FALSE,FALSE,NA,FALSE,"chr2",37426750,37426850,37426800,448,"-",67468,TRUE,FALSE,FALSE,"distant",37359332,-67468,FALSE,NA,-728.75,FALSE,"disruption"
"Pdcl","67466","chr2","-",37350074,37359332,37378600,37679600,"B-B08",TRUE,TRUE,"CMZ106",FALSE,"chr2",37442550,37442650,37442600,277,"-",83268,TRUE,FALSE,FALSE,"distant",37359332,-83268,FALSE,NA,-899.42,FALSE,"disruption"
"Pdcl","67466","chr2","-",37350074,37359332,37378600,37679600,"B-2-23",FALSE,FALSE,NA,FALSE,"chr2",37525950,37526050,37526000,407,"+",166668,TRUE,FALSE,TRUE,"distant",37359332,-166668,FALSE,NA,-1800.26,FALSE,"disruption"
"Pdcl","67466","chr2","-",37350074,37359332,37378600,37679600,"N3-5",FALSE,FALSE,NA,FALSE,"chr2",37559950,37560050,37560000,1174,"-",200668,TRUE,FALSE,FALSE,"distant",37359332,-200668,FALSE,NA,-2167.51,FALSE,"disruption"
"Pdcl","67466","chr2","-",37350074,37359332,37378600,37679600,"N3-6",TRUE,FALSE,NA,FALSE,"chr2",37589050,37589150,37589100,765,"-",229768,TRUE,FALSE,FALSE,"distant",37359332,-229768,FALSE,NA,-2481.83,FALSE,"disruption"
"Pdcl","67466","chr2","-",37350074,37359332,37378600,37679600,"B3-11",FALSE,FALSE,NA,FALSE,"chr2",37613050,37613150,37613100,1722,"-",253768,TRUE,FALSE,FALSE,"distant",37359332,-253768,FALSE,NA,-2741.07,FALSE,"disruption"
"Pdcl","67466","chr2","-",37350074,37359332,37378600,37679600,"N3-9",FALSE,FALSE,NA,FALSE,"chr2",37657050,37657150,37657100,4277,"-",297768,TRUE,FALSE,FALSE,"distant",37359332,-297768,FALSE,NA,-3216.33,FALSE,"disruption"
"Pdcl","67466","chr2","-",37350074,37359332,37378600,37679600,"B3-9",FALSE,FALSE,NA,FALSE,"chr2",37657050,37657150,37657100,5053,"-",297768,TRUE,FALSE,FALSE,"distant",37359332,-297768,FALSE,NA,-3216.33,FALSE,"disruption"
"Pdcl","67466","chr2","-",37350074,37359332,37378600,37679600,"N-A07",FALSE,TRUE,"CMZ182,CMZ357",FALSE,"chr2",37664750,37664850,37664800,376,"+",305468,TRUE,FALSE,TRUE,"distant",37359332,-305468,FALSE,NA,-3299.5,FALSE,"disruption"
"Pds5a","71521","chr5","-",65605721,65698273,65540500,65695500,"N-2-21",FALSE,TRUE,"CMZ353",FALSE,"chr5",65540450,65540550,65540500,358,"+",65221,TRUE,FALSE,TRUE,"distant",65698273,157773,FALSE,NA,170.47,FALSE,"disruption"
"Pds5a","71521","chr5","-",65605721,65698273,65540500,65695500,"B3-7",FALSE,FALSE,NA,FALSE,"chr5",65541850,65541950,65541900,601,"+",63821,TRUE,FALSE,TRUE,"distant",65698273,156373,FALSE,NA,168.96,FALSE,"disruption"
"Pds5a","71521","chr5","-",65605721,65698273,65540500,65695500,"B3-2-21",FALSE,FALSE,NA,FALSE,"chr5",65544550,65544650,65544600,620,"-",61121,TRUE,FALSE,FALSE,"distant",65698273,153673,FALSE,NA,166.04,FALSE,"disruption"
"Pds5a","71521","chr5","-",65605721,65698273,65540500,65695500,"B3-13",FALSE,FALSE,NA,FALSE,"chr5",65579850,65579950,65579900,4561,"+",25821,TRUE,FALSE,TRUE,"distant",65698273,118373,FALSE,NA,127.9,FALSE,"disruption"
"Pds5a","71521","chr5","-",65605721,65698273,65540500,65695500,"N-A12",FALSE,FALSE,NA,FALSE,"chr5",65587150,65587250,65587200,7426,"-",18521,TRUE,FALSE,FALSE,"distant",65698273,111073,FALSE,NA,120.01,FALSE,"disruption"
"Pds5a","71521","chr5","-",65605721,65698273,65540500,65695500,"B-1-10",FALSE,FALSE,NA,FALSE,"chr5",65600950,65601050,65601000,74,"+",4721,TRUE,FALSE,TRUE,"distant",65698273,97273,FALSE,NA,105.1,FALSE,"disruption"
"Pds5a","71521","chr5","-",65605721,65698273,65540500,65695500,"N3-1-11",TRUE,FALSE,NA,FALSE,"chr5",65602750,65602850,65602800,1631,"+",2921,TRUE,FALSE,TRUE,"distant",65698273,95473,FALSE,NA,103.16,FALSE,"disruption"
"Pds5a","71521","chr5","-",65605721,65698273,65540500,65695500,"B3-c-14",FALSE,FALSE,NA,FALSE,"chr5",65605850,65605950,65605900,6074,"+",0,FALSE,TRUE,TRUE,"exonic_same",65698273,92373,FALSE,NA,99.81,FALSE,"disruption"
"Pds5a","71521","chr5","-",65605721,65698273,65540500,65695500,"N-B02",TRUE,FALSE,NA,FALSE,"chr5",65645950,65646050,65646000,1751,"+",0,FALSE,TRUE,TRUE,"exonic_same",65698273,52273,FALSE,NA,56.48,FALSE,"disruption"
"Pds5a","71521","chr5","-",65605721,65698273,65540500,65695500,"N3-2-21",FALSE,FALSE,NA,FALSE,"chr5",65657250,65657350,65657300,17481,"-",0,FALSE,FALSE,FALSE,"intronic_opposite",65698273,40973,FALSE,11,44.27,FALSE,"disruption"
"Pds5a","71521","chr5","-",65605721,65698273,65540500,65695500,"B3-2-21",FALSE,FALSE,NA,FALSE,"chr5",65657250,65657350,65657300,11847,"-",0,FALSE,FALSE,FALSE,"intronic_opposite",65698273,40973,FALSE,11,44.27,FALSE,"disruption"
"Pds5a","71521","chr5","-",65605721,65698273,65540500,65695500,"N-1-10",FALSE,FALSE,NA,FALSE,"chr5",65662450,65662550,65662500,24,"-",0,FALSE,FALSE,FALSE,"intronic_opposite",65698273,35773,FALSE,9,38.65,FALSE,"disruption"
"Pds5a","71521","chr5","-",65605721,65698273,65540500,65695500,"B3-14",FALSE,FALSE,NA,FALSE,"chr5",65667850,65667950,65667900,3234,"+",0,FALSE,FALSE,TRUE,"intronic_same",65698273,30373,FALSE,5,32.82,FALSE,"disruption"
"Pds5a","71521","chr5","-",65605721,65698273,65540500,65695500,"N3-14",FALSE,FALSE,NA,FALSE,"chr5",65667850,65667950,65667900,757,"+",0,FALSE,FALSE,TRUE,"intronic_same",65698273,30373,FALSE,5,32.82,FALSE,"disruption"
"Pds5a","71521","chr5","-",65605721,65698273,65540500,65695500,"B3-1-3",TRUE,TRUE,"CMZ104",FALSE,"chr5",65670750,65670850,65670800,14255,"+",0,FALSE,FALSE,TRUE,"intronic_same",65698273,27473,FALSE,5,29.68,FALSE,"disruption"
"Pdzd2","68070","chr15","-",12359711,12739924,12119700,12386700,"N3-14",FALSE,FALSE,NA,FALSE,"chr15",12119650,12119750,12119700,969,"-",240011,TRUE,FALSE,FALSE,"distant",12739924,620224,FALSE,NA,163.13,FALSE,"disruption"
"Pdzd2","68070","chr15","-",12359711,12739924,12119700,12386700,"B3-c-32",TRUE,FALSE,NA,FALSE,"chr15",12122550,12122650,12122600,12580,"-",237111,TRUE,FALSE,FALSE,"distant",12739924,617324,FALSE,NA,162.36,FALSE,"disruption"
"Pdzd2","68070","chr15","-",12359711,12739924,12119700,12386700,"B3-2-36",TRUE,FALSE,NA,FALSE,"chr15",12122550,12122650,12122600,21231,"-",237111,TRUE,FALSE,FALSE,"distant",12739924,617324,FALSE,NA,162.36,FALSE,"disruption"
"Pdzd2","68070","chr15","-",12359711,12739924,12119700,12386700,"B-B08",TRUE,TRUE,"CMZ106",FALSE,"chr15",12130750,12130850,12130800,505,"+",228911,TRUE,FALSE,TRUE,"distant",12739924,609124,FALSE,NA,160.21,FALSE,"disruption"
"Pdzd2","68070","chr15","-",12359711,12739924,12119700,12386700,"N-B02",TRUE,FALSE,NA,FALSE,"chr15",12139150,12139250,12139200,407,"+",220511,TRUE,FALSE,TRUE,"distant",12739924,600724,FALSE,NA,158,FALSE,"disruption"
"Pdzd2","68070","chr15","-",12359711,12739924,12119700,12386700,"N3-2-21",FALSE,FALSE,NA,FALSE,"chr15",12162250,12162350,12162300,892,"+",197411,TRUE,FALSE,TRUE,"distant",12739924,577624,FALSE,NA,151.92,FALSE,"disruption"
"Pdzd2","68070","chr15","-",12359711,12739924,12119700,12386700,"N-2-26",TRUE,TRUE,"CMZ347",FALSE,"chr15",12189650,12189750,12189700,2917,"+",170011,TRUE,FALSE,TRUE,"distant",12739924,550224,FALSE,NA,144.71,FALSE,"disruption"
"Pdzd2","68070","chr15","-",12359711,12739924,12119700,12386700,"B3-14",FALSE,FALSE,NA,FALSE,"chr15",12336850,12336950,12336900,1607,"-",22811,TRUE,FALSE,FALSE,"distant",12739924,403024,FALSE,NA,106,FALSE,"disruption"
"Pdzd2","68070","chr15","-",12359711,12739924,12119700,12386700,"B-3-4",FALSE,FALSE,NA,FALSE,"chr15",12338550,12338650,12338600,840,"-",21111,TRUE,FALSE,FALSE,"distant",12739924,401324,FALSE,NA,105.55,FALSE,"disruption"
"Pdzd2","68070","chr15","-",12359711,12739924,12119700,12386700,"B3-c-28",FALSE,FALSE,NA,FALSE,"chr15",12342650,12342750,12342700,1748,"+",17011,TRUE,FALSE,TRUE,"distant",12739924,397224,FALSE,NA,104.47,FALSE,"disruption"
"Pdzd2","68070","chr15","-",12359711,12739924,12119700,12386700,"B-A12",FALSE,FALSE,NA,FALSE,"chr15",12361650,12361750,12361700,1596,"+",0,FALSE,TRUE,TRUE,"exonic_same",12739924,378224,FALSE,NA,99.48,FALSE,"disruption"
"Peli1","67245","chr11","+",21091291,21150323,21096000,21135000,"N3-2-21",FALSE,FALSE,NA,FALSE,"chr11",21095950,21096050,21096000,3187,"-",0,FALSE,FALSE,FALSE,"intronic_opposite",21091291,4709,FALSE,2,7.98,FALSE,"disruption"
"Peli1","67245","chr11","+",21091291,21150323,21096000,21135000,"B3-2-21",FALSE,FALSE,NA,FALSE,"chr11",21095950,21096050,21096000,18573,"-",0,FALSE,FALSE,FALSE,"intronic_opposite",21091291,4709,FALSE,2,7.98,FALSE,"disruption"
"Peli1","67245","chr11","+",21091291,21150323,21096000,21135000,"B-1-10",FALSE,FALSE,NA,FALSE,"chr11",21096450,21096550,21096500,49,"+",0,FALSE,FALSE,TRUE,"intronic_same",21091291,5209,FALSE,2,8.82,TRUE,"activation"
"Peli1","67245","chr11","+",21091291,21150323,21096000,21135000,"N3-9",FALSE,FALSE,NA,FALSE,"chr11",21104650,21104750,21104700,7762,"-",0,FALSE,FALSE,FALSE,"intronic_opposite",21091291,13409,FALSE,2,22.71,FALSE,"disruption"
"Peli1","67245","chr11","+",21091291,21150323,21096000,21135000,"B3-9",FALSE,FALSE,NA,FALSE,"chr11",21104650,21104750,21104700,6583,"-",0,FALSE,FALSE,FALSE,"intronic_opposite",21091291,13409,FALSE,2,22.71,FALSE,"disruption"
"Peli1","67245","chr11","+",21091291,21150323,21096000,21135000,"B-B10",FALSE,FALSE,NA,FALSE,"chr11",21114050,21114150,21114100,1712,"+",0,FALSE,FALSE,TRUE,"intronic_same",21091291,22809,FALSE,2,38.64,TRUE,"activation"
"Peli1","67245","chr11","+",21091291,21150323,21096000,21135000,"N3-11",FALSE,FALSE,NA,FALSE,"chr11",21115050,21115150,21115100,1297,"+",0,FALSE,FALSE,TRUE,"intronic_same",21091291,23809,FALSE,2,40.33,TRUE,"activation"
"Phf7","71838","chr14","-",31237689,31251317,31025800,31233800,"B3-c-10",TRUE,FALSE,NA,FALSE,"chr14",31025750,31025850,31025800,3335,"+",211889,TRUE,FALSE,TRUE,"distant",31251317,225517,FALSE,NA,1654.81,FALSE,"disruption"
"Phf7","71838","chr14","-",31237689,31251317,31025800,31233800,"N-A01",TRUE,TRUE,"CMZ110,CMZ355",FALSE,"chr14",31026750,31026850,31026800,4567,"+",210889,TRUE,FALSE,TRUE,"distant",31251317,224517,FALSE,NA,1647.47,FALSE,"disruption"
"Phf7","71838","chr14","-",31237689,31251317,31025800,31233800,"B3-c-10",TRUE,FALSE,NA,FALSE,"chr14",31030750,31030850,31030800,6185,"+",206889,TRUE,FALSE,TRUE,"distant",31251317,220517,FALSE,NA,1618.12,FALSE,"disruption"
"Phf7","71838","chr14","-",31237689,31251317,31025800,31233800,"B-B11",TRUE,TRUE,"CMZ105",FALSE,"chr14",31041250,31041350,31041300,4371,"-",196389,TRUE,FALSE,FALSE,"distant",31251317,210017,FALSE,NA,1541.07,FALSE,"disruption"
"Phf7","71838","chr14","-",31237689,31251317,31025800,31233800,"B3-c-10",TRUE,FALSE,NA,FALSE,"chr14",31051250,31051350,31051300,4840,"+",186389,TRUE,FALSE,TRUE,"distant",31251317,200017,FALSE,NA,1467.69,FALSE,"disruption"
"Phf7","71838","chr14","-",31237689,31251317,31025800,31233800,"N3-c-10",TRUE,FALSE,NA,FALSE,"chr14",31059750,31059850,31059800,9919,"-",177889,TRUE,FALSE,FALSE,"distant",31251317,191517,FALSE,NA,1405.32,FALSE,"disruption"
"Phf7","71838","chr14","-",31237689,31251317,31025800,31233800,"B3-12",FALSE,FALSE,NA,FALSE,"chr14",31104250,31104350,31104300,764,"-",133389,TRUE,FALSE,FALSE,"distant",31251317,147017,FALSE,NA,1078.79,FALSE,"disruption"
"Phf7","71838","chr14","-",31237689,31251317,31025800,31233800,"N3-1-13",FALSE,TRUE,"CMZ182,CMZ357",FALSE,"chr14",31107550,31107650,31107600,1312,"-",130089,TRUE,FALSE,FALSE,"distant",31251317,143717,FALSE,NA,1054.57,FALSE,"disruption"
"Phf7","71838","chr14","-",31237689,31251317,31025800,31233800,"B3-1-13",FALSE,TRUE,"CMZ182,CMZ357",FALSE,"chr14",31107550,31107650,31107600,570,"-",130089,TRUE,FALSE,FALSE,"distant",31251317,143717,FALSE,NA,1054.57,FALSE,"disruption"
"Phf7","71838","chr14","-",31237689,31251317,31025800,31233800,"N3-c-28",FALSE,FALSE,NA,FALSE,"chr14",31126550,31126650,31126600,1916,"-",111089,TRUE,FALSE,FALSE,"distant",31251317,124717,FALSE,NA,915.15,FALSE,"disruption"
"Phf7","71838","chr14","-",31237689,31251317,31025800,31233800,"B3-c-28",FALSE,FALSE,NA,FALSE,"chr14",31126550,31126650,31126600,1075,"-",111089,TRUE,FALSE,FALSE,"distant",31251317,124717,FALSE,NA,915.15,FALSE,"disruption"
"Phf7","71838","chr14","-",31237689,31251317,31025800,31233800,"N3-21",FALSE,FALSE,NA,FALSE,"chr14",31205050,31205150,31205100,2339,"-",32589,TRUE,FALSE,FALSE,"distant",31251317,46217,FALSE,NA,339.13,FALSE,"disruption"
"Phf7","71838","chr14","-",31237689,31251317,31025800,31233800,"N-3-4",FALSE,FALSE,NA,FALSE,"chr14",31205050,31205150,31205100,1477,"-",32589,TRUE,FALSE,FALSE,"distant",31251317,46217,FALSE,NA,339.13,FALSE,"disruption"
"Phf7","71838","chr14","-",31237689,31251317,31025800,31233800,"B3-21",FALSE,FALSE,NA,FALSE,"chr14",31205050,31205150,31205100,36332,"-",32589,TRUE,FALSE,FALSE,"distant",31251317,46217,FALSE,NA,339.13,FALSE,"disruption"
"Phf7","71838","chr14","-",31237689,31251317,31025800,31233800,"B-3-4",FALSE,FALSE,NA,FALSE,"chr14",31205050,31205150,31205100,6340,"-",32589,TRUE,FALSE,FALSE,"distant",31251317,46217,FALSE,NA,339.13,FALSE,"disruption"
"Pih1d2","72614","chr9","+",50617321,50625000,50601500,50618500,"N-A02",FALSE,TRUE,"CMZ181",FALSE,"chr9",50601450,50601550,50601500,14707,"-",15821,TRUE,FALSE,FALSE,"distant",50617321,-15821,FALSE,NA,-206.03,FALSE,"disruption"
"Pih1d2","72614","chr9","+",50617321,50625000,50601500,50618500,"B-A02",FALSE,TRUE,"CMZ181",FALSE,"chr9",50601450,50601550,50601500,1036,"-",15821,TRUE,FALSE,FALSE,"distant",50617321,-15821,FALSE,NA,-206.03,FALSE,"disruption"
"Pih1d2","72614","chr9","+",50617321,50625000,50601500,50618500,"B3-1",FALSE,FALSE,NA,FALSE,"chr9",50606450,50606550,50606500,2546,"-",10821,TRUE,FALSE,FALSE,"distant",50617321,-10821,FALSE,NA,-140.92,FALSE,"disruption"
"Pih1d2","72614","chr9","+",50617321,50625000,50601500,50618500,"N3-c-14",FALSE,FALSE,NA,FALSE,"chr9",50608350,50608450,50608400,1086,"+",8921,TRUE,FALSE,TRUE,"distant",50617321,-8921,FALSE,NA,-116.17,FALSE,"disruption"
"Pih1d2","72614","chr9","+",50617321,50625000,50601500,50618500,"N-B07",TRUE,TRUE,"CMZ107",FALSE,"chr9",50616050,50616150,50616100,7912,"-",1221,FALSE,FALSE,FALSE,"intronic_opposite",50617321,-1221,FALSE,NA,-15.9,FALSE,"disruption"
"Plcg1","18803","chr2","+",160731300,160775760,160702100,160719100,"B3-14",FALSE,FALSE,NA,FALSE,"chr2",160702050,160702150,160702100,2959,"+",29200,TRUE,FALSE,TRUE,"distant",160731300,-29200,FALSE,NA,-65.68,FALSE,"disruption"
"Plcg1","18803","chr2","+",160731300,160775760,160702100,160719100,"N3-14",FALSE,FALSE,NA,FALSE,"chr2",160702050,160702150,160702100,863,"+",29200,TRUE,FALSE,TRUE,"distant",160731300,-29200,FALSE,NA,-65.68,FALSE,"disruption"
"Plcg1","18803","chr2","+",160731300,160775760,160702100,160719100,"N3-14",FALSE,FALSE,NA,FALSE,"chr2",160703750,160703850,160703800,2936,"+",27500,TRUE,FALSE,TRUE,"distant",160731300,-27500,FALSE,NA,-61.85,FALSE,"disruption"
"Plcg1","18803","chr2","+",160731300,160775760,160702100,160719100,"N-A08",TRUE,FALSE,NA,FALSE,"chr2",160706850,160706950,160706900,1289,"+",24400,TRUE,FALSE,TRUE,"distant",160731300,-24400,FALSE,NA,-54.88,FALSE,"disruption"
"Plcg1","18803","chr2","+",160731300,160775760,160702100,160719100,"B-A04",FALSE,TRUE,"CMZ101",FALSE,"chr2",160710450,160710550,160710500,19230,"+",20800,TRUE,FALSE,TRUE,"distant",160731300,-20800,FALSE,NA,-46.78,FALSE,"disruption"
"Plcg1","18803","chr2","+",160731300,160775760,160702100,160719100,"N-A04",FALSE,TRUE,"CMZ101",FALSE,"chr2",160710450,160710550,160710500,3418,"+",20800,TRUE,FALSE,TRUE,"distant",160731300,-20800,FALSE,NA,-46.78,FALSE,"disruption"
"Plcg1","18803","chr2","+",160731300,160775760,160702100,160719100,"B3-2-2",TRUE,FALSE,NA,FALSE,"chr2",160714950,160715050,160715000,11936,"+",16300,TRUE,FALSE,TRUE,"distant",160731300,-16300,FALSE,NA,-36.66,FALSE,"disruption"
"Plcg1","18803","chr2","+",160731300,160775760,160702100,160719100,"N3-2-2",TRUE,FALSE,NA,FALSE,"chr2",160714950,160715050,160715000,5308,"+",16300,TRUE,FALSE,TRUE,"distant",160731300,-16300,FALSE,NA,-36.66,FALSE,"disruption"
"Plcg1","18803","chr2","+",160731300,160775760,160702100,160719100,"B3-2-2",TRUE,FALSE,NA,FALSE,"chr2",160717350,160717450,160717400,987,"+",13900,TRUE,FALSE,TRUE,"distant",160731300,-13900,FALSE,NA,-31.26,FALSE,"disruption"
"Pmpca","66865","chr2","+",26389339,26397122,26388200,26497200,"B3-3",FALSE,FALSE,NA,FALSE,"chr2",26388150,26388250,26388200,942,"+",1139,FALSE,FALSE,TRUE,"intronic_same",26389339,-1139,TRUE,NA,-14.63,FALSE,"activation"
"Pmpca","66865","chr2","+",26389339,26397122,26388200,26497200,"N3-1-13",FALSE,TRUE,"CMZ182,CMZ357",FALSE,"chr2",26405350,26405450,26405400,868,"-",8278,TRUE,FALSE,FALSE,"distant",26389339,16061,FALSE,NA,206.36,FALSE,"disruption"
"Pmpca","66865","chr2","+",26389339,26397122,26388200,26497200,"B-A07",FALSE,TRUE,"CMZ182,CMZ357",FALSE,"chr2",26405350,26405450,26405400,2119,"-",8278,TRUE,FALSE,FALSE,"distant",26389339,16061,FALSE,NA,206.36,FALSE,"disruption"
"Pmpca","66865","chr2","+",26389339,26397122,26388200,26497200,"N-3-4",FALSE,FALSE,NA,FALSE,"chr2",26417050,26417150,26417100,9676,"-",19978,TRUE,FALSE,FALSE,"distant",26389339,27761,FALSE,NA,356.69,FALSE,"disruption"
"Pmpca","66865","chr2","+",26389339,26397122,26388200,26497200,"N3-21",FALSE,FALSE,NA,FALSE,"chr2",26417050,26417150,26417100,15269,"-",19978,TRUE,FALSE,FALSE,"distant",26389339,27761,FALSE,NA,356.69,FALSE,"disruption"
"Pmpca","66865","chr2","+",26389339,26397122,26388200,26497200,"B-3-4",FALSE,FALSE,NA,FALSE,"chr2",26417050,26417150,26417100,1436,"-",19978,TRUE,FALSE,FALSE,"distant",26389339,27761,FALSE,NA,356.69,FALSE,"disruption"
"Pmpca","66865","chr2","+",26389339,26397122,26388200,26497200,"B3-21",FALSE,FALSE,NA,FALSE,"chr2",26417050,26417150,26417100,5738,"-",19978,TRUE,FALSE,FALSE,"distant",26389339,27761,FALSE,NA,356.69,FALSE,"disruption"
"Pmpca","66865","chr2","+",26389339,26397122,26388200,26497200,"B-3-1",FALSE,FALSE,NA,FALSE,"chr2",26432550,26432650,26432600,3379,"+",35478,TRUE,FALSE,TRUE,"distant",26389339,43261,FALSE,NA,555.84,FALSE,"disruption"
"Pmpca","66865","chr2","+",26389339,26397122,26388200,26497200,"N-3-1",FALSE,FALSE,NA,FALSE,"chr2",26432550,26432650,26432600,4899,"+",35478,TRUE,FALSE,TRUE,"distant",26389339,43261,FALSE,NA,555.84,FALSE,"disruption"
"Pmpca","66865","chr2","+",26389339,26397122,26388200,26497200,"B3-5",FALSE,FALSE,NA,FALSE,"chr2",26459250,26459350,26459300,564,"+",62178,TRUE,FALSE,TRUE,"distant",26389339,69961,FALSE,NA,898.9,FALSE,"disruption"
"Pmpca","66865","chr2","+",26389339,26397122,26388200,26497200,"N-A04",FALSE,TRUE,"CMZ101",FALSE,"chr2",26461050,26461150,26461100,866,"+",63978,TRUE,FALSE,TRUE,"distant",26389339,71761,FALSE,NA,922.02,FALSE,"disruption"
"Pmpca","66865","chr2","+",26389339,26397122,26388200,26497200,"B-3-1",FALSE,FALSE,NA,FALSE,"chr2",26462650,26462750,26462700,181,"+",65578,TRUE,FALSE,TRUE,"distant",26389339,73361,FALSE,NA,942.58,FALSE,"disruption"
"Pmpca","66865","chr2","+",26389339,26397122,26388200,26497200,"N-3-1",FALSE,FALSE,NA,FALSE,"chr2",26462650,26462750,26462700,819,"+",65578,TRUE,FALSE,TRUE,"distant",26389339,73361,FALSE,NA,942.58,FALSE,"disruption"
"Pmpca","66865","chr2","+",26389339,26397122,26388200,26497200,"B-1-10",FALSE,FALSE,NA,FALSE,"chr2",26481550,26481650,26481600,87,"+",84478,TRUE,FALSE,TRUE,"distant",26389339,92261,FALSE,NA,1185.42,FALSE,"disruption"
"Pnpt1","71701","chr11","+",29130744,29161828,29174600,29213600,"N3-19",FALSE,FALSE,NA,FALSE,"chr11",29174550,29174650,29174600,3641,"-",12772,TRUE,FALSE,FALSE,"distant",29130744,43856,FALSE,NA,141.09,FALSE,"disruption"
"Pnpt1","71701","chr11","+",29130744,29161828,29174600,29213600,"B3-19",FALSE,FALSE,NA,FALSE,"chr11",29174550,29174650,29174600,7640,"-",12772,TRUE,FALSE,FALSE,"distant",29130744,43856,FALSE,NA,141.09,FALSE,"disruption"
"Pnpt1","71701","chr11","+",29130744,29161828,29174600,29213600,"N-2-12",FALSE,TRUE,"CMZ354",FALSE,"chr11",29175550,29175650,29175600,3148,"-",13772,TRUE,FALSE,FALSE,"distant",29130744,44856,FALSE,NA,144.31,FALSE,"disruption"
"Pnpt1","71701","chr11","+",29130744,29161828,29174600,29213600,"B-2-21",FALSE,TRUE,"CMZ353",FALSE,"chr11",29181850,29181950,29181900,969,"+",20072,TRUE,FALSE,TRUE,"distant",29130744,51156,FALSE,NA,164.57,FALSE,"disruption"
"Pnpt1","71701","chr11","+",29130744,29161828,29174600,29213600,"B-1-4",FALSE,FALSE,NA,FALSE,"chr11",29184450,29184550,29184500,20,"-",22672,TRUE,FALSE,FALSE,"distant",29130744,53756,FALSE,NA,172.94,FALSE,"disruption"
"Pnpt1","71701","chr11","+",29130744,29161828,29174600,29213600,"B3-7",FALSE,FALSE,NA,FALSE,"chr11",29190650,29190750,29190700,483,"-",28872,TRUE,FALSE,FALSE,"distant",29130744,59956,FALSE,NA,192.88,FALSE,"disruption"
"Pnpt1","71701","chr11","+",29130744,29161828,29174600,29213600,"B3-2",FALSE,FALSE,NA,FALSE,"chr11",29195950,29196050,29196000,527,"+",34172,TRUE,FALSE,TRUE,"distant",29130744,65256,FALSE,NA,209.93,FALSE,"disruption"
"Pnpt1","71701","chr11","+",29130744,29161828,29174600,29213600,"N3-2",FALSE,FALSE,NA,FALSE,"chr11",29195950,29196050,29196000,1581,"+",34172,TRUE,FALSE,TRUE,"distant",29130744,65256,FALSE,NA,209.93,FALSE,"disruption"
"Pnpt1","71701","chr11","+",29130744,29161828,29174600,29213600,"B3-c-28",FALSE,FALSE,NA,FALSE,"chr11",29206150,29206250,29206200,1162,"+",44372,TRUE,FALSE,TRUE,"distant",29130744,75456,FALSE,NA,242.75,FALSE,"disruption"
"Poldip3","73826","chr15","-",83125976,83149384,83130800,83147800,"N3-1-5",TRUE,TRUE,"CMZ108",FALSE,"chr15",83130750,83130850,83130800,1524,"-",0,FALSE,FALSE,FALSE,"intronic_opposite",83149384,18584,FALSE,17,79.39,FALSE,"disruption"
"Poldip3","73826","chr15","-",83125976,83149384,83130800,83147800,"N-1-10",FALSE,FALSE,NA,FALSE,"chr15",83138650,83138750,83138700,86,"-",0,FALSE,FALSE,FALSE,"intronic_opposite",83149384,10684,FALSE,5,45.64,FALSE,"disruption"
"Poldip3","73826","chr15","-",83125976,83149384,83130800,83147800,"N-B02",TRUE,FALSE,NA,FALSE,"chr15",83141450,83141550,83141500,900,"-",0,FALSE,FALSE,FALSE,"intronic_opposite",83149384,7884,FALSE,5,33.68,FALSE,"disruption"
"Poldip3","73826","chr15","-",83125976,83149384,83130800,83147800,"B3-21",FALSE,FALSE,NA,FALSE,"chr15",83144050,83144150,83144100,3692,"+",0,FALSE,FALSE,TRUE,"intronic_same",83149384,5284,FALSE,5,22.57,FALSE,"disruption"
"Poldip3","73826","chr15","-",83125976,83149384,83130800,83147800,"N3-21",FALSE,FALSE,NA,FALSE,"chr15",83144050,83144150,83144100,2799,"+",0,FALSE,FALSE,TRUE,"intronic_same",83149384,5284,FALSE,5,22.57,FALSE,"disruption"
"Poldip3","73826","chr15","-",83125976,83149384,83130800,83147800,"N-1-10",FALSE,FALSE,NA,FALSE,"chr15",83144550,83144650,83144600,61,"-",0,FALSE,FALSE,FALSE,"intronic_opposite",83149384,4784,FALSE,5,20.44,FALSE,"disruption"
"Ppm1a","19042","chr12","+",72757455,72799819,72777700,72794700,"N-B07",TRUE,TRUE,"CMZ107",FALSE,"chr12",72777650,72777750,72777700,34323,"+",0,FALSE,FALSE,TRUE,"intronic_same",72757455,20245,FALSE,4,47.79,FALSE,"disruption"
"Ppm1a","19042","chr12","+",72757455,72799819,72777700,72794700,"N3-1-2",TRUE,TRUE,"CMZ107",FALSE,"chr12",72777650,72777750,72777700,22767,"+",0,FALSE,FALSE,TRUE,"intronic_same",72757455,20245,FALSE,4,47.79,FALSE,"disruption"
"Ppm1a","19042","chr12","+",72757455,72799819,72777700,72794700,"N3-2-22",TRUE,TRUE,"CMZ347",FALSE,"chr12",72777950,72778050,72778000,3258,"+",0,FALSE,FALSE,TRUE,"intronic_same",72757455,20545,FALSE,4,48.5,FALSE,"disruption"
"Ppm1a","19042","chr12","+",72757455,72799819,72777700,72794700,"N-B03",FALSE,TRUE,"CMZ183",FALSE,"chr12",72791150,72791250,72791200,6145,"-",0,FALSE,FALSE,FALSE,"intronic_opposite",72757455,33745,FALSE,13,79.65,FALSE,"disruption"
"Ppm1a","19042","chr12","+",72757455,72799819,72777700,72794700,"B-A05",FALSE,TRUE,"CMZ109",FALSE,"chr12",72794150,72794250,72794200,1969,"-",0,FALSE,TRUE,FALSE,"exonic_opposite",72757455,36745,FALSE,NA,86.74,FALSE,"disruption"
"Ppm1m","67905","chr9","-",106194947,106199746,106175100,106192100,"B-B10",FALSE,FALSE,NA,FALSE,"chr9",106175050,106175150,106175100,30553,"+",19847,TRUE,FALSE,TRUE,"distant",106199746,24646,FALSE,NA,513.57,FALSE,"disruption"
"Ppm1m","67905","chr9","-",106194947,106199746,106175100,106192100,"B-2-21",FALSE,TRUE,"CMZ353",FALSE,"chr9",106179950,106180050,106180000,1142,"+",14947,TRUE,FALSE,TRUE,"distant",106199746,19746,FALSE,NA,411.46,FALSE,"disruption"
"Ppm1m","67905","chr9","-",106194947,106199746,106175100,106192100,"B-2-25",FALSE,TRUE,"CMZ349",FALSE,"chr9",106181550,106181650,106181600,2755,"+",13347,TRUE,FALSE,TRUE,"distant",106199746,18146,FALSE,NA,378.12,FALSE,"disruption"
"Ppm1m","67905","chr9","-",106194947,106199746,106175100,106192100,"N3-7",FALSE,FALSE,NA,FALSE,"chr9",106182150,106182250,106182200,1121,"-",12747,TRUE,FALSE,FALSE,"distant",106199746,17546,FALSE,NA,365.62,FALSE,"disruption"
"Ppp1r12a","17931","chr10","+",108162193,108284475,108173700,108212700,"N-B04",TRUE,TRUE,"CMZ108",FALSE,"chr10",108173650,108173750,108173700,2793,"+",0,FALSE,FALSE,TRUE,"intronic_same",108162193,11507,FALSE,2,9.41,TRUE,"activation"
"Ppp1r12a","17931","chr10","+",108162193,108284475,108173700,108212700,"N-A04",FALSE,TRUE,"CMZ101",FALSE,"chr10",108173650,108173750,108173700,3979,"+",0,FALSE,FALSE,TRUE,"intronic_same",108162193,11507,FALSE,2,9.41,TRUE,"activation"
"Ppp1r12a","17931","chr10","+",108162193,108284475,108173700,108212700,"N3-1-5",TRUE,TRUE,"CMZ108",FALSE,"chr10",108173650,108173750,108173700,4378,"+",0,FALSE,FALSE,TRUE,"intronic_same",108162193,11507,FALSE,2,9.41,TRUE,"activation"
"Ppp1r12a","17931","chr10","+",108162193,108284475,108173700,108212700,"N3-1-15",TRUE,TRUE,"CMZ111,CMZ356",FALSE,"chr10",108174850,108174950,108174900,5703,"+",0,FALSE,FALSE,TRUE,"intronic_same",108162193,12707,FALSE,2,10.39,TRUE,"activation"
"Ppp1r12a","17931","chr10","+",108162193,108284475,108173700,108212700,"N-A03",TRUE,TRUE,"CMZ111,CMZ356",FALSE,"chr10",108174850,108174950,108174900,14069,"+",0,FALSE,FALSE,TRUE,"intronic_same",108162193,12707,FALSE,2,10.39,TRUE,"activation"
"Ppp1r12a","17931","chr10","+",108162193,108284475,108173700,108212700,"B3-2-22",TRUE,TRUE,"CMZ347",FALSE,"chr10",108187650,108187750,108187700,1930,"-",0,FALSE,FALSE,FALSE,"intronic_opposite",108162193,25507,FALSE,2,20.86,FALSE,"disruption"
"Ppp1r12a","17931","chr10","+",108162193,108284475,108173700,108212700,"B-B10",FALSE,FALSE,NA,FALSE,"chr10",108195650,108195750,108195700,1939,"+",0,FALSE,FALSE,TRUE,"intronic_same",108162193,33507,FALSE,2,27.4,TRUE,"activation"
"Ppp1r12a","17931","chr10","+",108162193,108284475,108173700,108212700,"N3-5",FALSE,FALSE,NA,FALSE,"chr10",108208750,108208850,108208800,1983,"+",0,FALSE,FALSE,TRUE,"intronic_same",108162193,46607,FALSE,3,38.11,TRUE,"activation"
"Ppp1r12a","17931","chr10","+",108162193,108284475,108173700,108212700,"N-A08",TRUE,FALSE,NA,FALSE,"chr10",108208850,108208950,108208900,1723,"-",0,FALSE,FALSE,FALSE,"intronic_opposite",108162193,46707,FALSE,3,38.2,FALSE,"disruption"
"Ppp1r12a","17931","chr10","+",108162193,108284475,108173700,108212700,"N-A03",TRUE,TRUE,"CMZ111,CMZ356",FALSE,"chr10",108208850,108208950,108208900,2019,"-",0,FALSE,FALSE,FALSE,"intronic_opposite",108162193,46707,FALSE,3,38.2,FALSE,"disruption"
"Ppp1r12a","17931","chr10","+",108162193,108284475,108173700,108212700,"B-A03",TRUE,TRUE,"CMZ111,CMZ356",FALSE,"chr10",108208850,108208950,108208900,3208,"-",0,FALSE,FALSE,FALSE,"intronic_opposite",108162193,46707,FALSE,3,38.2,FALSE,"disruption"
"Ppp2r2a","71978","chr14","-",67014056,67072444,67004500,67043500,"N3-9",FALSE,FALSE,NA,FALSE,"chr14",67004450,67004550,67004500,3642,"-",9556,TRUE,FALSE,FALSE,"distant",67072444,67944,FALSE,NA,116.37,FALSE,"disruption"
"Ppp2r2a","71978","chr14","-",67014056,67072444,67004500,67043500,"B3-9",FALSE,FALSE,NA,FALSE,"chr14",67004450,67004550,67004500,6240,"-",9556,TRUE,FALSE,FALSE,"distant",67072444,67944,FALSE,NA,116.37,FALSE,"disruption"
"Ppp2r2a","71978","chr14","-",67014056,67072444,67004500,67043500,"N3-1-13",FALSE,TRUE,"CMZ182,CMZ357",FALSE,"chr14",67020450,67020550,67020500,1129,"-",0,FALSE,FALSE,FALSE,"intronic_opposite",67072444,51944,FALSE,15,88.96,FALSE,"disruption"
"Ppp2r2a","71978","chr14","-",67014056,67072444,67004500,67043500,"B-B02",TRUE,FALSE,NA,FALSE,"chr14",67024750,67024850,67024800,3953,"-",0,FALSE,FALSE,FALSE,"intronic_opposite",67072444,47644,FALSE,9,81.6,FALSE,"disruption"
"Ppp2r2a","71978","chr14","-",67014056,67072444,67004500,67043500,"N3-7",FALSE,FALSE,NA,FALSE,"chr14",67032950,67033050,67033000,2489,"+",0,FALSE,FALSE,TRUE,"intronic_same",67072444,39444,FALSE,8,67.55,FALSE,"disruption"
"Ppp2r2a","71978","chr14","-",67014056,67072444,67004500,67043500,"N3-8",FALSE,FALSE,NA,FALSE,"chr14",67039550,67039650,67039600,10330,"-",0,FALSE,FALSE,FALSE,"intronic_opposite",67072444,32844,FALSE,6,56.25,FALSE,"disruption"
"Ppp2r2a","71978","chr14","-",67014056,67072444,67004500,67043500,"N3-11",FALSE,FALSE,NA,FALSE,"chr14",67039550,67039650,67039600,2635,"-",0,FALSE,FALSE,FALSE,"intronic_opposite",67072444,32844,FALSE,6,56.25,FALSE,"disruption"
"Ppp2r2a","71978","chr14","-",67014056,67072444,67004500,67043500,"B3-8",FALSE,FALSE,NA,FALSE,"chr14",67039550,67039650,67039600,16433,"-",0,FALSE,FALSE,FALSE,"intronic_opposite",67072444,32844,FALSE,6,56.25,FALSE,"disruption"
"Ppp2r2a","71978","chr14","-",67014056,67072444,67004500,67043500,"B3-11",FALSE,FALSE,NA,FALSE,"chr14",67039550,67039650,67039600,14520,"-",0,FALSE,FALSE,FALSE,"intronic_opposite",67072444,32844,FALSE,6,56.25,FALSE,"disruption"
"Ppp6r3","52036","chr19","-",3454928,3575749,3460500,3569500,"N3-c-9",FALSE,FALSE,NA,FALSE,"chr19",3460450,3460550,3460500,6472,"-",0,FALSE,FALSE,FALSE,"intronic_opposite",3575749,115249,FALSE,40,95.39,FALSE,"disruption"
"Ppp6r3","52036","chr19","-",3454928,3575749,3460500,3569500,"B3-5",FALSE,FALSE,NA,FALSE,"chr19",3472650,3472750,3472700,186,"+",0,FALSE,FALSE,TRUE,"intronic_same",3575749,103049,FALSE,32,85.29,FALSE,"disruption"
"Ppp6r3","52036","chr19","-",3454928,3575749,3460500,3569500,"N-B10",FALSE,FALSE,NA,FALSE,"chr19",3484050,3484150,3484100,255,"-",0,FALSE,TRUE,FALSE,"exonic_opposite",3575749,91649,FALSE,NA,75.86,FALSE,"disruption"
"Ppp6r3","52036","chr19","-",3454928,3575749,3460500,3569500,"N-B05",FALSE,FALSE,NA,FALSE,"chr19",3484350,3484450,3484400,8396,"+",0,FALSE,TRUE,TRUE,"exonic_same",3575749,91349,FALSE,NA,75.61,FALSE,"disruption"
"Ppp6r3","52036","chr19","-",3454928,3575749,3460500,3569500,"N3-12",FALSE,FALSE,NA,FALSE,"chr19",3485450,3485550,3485500,2390,"-",0,FALSE,TRUE,FALSE,"exonic_opposite",3575749,90249,FALSE,NA,74.7,FALSE,"disruption"
"Ppp6r3","52036","chr19","-",3454928,3575749,3460500,3569500,"N-A10",FALSE,TRUE,"CMZ184",FALSE,"chr19",3485450,3485550,3485500,385,"+",0,FALSE,TRUE,TRUE,"exonic_same",3575749,90249,FALSE,NA,74.7,FALSE,"disruption"
"Ppp6r3","52036","chr19","-",3454928,3575749,3460500,3569500,"B-A10",FALSE,TRUE,"CMZ184",FALSE,"chr19",3502150,3502250,3502200,1560,"+",0,FALSE,FALSE,TRUE,"intronic_same",3575749,73549,FALSE,18,60.87,FALSE,"disruption"
"Ppp6r3","52036","chr19","-",3454928,3575749,3460500,3569500,"B-B03",FALSE,TRUE,"CMZ183",FALSE,"chr19",3515750,3515850,3515800,1659,"-",0,FALSE,FALSE,FALSE,"intronic_opposite",3575749,59949,FALSE,14,49.62,FALSE,"disruption"
"Ppp6r3","52036","chr19","-",3454928,3575749,3460500,3569500,"B3-c-9",FALSE,FALSE,NA,FALSE,"chr19",3521250,3521350,3521300,1036,"+",0,FALSE,FALSE,TRUE,"intronic_same",3575749,54449,FALSE,13,45.07,FALSE,"disruption"
"Ppp6r3","52036","chr19","-",3454928,3575749,3460500,3569500,"N3-16",FALSE,FALSE,NA,FALSE,"chr19",3522450,3522550,3522500,711,"-",0,FALSE,FALSE,FALSE,"intronic_opposite",3575749,53249,FALSE,11,44.07,FALSE,"disruption"
"Ppp6r3","52036","chr19","-",3454928,3575749,3460500,3569500,"B-1-10",FALSE,FALSE,NA,FALSE,"chr19",3523550,3523650,3523600,29,"+",0,FALSE,FALSE,TRUE,"intronic_same",3575749,52149,FALSE,11,43.16,FALSE,"disruption"
"Ppp6r3","52036","chr19","-",3454928,3575749,3460500,3569500,"N-2-21",FALSE,TRUE,"CMZ353",FALSE,"chr19",3530150,3530250,3530200,137,"-",0,FALSE,FALSE,FALSE,"intronic_opposite",3575749,45549,FALSE,7,37.7,FALSE,"disruption"
"Ppp6r3","52036","chr19","-",3454928,3575749,3460500,3569500,"B-1-4",FALSE,FALSE,NA,FALSE,"chr19",3530350,3530450,3530400,19,"-",0,FALSE,FALSE,FALSE,"intronic_opposite",3575749,45349,FALSE,7,37.53,FALSE,"disruption"
"Ppp6r3","52036","chr19","-",3454928,3575749,3460500,3569500,"B-A08",TRUE,FALSE,NA,FALSE,"chr19",3532350,3532450,3532400,2757,"+",0,FALSE,FALSE,TRUE,"intronic_same",3575749,43349,FALSE,7,35.88,FALSE,"disruption"
"Ppp6r3","52036","chr19","-",3454928,3575749,3460500,3569500,"B-2-23",FALSE,FALSE,NA,FALSE,"chr19",3568650,3568750,3568700,339,"+",0,FALSE,FALSE,TRUE,"intronic_same",3575749,7049,FALSE,6,5.83,TRUE,"activation"
"Prkci","18759","chr3","+",30995747,31052959,31013600,31122600,"N-A05",FALSE,TRUE,"CMZ109",FALSE,"chr3",31013550,31013650,31013600,1400,"+",0,FALSE,FALSE,TRUE,"intronic_same",30995747,17853,FALSE,2,31.2,TRUE,"activation"
"Prkci","18759","chr3","+",30995747,31052959,31013600,31122600,"N3-15",FALSE,FALSE,NA,FALSE,"chr3",31021650,31021750,31021700,810,"+",0,FALSE,FALSE,TRUE,"intronic_same",30995747,25953,FALSE,3,45.36,TRUE,"activation"
"Prkci","18759","chr3","+",30995747,31052959,31013600,31122600,"B-1-4",FALSE,FALSE,NA,FALSE,"chr3",31039850,31039950,31039900,14,"+",0,FALSE,TRUE,TRUE,"exonic_same",30995747,44153,FALSE,NA,77.17,FALSE,"disruption"
"Prkci","18759","chr3","+",30995747,31052959,31013600,31122600,"B3-6",TRUE,FALSE,NA,FALSE,"chr3",31088250,31088350,31088300,18480,"+",35341,TRUE,FALSE,TRUE,"distant",30995747,92553,FALSE,NA,161.77,FALSE,"disruption"
"Prkci","18759","chr3","+",30995747,31052959,31013600,31122600,"N3-6",TRUE,FALSE,NA,FALSE,"chr3",31088250,31088350,31088300,7206,"+",35341,TRUE,FALSE,TRUE,"distant",30995747,92553,FALSE,NA,161.77,FALSE,"disruption"
"Prkci","18759","chr3","+",30995747,31052959,31013600,31122600,"N3-6",TRUE,FALSE,NA,FALSE,"chr3",31091950,31092050,31092000,800,"+",39041,TRUE,FALSE,TRUE,"distant",30995747,96253,FALSE,NA,168.24,FALSE,"disruption"
"Prkci","18759","chr3","+",30995747,31052959,31013600,31122600,"N-2-21",FALSE,TRUE,"CMZ353",FALSE,"chr3",31104350,31104450,31104400,112,"+",51441,TRUE,FALSE,TRUE,"distant",30995747,108653,FALSE,NA,189.91,FALSE,"disruption"
"Prkci","18759","chr3","+",30995747,31052959,31013600,31122600,"B-A04",FALSE,TRUE,"CMZ101",FALSE,"chr3",31108950,31109050,31109000,8353,"+",56041,TRUE,FALSE,TRUE,"distant",30995747,113253,FALSE,NA,197.95,FALSE,"disruption"
"Prkci","18759","chr3","+",30995747,31052959,31013600,31122600,"N-A04",FALSE,TRUE,"CMZ101",FALSE,"chr3",31108950,31109050,31109000,16274,"+",56041,TRUE,FALSE,TRUE,"distant",30995747,113253,FALSE,NA,197.95,FALSE,"disruption"
"Prob1","381148","chr18","-",35650351,35655238,35556000,35823000,"N3-c-28",FALSE,FALSE,NA,FALSE,"chr18",35555950,35556050,35556000,1789,"-",94351,TRUE,FALSE,FALSE,"distant",35655238,99238,FALSE,NA,2030.65,FALSE,"disruption"
"Prob1","381148","chr18","-",35650351,35655238,35556000,35823000,"B3-7",FALSE,FALSE,NA,FALSE,"chr18",35569650,35569750,35569700,1193,"+",80651,TRUE,FALSE,TRUE,"distant",35655238,85538,FALSE,NA,1750.32,FALSE,"disruption"
"Prob1","381148","chr18","-",35650351,35655238,35556000,35823000,"B-A10",FALSE,TRUE,"CMZ184",FALSE,"chr18",35571650,35571750,35571700,4917,"+",78651,TRUE,FALSE,TRUE,"distant",35655238,83538,FALSE,NA,1709.39,FALSE,"disruption"
"Prob1","381148","chr18","-",35650351,35655238,35556000,35823000,"N-A10",FALSE,TRUE,"CMZ184",FALSE,"chr18",35571650,35571750,35571700,1946,"+",78651,TRUE,FALSE,TRUE,"distant",35655238,83538,FALSE,NA,1709.39,FALSE,"disruption"
"Prob1","381148","chr18","-",35650351,35655238,35556000,35823000,"B-A01",TRUE,TRUE,"CMZ110,CMZ355",FALSE,"chr18",35576150,35576250,35576200,3214,"+",74151,TRUE,FALSE,TRUE,"distant",35655238,79038,FALSE,NA,1617.31,FALSE,"disruption"
"Prob1","381148","chr18","-",35650351,35655238,35556000,35823000,"N-A01",TRUE,TRUE,"CMZ110,CMZ355",FALSE,"chr18",35576150,35576250,35576200,8152,"+",74151,TRUE,FALSE,TRUE,"distant",35655238,79038,FALSE,NA,1617.31,FALSE,"disruption"
"Prob1","381148","chr18","-",35650351,35655238,35556000,35823000,"B3-c-10",TRUE,FALSE,NA,FALSE,"chr18",35577350,35577450,35577400,1648,"+",72951,TRUE,FALSE,TRUE,"distant",35655238,77838,FALSE,NA,1592.76,FALSE,"disruption"
"Prob1","381148","chr18","-",35650351,35655238,35556000,35823000,"N-1-4",FALSE,FALSE,NA,FALSE,"chr18",35603650,35603750,35603700,198,"+",46651,TRUE,FALSE,TRUE,"distant",35655238,51538,FALSE,NA,1054.59,FALSE,"disruption"
"Prob1","381148","chr18","-",35650351,35655238,35556000,35823000,"N-B03",FALSE,TRUE,"CMZ183",FALSE,"chr18",35612050,35612150,35612100,3638,"+",38251,TRUE,FALSE,TRUE,"distant",35655238,43138,FALSE,NA,882.71,FALSE,"disruption"
"Prob1","381148","chr18","-",35650351,35655238,35556000,35823000,"N3-2-7",TRUE,FALSE,NA,FALSE,"chr18",35788950,35789050,35789000,1160,"-",133762,TRUE,FALSE,FALSE,"distant",35655238,-133762,FALSE,NA,-2737.1,FALSE,"disruption"
"Prob1","381148","chr18","-",35650351,35655238,35556000,35823000,"B3-2-7",TRUE,FALSE,NA,FALSE,"chr18",35788950,35789050,35789000,1029,"-",133762,TRUE,FALSE,FALSE,"distant",35655238,-133762,FALSE,NA,-2737.1,FALSE,"disruption"
"Prob1","381148","chr18","-",35650351,35655238,35556000,35823000,"B3-1",FALSE,FALSE,NA,FALSE,"chr18",35798350,35798450,35798400,809,"+",143162,TRUE,FALSE,TRUE,"distant",35655238,-143162,FALSE,NA,-2929.45,FALSE,"disruption"
"Prob1","381148","chr18","-",35650351,35655238,35556000,35823000,"B3-5",FALSE,FALSE,NA,FALSE,"chr18",35798850,35798950,35798900,201,"+",143662,TRUE,FALSE,TRUE,"distant",35655238,-143662,FALSE,NA,-2939.68,FALSE,"disruption"
"Prob1","381148","chr18","-",35650351,35655238,35556000,35823000,"N-A08",TRUE,FALSE,NA,FALSE,"chr18",35800950,35801050,35801000,958,"-",145762,TRUE,FALSE,FALSE,"distant",35655238,-145762,FALSE,NA,-2982.65,FALSE,"disruption"
"Prob1","381148","chr18","-",35650351,35655238,35556000,35823000,"N-B11",TRUE,TRUE,"CMZ105",FALSE,"chr18",35800950,35801050,35801000,23874,"-",145762,TRUE,FALSE,FALSE,"distant",35655238,-145762,FALSE,NA,-2982.65,FALSE,"disruption"
"Prob1","381148","chr18","-",35650351,35655238,35556000,35823000,"B3-5",FALSE,FALSE,NA,FALSE,"chr18",35808550,35808650,35808600,197,"-",153362,TRUE,FALSE,FALSE,"distant",35655238,-153362,FALSE,NA,-3138.16,FALSE,"disruption"
"Prr13","66151","chr15","+",102459028,102462806,102474800,102513800,"B-2-25",FALSE,TRUE,"CMZ349",FALSE,"chr15",102474750,102474850,102474800,3498,"+",11994,TRUE,FALSE,TRUE,"distant",102459028,15772,FALSE,NA,417.47,FALSE,"disruption"
"Prr13","66151","chr15","+",102459028,102462806,102474800,102513800,"N-2-25",FALSE,TRUE,"CMZ349",FALSE,"chr15",102474750,102474850,102474800,8013,"+",11994,TRUE,FALSE,TRUE,"distant",102459028,15772,FALSE,NA,417.47,FALSE,"disruption"
"Prr13","66151","chr15","+",102459028,102462806,102474800,102513800,"N3-19",FALSE,FALSE,NA,FALSE,"chr15",102474950,102475050,102475000,11983,"-",12194,TRUE,FALSE,FALSE,"distant",102459028,15972,FALSE,NA,422.76,FALSE,"disruption"
"Prr13","66151","chr15","+",102459028,102462806,102474800,102513800,"B3-19",FALSE,FALSE,NA,FALSE,"chr15",102474950,102475050,102475000,6526,"-",12194,TRUE,FALSE,FALSE,"distant",102459028,15972,FALSE,NA,422.76,FALSE,"disruption"
"Prr13","66151","chr15","+",102459028,102462806,102474800,102513800,"B3-c-9",FALSE,FALSE,NA,FALSE,"chr15",102496550,102496650,102496600,1521,"+",33794,TRUE,FALSE,TRUE,"distant",102459028,37572,FALSE,NA,994.49,FALSE,"disruption"
"Prr13","66151","chr15","+",102459028,102462806,102474800,102513800,"B-A08",TRUE,FALSE,NA,FALSE,"chr15",102499950,102500050,102500000,4169,"-",37194,TRUE,FALSE,FALSE,"distant",102459028,40972,FALSE,NA,1084.49,FALSE,"disruption"
"Prr13","66151","chr15","+",102459028,102462806,102474800,102513800,"B3-5",FALSE,FALSE,NA,FALSE,"chr15",102502250,102502350,102502300,339,"+",39494,TRUE,FALSE,TRUE,"distant",102459028,43272,FALSE,NA,1145.37,FALSE,"disruption"
"Prtg","235472","chr9","+",72806874,72917291,72493300,72794300,"N3-c-9",FALSE,FALSE,NA,FALSE,"chr9",72493250,72493350,72493300,4619,"-",313574,TRUE,FALSE,FALSE,"distant",72806874,-313574,FALSE,NA,-283.99,FALSE,"disruption"
"Prtg","235472","chr9","+",72806874,72917291,72493300,72794300,"N3-1-13",FALSE,TRUE,"CMZ182,CMZ357",FALSE,"chr9",72515850,72515950,72515900,798,"-",290974,TRUE,FALSE,FALSE,"distant",72806874,-290974,FALSE,NA,-263.52,FALSE,"disruption"
"Prtg","235472","chr9","+",72806874,72917291,72493300,72794300,"B-A05",FALSE,TRUE,"CMZ109",FALSE,"chr9",72538850,72538950,72538900,884,"+",267974,TRUE,FALSE,TRUE,"distant",72806874,-267974,FALSE,NA,-242.69,FALSE,"disruption"
"Prtg","235472","chr9","+",72806874,72917291,72493300,72794300,"N-B03",FALSE,TRUE,"CMZ183",FALSE,"chr9",72539550,72539650,72539600,13904,"-",267274,TRUE,FALSE,FALSE,"distant",72806874,-267274,FALSE,NA,-242.06,FALSE,"disruption"
"Prtg","235472","chr9","+",72806874,72917291,72493300,72794300,"N-B10",FALSE,FALSE,NA,FALSE,"chr9",72574550,72574650,72574600,272,"+",232274,TRUE,FALSE,TRUE,"distant",72806874,-232274,FALSE,NA,-210.36,FALSE,"disruption"
"Prtg","235472","chr9","+",72806874,72917291,72493300,72794300,"N3-11",FALSE,FALSE,NA,FALSE,"chr9",72576250,72576350,72576300,2320,"-",230574,TRUE,FALSE,FALSE,"distant",72806874,-230574,FALSE,NA,-208.82,FALSE,"disruption"
"Prtg","235472","chr9","+",72806874,72917291,72493300,72794300,"N3-8",FALSE,FALSE,NA,FALSE,"chr9",72576250,72576350,72576300,3696,"-",230574,TRUE,FALSE,FALSE,"distant",72806874,-230574,FALSE,NA,-208.82,FALSE,"disruption"
"Prtg","235472","chr9","+",72806874,72917291,72493300,72794300,"B3-2-36",TRUE,FALSE,NA,FALSE,"chr9",72670450,72670550,72670500,4400,"+",136374,TRUE,FALSE,TRUE,"distant",72806874,-136374,FALSE,NA,-123.51,FALSE,"disruption"
"Prtg","235472","chr9","+",72806874,72917291,72493300,72794300,"N3-2-36",TRUE,FALSE,NA,FALSE,"chr9",72670450,72670550,72670500,5087,"+",136374,TRUE,FALSE,TRUE,"distant",72806874,-136374,FALSE,NA,-123.51,FALSE,"disruption"
"Prtg","235472","chr9","+",72806874,72917291,72493300,72794300,"N-B02",TRUE,FALSE,NA,FALSE,"chr9",72705650,72705750,72705700,397,"+",101174,TRUE,FALSE,TRUE,"distant",72806874,-101174,FALSE,NA,-91.63,FALSE,"disruption"
"Prtg","235472","chr9","+",72806874,72917291,72493300,72794300,"B3-5",FALSE,FALSE,NA,FALSE,"chr9",72708950,72709050,72709000,313,"-",97874,TRUE,FALSE,FALSE,"distant",72806874,-97874,FALSE,NA,-88.64,FALSE,"disruption"
"Prtg","235472","chr9","+",72806874,72917291,72493300,72794300,"B3-3",FALSE,FALSE,NA,FALSE,"chr9",72728950,72729050,72729000,1718,"+",77874,TRUE,FALSE,TRUE,"distant",72806874,-77874,FALSE,NA,-70.53,FALSE,"disruption"
"Prtg","235472","chr9","+",72806874,72917291,72493300,72794300,"N-A08",TRUE,FALSE,NA,FALSE,"chr9",72732250,72732350,72732300,1129,"-",74574,TRUE,FALSE,FALSE,"distant",72806874,-74574,FALSE,NA,-67.54,FALSE,"disruption"
"Prtg","235472","chr9","+",72806874,72917291,72493300,72794300,"B3-c-10",TRUE,FALSE,NA,FALSE,"chr9",72763450,72763550,72763500,1410,"+",43374,TRUE,FALSE,TRUE,"distant",72806874,-43374,FALSE,NA,-39.28,FALSE,"disruption"
"Psma3","19167","chr12","+",70974621,70996347,70979600,71018600,"N-B02",TRUE,FALSE,NA,FALSE,"chr12",70979550,70979650,70979600,342,"-",0,FALSE,TRUE,FALSE,"exonic_opposite",70974621,4979,FALSE,NA,22.92,FALSE,"disruption"
"Psma3","19167","chr12","+",70974621,70996347,70979600,71018600,"B-1-10",FALSE,FALSE,NA,FALSE,"chr12",70981150,70981250,70981200,66,"-",0,FALSE,FALSE,FALSE,"intronic_opposite",70974621,6579,FALSE,10,30.28,FALSE,"disruption"
"Psma3","19167","chr12","+",70974621,70996347,70979600,71018600,"B-A03",TRUE,TRUE,"CMZ111,CMZ356",FALSE,"chr12",70986150,70986250,70986200,3986,"-",0,FALSE,FALSE,FALSE,"intronic_opposite",70974621,11579,FALSE,16,53.3,FALSE,"disruption"
"Psma3","19167","chr12","+",70974621,70996347,70979600,71018600,"N-A08",TRUE,FALSE,NA,FALSE,"chr12",71011250,71011350,71011300,7724,"-",14953,TRUE,FALSE,FALSE,"distant",70974621,36679,FALSE,NA,168.83,FALSE,"disruption"
"Psma3","19167","chr12","+",70974621,70996347,70979600,71018600,"B-A08",TRUE,FALSE,NA,FALSE,"chr12",71011250,71011350,71011300,19579,"-",14953,TRUE,FALSE,FALSE,"distant",70974621,36679,FALSE,NA,168.83,FALSE,"disruption"
"Psma3","19167","chr12","+",70974621,70996347,70979600,71018600,"N-A08",TRUE,FALSE,NA,FALSE,"chr12",71013550,71013650,71013600,1263,"-",17253,TRUE,FALSE,FALSE,"distant",70974621,38979,FALSE,NA,179.41,FALSE,"disruption"
"Psmb2","26445","chr4","+",126677630,126709714,126678700,126695700,"N-B08",TRUE,TRUE,"CMZ106",FALSE,"chr4",126678650,126678750,126678700,1151,"-",0,FALSE,FALSE,FALSE,"intronic_opposite",126677630,1070,FALSE,3,3.33,FALSE,"disruption"
"Psmb2","26445","chr4","+",126677630,126709714,126678700,126695700,"B-B08",TRUE,TRUE,"CMZ106",FALSE,"chr4",126678650,126678750,126678700,211,"-",0,FALSE,FALSE,FALSE,"intronic_opposite",126677630,1070,FALSE,3,3.33,FALSE,"disruption"
"Psmb2","26445","chr4","+",126677630,126709714,126678700,126695700,"B3-9",FALSE,FALSE,NA,FALSE,"chr4",126682950,126683050,126683000,7967,"+",0,FALSE,FALSE,TRUE,"intronic_same",126677630,5370,FALSE,3,16.74,TRUE,"activation"
"Psmb2","26445","chr4","+",126677630,126709714,126678700,126695700,"N3-9",FALSE,FALSE,NA,FALSE,"chr4",126682950,126683050,126683000,2621,"+",0,FALSE,FALSE,TRUE,"intronic_same",126677630,5370,FALSE,3,16.74,TRUE,"activation"
"Psmb2","26445","chr4","+",126677630,126709714,126678700,126695700,"N-1-2",TRUE,TRUE,"CMZ346",FALSE,"chr4",126688550,126688650,126688600,385,"-",0,FALSE,FALSE,FALSE,"intronic_opposite",126677630,10970,FALSE,6,34.19,FALSE,"disruption"
"Psmb2","26445","chr4","+",126677630,126709714,126678700,126695700,"B-1-2",TRUE,TRUE,"CMZ346",FALSE,"chr4",126688550,126688650,126688600,1289,"-",0,FALSE,FALSE,FALSE,"intronic_opposite",126677630,10970,FALSE,6,34.19,FALSE,"disruption"
"Psmb2","26445","chr4","+",126677630,126709714,126678700,126695700,"B-3-4",FALSE,FALSE,NA,FALSE,"chr4",126690950,126691050,126691000,822,"+",0,FALSE,FALSE,TRUE,"intronic_same",126677630,13370,FALSE,6,41.67,FALSE,"disruption"
"Psmb2","26445","chr4","+",126677630,126709714,126678700,126695700,"N-3-4",FALSE,FALSE,NA,FALSE,"chr4",126690950,126691050,126691000,1763,"+",0,FALSE,FALSE,TRUE,"intronic_same",126677630,13370,FALSE,6,41.67,FALSE,"disruption"
"Psmc3","19182","chr2","+",91054009,91066369,90849600,91057600,"N-B02",TRUE,FALSE,NA,FALSE,"chr2",90849550,90849650,90849600,252,"+",204409,TRUE,FALSE,TRUE,"distant",91054009,-204409,FALSE,NA,-1653.79,FALSE,"disruption"
"Psmc3","19182","chr2","+",91054009,91066369,90849600,91057600,"N-A12",FALSE,FALSE,NA,FALSE,"chr2",90912250,90912350,90912300,7302,"-",141709,TRUE,FALSE,FALSE,"distant",91054009,-141709,FALSE,NA,-1146.51,FALSE,"disruption"
"Psmc3","19182","chr2","+",91054009,91066369,90849600,91057600,"B-A12",FALSE,FALSE,NA,FALSE,"chr2",90912250,90912350,90912300,1089,"-",141709,TRUE,FALSE,FALSE,"distant",91054009,-141709,FALSE,NA,-1146.51,FALSE,"disruption"
"Psmc3","19182","chr2","+",91054009,91066369,90849600,91057600,"B-2-14",FALSE,FALSE,NA,FALSE,"chr2",90948950,90949050,90949000,20008,"+",105009,TRUE,FALSE,TRUE,"distant",91054009,-105009,FALSE,NA,-849.59,FALSE,"disruption"
"Psmc3","19182","chr2","+",91054009,91066369,90849600,91057600,"N-2-14",FALSE,FALSE,NA,FALSE,"chr2",90948950,90949050,90949000,22948,"+",105009,TRUE,FALSE,TRUE,"distant",91054009,-105009,FALSE,NA,-849.59,FALSE,"disruption"
"Psmc3","19182","chr2","+",91054009,91066369,90849600,91057600,"N-2-21",FALSE,TRUE,"CMZ353",FALSE,"chr2",90963850,90963950,90963900,135,"+",90109,TRUE,FALSE,TRUE,"distant",91054009,-90109,FALSE,NA,-729.04,FALSE,"disruption"
"Psmc3","19182","chr2","+",91054009,91066369,90849600,91057600,"N-B02",TRUE,FALSE,NA,FALSE,"chr2",90968650,90968750,90968700,367,"+",85309,TRUE,FALSE,TRUE,"distant",91054009,-85309,FALSE,NA,-690.2,FALSE,"disruption"
"Psmc3","19182","chr2","+",91054009,91066369,90849600,91057600,"B-B03",FALSE,TRUE,"CMZ183",FALSE,"chr2",90980050,90980150,90980100,1005,"+",73909,TRUE,FALSE,TRUE,"distant",91054009,-73909,FALSE,NA,-597.97,FALSE,"disruption"
"Psmc3","19182","chr2","+",91054009,91066369,90849600,91057600,"B3-c-9",FALSE,FALSE,NA,FALSE,"chr2",91004550,91004650,91004600,1493,"+",49409,TRUE,FALSE,TRUE,"distant",91054009,-49409,FALSE,NA,-399.75,FALSE,"disruption"
"Psmc3","19182","chr2","+",91054009,91066369,90849600,91057600,"N-B02",TRUE,FALSE,NA,FALSE,"chr2",91010850,91010950,91010900,623,"+",43109,TRUE,FALSE,TRUE,"distant",91054009,-43109,FALSE,NA,-348.78,FALSE,"disruption"
"Psmc3","19182","chr2","+",91054009,91066369,90849600,91057600,"N3-2-36",TRUE,FALSE,NA,FALSE,"chr2",91010950,91011050,91011000,5012,"-",43009,TRUE,FALSE,FALSE,"distant",91054009,-43009,FALSE,NA,-347.97,FALSE,"disruption"
"Psmc3","19182","chr2","+",91054009,91066369,90849600,91057600,"B3-c-32",TRUE,FALSE,NA,FALSE,"chr2",91010950,91011050,91011000,11908,"-",43009,TRUE,FALSE,FALSE,"distant",91054009,-43009,FALSE,NA,-347.97,FALSE,"disruption"
"Psmc3","19182","chr2","+",91054009,91066369,90849600,91057600,"B3-2-36",TRUE,FALSE,NA,FALSE,"chr2",91010950,91011050,91011000,9677,"-",43009,TRUE,FALSE,FALSE,"distant",91054009,-43009,FALSE,NA,-347.97,FALSE,"disruption"
"Psmc3","19182","chr2","+",91054009,91066369,90849600,91057600,"N3-2-36",TRUE,FALSE,NA,FALSE,"chr2",91013750,91013850,91013800,2667,"-",40209,TRUE,FALSE,FALSE,"distant",91054009,-40209,FALSE,NA,-325.32,FALSE,"disruption"
"Psmc3","19182","chr2","+",91054009,91066369,90849600,91057600,"B3-2-36",TRUE,FALSE,NA,FALSE,"chr2",91013750,91013850,91013800,1995,"-",40209,TRUE,FALSE,FALSE,"distant",91054009,-40209,FALSE,NA,-325.32,FALSE,"disruption"
"Ptbp3","230257","chr4","-",59471868,59549364,59526600,59543600,"N-A07",FALSE,TRUE,"CMZ182,CMZ357",FALSE,"chr4",59526550,59526650,59526600,165,"+",0,FALSE,FALSE,TRUE,"intronic_same",59549364,22764,FALSE,12,29.37,FALSE,"disruption"
"Ptbp3","230257","chr4","-",59471868,59549364,59526600,59543600,"N-A07",FALSE,TRUE,"CMZ182,CMZ357",FALSE,"chr4",59526950,59527050,59527000,303,"+",0,FALSE,FALSE,TRUE,"intronic_same",59549364,22364,FALSE,12,28.86,FALSE,"disruption"
"Ptbp3","230257","chr4","-",59471868,59549364,59526600,59543600,"N-1-4",FALSE,FALSE,NA,FALSE,"chr4",59531350,59531450,59531400,37,"-",0,FALSE,FALSE,FALSE,"intronic_opposite",59549364,17964,FALSE,12,23.18,FALSE,"disruption"
"Ptbp3","230257","chr4","-",59471868,59549364,59526600,59543600,"N3-c-14",FALSE,FALSE,NA,FALSE,"chr4",59532850,59532950,59532900,1320,"+",0,FALSE,FALSE,TRUE,"intronic_same",59549364,16464,FALSE,12,21.24,FALSE,"disruption"
"Ptbp3","230257","chr4","-",59471868,59549364,59526600,59543600,"N-A02",FALSE,TRUE,"CMZ181",FALSE,"chr4",59537150,59537250,59537200,2506,"+",0,FALSE,FALSE,TRUE,"intronic_same",59549364,12164,FALSE,12,15.7,TRUE,"activation"
"Ptk2","14083","chr15","-",73205102,73423280,73154100,73193100,"N3-3",FALSE,FALSE,NA,FALSE,"chr15",73154050,73154150,73154100,3436,"-",51002,TRUE,FALSE,FALSE,"distant",73423280,269180,FALSE,NA,123.38,FALSE,"disruption"
"Ptk2","14083","chr15","-",73205102,73423280,73154100,73193100,"B3-3",FALSE,FALSE,NA,FALSE,"chr15",73154050,73154150,73154100,34033,"-",51002,TRUE,FALSE,FALSE,"distant",73423280,269180,FALSE,NA,123.38,FALSE,"disruption"
"Ptk2","14083","chr15","-",73205102,73423280,73154100,73193100,"N3-1",FALSE,FALSE,NA,FALSE,"chr15",73155450,73155550,73155500,9986,"-",49602,TRUE,FALSE,FALSE,"distant",73423280,267780,FALSE,NA,122.73,FALSE,"disruption"
"Ptk2","14083","chr15","-",73205102,73423280,73154100,73193100,"N3-13",FALSE,FALSE,NA,FALSE,"chr15",73155450,73155550,73155500,7147,"-",49602,TRUE,FALSE,FALSE,"distant",73423280,267780,FALSE,NA,122.73,FALSE,"disruption"
"Ptk2","14083","chr15","-",73205102,73423280,73154100,73193100,"N3-10",FALSE,FALSE,NA,FALSE,"chr15",73155450,73155550,73155500,14020,"-",49602,TRUE,FALSE,FALSE,"distant",73423280,267780,FALSE,NA,122.73,FALSE,"disruption"
"Ptk2","14083","chr15","-",73205102,73423280,73154100,73193100,"B3-10",FALSE,FALSE,NA,FALSE,"chr15",73155450,73155550,73155500,3434,"-",49602,TRUE,FALSE,FALSE,"distant",73423280,267780,FALSE,NA,122.73,FALSE,"disruption"
"Ptk2","14083","chr15","-",73205102,73423280,73154100,73193100,"B3-1",FALSE,FALSE,NA,FALSE,"chr15",73155450,73155550,73155500,1496,"-",49602,TRUE,FALSE,FALSE,"distant",73423280,267780,FALSE,NA,122.73,FALSE,"disruption"
"Ptk2","14083","chr15","-",73205102,73423280,73154100,73193100,"B3-13",FALSE,FALSE,NA,FALSE,"chr15",73155450,73155550,73155500,2749,"-",49602,TRUE,FALSE,FALSE,"distant",73423280,267780,FALSE,NA,122.73,FALSE,"disruption"
"Ptk2","14083","chr15","-",73205102,73423280,73154100,73193100,"B-1-6",FALSE,TRUE,"CMZ350",FALSE,"chr15",73155550,73155650,73155600,887,"+",49502,TRUE,FALSE,TRUE,"distant",73423280,267680,FALSE,NA,122.69,FALSE,"disruption"
"Ptk2","14083","chr15","-",73205102,73423280,73154100,73193100,"N-1-6",FALSE,TRUE,"CMZ350",FALSE,"chr15",73155550,73155650,73155600,1167,"+",49502,TRUE,FALSE,TRUE,"distant",73423280,267680,FALSE,NA,122.69,FALSE,"disruption"
"Ptk2","14083","chr15","-",73205102,73423280,73154100,73193100,"B3-19",FALSE,FALSE,NA,FALSE,"chr15",73172450,73172550,73172500,864,"-",32602,TRUE,FALSE,FALSE,"distant",73423280,250780,FALSE,NA,114.94,FALSE,"disruption"
"Ptk2","14083","chr15","-",73205102,73423280,73154100,73193100,"N3-19",FALSE,FALSE,NA,FALSE,"chr15",73173250,73173350,73173300,11888,"-",31802,TRUE,FALSE,FALSE,"distant",73423280,249980,FALSE,NA,114.58,FALSE,"disruption"
"Ptk2","14083","chr15","-",73205102,73423280,73154100,73193100,"B-A08",TRUE,FALSE,NA,FALSE,"chr15",73173250,73173350,73173300,5758,"+",31802,TRUE,FALSE,TRUE,"distant",73423280,249980,FALSE,NA,114.58,FALSE,"disruption"
"Ptk2","14083","chr15","-",73205102,73423280,73154100,73193100,"B3-19",FALSE,FALSE,NA,FALSE,"chr15",73173250,73173350,73173300,11638,"-",31802,TRUE,FALSE,FALSE,"distant",73423280,249980,FALSE,NA,114.58,FALSE,"disruption"
"Ptk2","14083","chr15","-",73205102,73423280,73154100,73193100,"N-A08",TRUE,FALSE,NA,FALSE,"chr15",73173250,73173350,73173300,3651,"+",31802,TRUE,FALSE,TRUE,"distant",73423280,249980,FALSE,NA,114.58,FALSE,"disruption"
"Ptk2","14083","chr15","-",73205102,73423280,73154100,73193100,"N-A08",TRUE,FALSE,NA,FALSE,"chr15",73173650,73173750,73173700,2178,"-",31402,TRUE,FALSE,FALSE,"distant",73423280,249580,FALSE,NA,114.39,FALSE,"disruption"
"Ptpmt1","66461","chr2","-",90908716,90918258,90849600,91057600,"N-B02",TRUE,FALSE,NA,FALSE,"chr2",90849550,90849650,90849600,252,"+",59116,TRUE,FALSE,TRUE,"distant",90918258,68658,FALSE,NA,719.53,FALSE,"disruption"
"Ptpmt1","66461","chr2","-",90908716,90918258,90849600,91057600,"N-A12",FALSE,FALSE,NA,FALSE,"chr2",90912250,90912350,90912300,7302,"-",0,FALSE,FALSE,FALSE,"intronic_opposite",90918258,5958,FALSE,12,62.44,FALSE,"disruption"
"Ptpmt1","66461","chr2","-",90908716,90918258,90849600,91057600,"B-A12",FALSE,FALSE,NA,FALSE,"chr2",90912250,90912350,90912300,1089,"-",0,FALSE,FALSE,FALSE,"intronic_opposite",90918258,5958,FALSE,12,62.44,FALSE,"disruption"
"Ptpmt1","66461","chr2","-",90908716,90918258,90849600,91057600,"B-2-14",FALSE,FALSE,NA,FALSE,"chr2",90948950,90949050,90949000,20008,"+",30742,TRUE,FALSE,TRUE,"distant",90918258,-30742,FALSE,NA,-322.18,FALSE,"disruption"
"Ptpmt1","66461","chr2","-",90908716,90918258,90849600,91057600,"N-2-14",FALSE,FALSE,NA,FALSE,"chr2",90948950,90949050,90949000,22948,"+",30742,TRUE,FALSE,TRUE,"distant",90918258,-30742,FALSE,NA,-322.18,FALSE,"disruption"
"Ptpmt1","66461","chr2","-",90908716,90918258,90849600,91057600,"N-2-21",FALSE,TRUE,"CMZ353",FALSE,"chr2",90963850,90963950,90963900,135,"+",45642,TRUE,FALSE,TRUE,"distant",90918258,-45642,FALSE,NA,-478.33,FALSE,"disruption"
"Ptpmt1","66461","chr2","-",90908716,90918258,90849600,91057600,"N-B02",TRUE,FALSE,NA,FALSE,"chr2",90968650,90968750,90968700,367,"+",50442,TRUE,FALSE,TRUE,"distant",90918258,-50442,FALSE,NA,-528.63,FALSE,"disruption"
"Ptpmt1","66461","chr2","-",90908716,90918258,90849600,91057600,"B-B03",FALSE,TRUE,"CMZ183",FALSE,"chr2",90980050,90980150,90980100,1005,"+",61842,TRUE,FALSE,TRUE,"distant",90918258,-61842,FALSE,NA,-648.1,FALSE,"disruption"
"Ptpmt1","66461","chr2","-",90908716,90918258,90849600,91057600,"B3-c-9",FALSE,FALSE,NA,FALSE,"chr2",91004550,91004650,91004600,1493,"+",86342,TRUE,FALSE,TRUE,"distant",90918258,-86342,FALSE,NA,-904.86,FALSE,"disruption"
"Ptpmt1","66461","chr2","-",90908716,90918258,90849600,91057600,"N-B02",TRUE,FALSE,NA,FALSE,"chr2",91010850,91010950,91010900,623,"+",92642,TRUE,FALSE,TRUE,"distant",90918258,-92642,FALSE,NA,-970.89,FALSE,"disruption"
"Ptpmt1","66461","chr2","-",90908716,90918258,90849600,91057600,"N3-2-36",TRUE,FALSE,NA,FALSE,"chr2",91010950,91011050,91011000,5012,"-",92742,TRUE,FALSE,FALSE,"distant",90918258,-92742,FALSE,NA,-971.93,FALSE,"disruption"
"Ptpmt1","66461","chr2","-",90908716,90918258,90849600,91057600,"B3-c-32",TRUE,FALSE,NA,FALSE,"chr2",91010950,91011050,91011000,11908,"-",92742,TRUE,FALSE,FALSE,"distant",90918258,-92742,FALSE,NA,-971.93,FALSE,"disruption"
"Ptpmt1","66461","chr2","-",90908716,90918258,90849600,91057600,"B3-2-36",TRUE,FALSE,NA,FALSE,"chr2",91010950,91011050,91011000,9677,"-",92742,TRUE,FALSE,FALSE,"distant",90918258,-92742,FALSE,NA,-971.93,FALSE,"disruption"
"Ptpmt1","66461","chr2","-",90908716,90918258,90849600,91057600,"N3-2-36",TRUE,FALSE,NA,FALSE,"chr2",91013750,91013850,91013800,2667,"-",95542,TRUE,FALSE,FALSE,"distant",90918258,-95542,FALSE,NA,-1001.28,FALSE,"disruption"
"Ptpmt1","66461","chr2","-",90908716,90918258,90849600,91057600,"B3-2-36",TRUE,FALSE,NA,FALSE,"chr2",91013750,91013850,91013800,1995,"-",95542,TRUE,FALSE,FALSE,"distant",90918258,-95542,FALSE,NA,-1001.28,FALSE,"disruption"
"Ptrh2","217057","chr11","+",86683985,86692457,86693000,86763000,"B-2-25",FALSE,TRUE,"CMZ349",FALSE,"chr11",86692950,86693050,86693000,25018,"+",543,FALSE,FALSE,TRUE,"intronic_same",86683985,9015,FALSE,NA,106.41,FALSE,"disruption"
"Ptrh2","217057","chr11","+",86683985,86692457,86693000,86763000,"N-1-7",FALSE,FALSE,NA,FALSE,"chr11",86711250,86711350,86711300,104,"+",18843,TRUE,FALSE,TRUE,"distant",86683985,27315,FALSE,NA,322.42,FALSE,"disruption"
"Ptrh2","217057","chr11","+",86683985,86692457,86693000,86763000,"B3-3",FALSE,FALSE,NA,FALSE,"chr11",86728950,86729050,86729000,1305,"+",36543,TRUE,FALSE,TRUE,"distant",86683985,45015,FALSE,NA,531.34,FALSE,"disruption"
"Ptrh2","217057","chr11","+",86683985,86692457,86693000,86763000,"B-A04",FALSE,TRUE,"CMZ101",FALSE,"chr11",86735650,86735750,86735700,21263,"+",43243,TRUE,FALSE,TRUE,"distant",86683985,51715,FALSE,NA,610.42,FALSE,"disruption"
"Ptrh2","217057","chr11","+",86683985,86692457,86693000,86763000,"N-A04",FALSE,TRUE,"CMZ101",FALSE,"chr11",86735650,86735750,86735700,2360,"+",43243,TRUE,FALSE,TRUE,"distant",86683985,51715,FALSE,NA,610.42,FALSE,"disruption"
"Ptrh2","217057","chr11","+",86683985,86692457,86693000,86763000,"B-2-26",TRUE,TRUE,"CMZ347",FALSE,"chr11",86739250,86739350,86739300,1961,"-",46843,TRUE,FALSE,FALSE,"distant",86683985,55315,FALSE,NA,652.92,FALSE,"disruption"
"Ptrh2","217057","chr11","+",86683985,86692457,86693000,86763000,"N3-4",FALSE,FALSE,NA,FALSE,"chr11",86743450,86743550,86743500,2372,"-",51043,TRUE,FALSE,FALSE,"distant",86683985,59515,FALSE,NA,702.49,FALSE,"disruption"
"Ptrh2","217057","chr11","+",86683985,86692457,86693000,86763000,"B3-4",FALSE,FALSE,NA,FALSE,"chr11",86743450,86743550,86743500,7073,"-",51043,TRUE,FALSE,FALSE,"distant",86683985,59515,FALSE,NA,702.49,FALSE,"disruption"
"Ptrh2","217057","chr11","+",86683985,86692457,86693000,86763000,"N-B11",TRUE,TRUE,"CMZ105",FALSE,"chr11",86748350,86748450,86748400,4048,"+",55943,TRUE,FALSE,TRUE,"distant",86683985,64415,FALSE,NA,760.33,FALSE,"disruption"
"Ptrh2","217057","chr11","+",86683985,86692457,86693000,86763000,"B3-c-9",FALSE,FALSE,NA,FALSE,"chr11",86753950,86754050,86754000,1777,"-",61543,TRUE,FALSE,FALSE,"distant",86683985,70015,FALSE,NA,826.43,FALSE,"disruption"
"Pum1","80912","chr4","+",130663321,130781564,130739600,130778600,"B-3-1",FALSE,FALSE,NA,FALSE,"chr4",130739550,130739650,130739600,488,"+",0,FALSE,FALSE,TRUE,"intronic_same",130663321,76279,FALSE,14,64.51,FALSE,"disruption"
"Pum1","80912","chr4","+",130663321,130781564,130739600,130778600,"B3-5",FALSE,FALSE,NA,FALSE,"chr4",130753550,130753650,130753600,266,"+",0,FALSE,FALSE,TRUE,"intronic_same",130663321,90279,FALSE,22,76.35,FALSE,"disruption"
"Pum1","80912","chr4","+",130663321,130781564,130739600,130778600,"N-1-10",FALSE,FALSE,NA,FALSE,"chr4",130761750,130761850,130761800,128,"-",0,FALSE,FALSE,FALSE,"intronic_opposite",130663321,98479,FALSE,23,83.29,FALSE,"disruption"
"Pum1","80912","chr4","+",130663321,130781564,130739600,130778600,"N-B09",TRUE,TRUE,"CMZ104",FALSE,"chr4",130762750,130762850,130762800,9810,"-",0,FALSE,TRUE,FALSE,"exonic_opposite",130663321,99479,FALSE,NA,84.13,FALSE,"disruption"
"Pum1","80912","chr4","+",130663321,130781564,130739600,130778600,"B-B09",TRUE,TRUE,"CMZ104",FALSE,"chr4",130762750,130762850,130762800,19050,"-",0,FALSE,TRUE,FALSE,"exonic_opposite",130663321,99479,FALSE,NA,84.13,FALSE,"disruption"
"Pum1","80912","chr4","+",130663321,130781564,130739600,130778600,"B3-2-22",TRUE,TRUE,"CMZ347",FALSE,"chr4",130772050,130772150,130772100,13522,"+",0,FALSE,FALSE,TRUE,"intronic_same",130663321,108779,FALSE,29,92,FALSE,"disruption"
"Pum1","80912","chr4","+",130663321,130781564,130739600,130778600,"N3-2-22",TRUE,TRUE,"CMZ347",FALSE,"chr4",130772050,130772150,130772100,7361,"+",0,FALSE,FALSE,TRUE,"intronic_same",130663321,108779,FALSE,29,92,FALSE,"disruption"
"Pwp2","110816","chr10","-",78170909,78185149,78161400,78369400,"N3-3",FALSE,FALSE,NA,FALSE,"chr10",78161350,78161450,78161400,341,"-",9509,TRUE,FALSE,FALSE,"distant",78185149,23749,FALSE,NA,166.78,FALSE,"disruption"
"Pwp2","110816","chr10","-",78170909,78185149,78161400,78369400,"N-A01",TRUE,TRUE,"CMZ110,CMZ355",FALSE,"chr10",78190150,78190250,78190200,2122,"-",5051,TRUE,FALSE,FALSE,"distant",78185149,-5051,FALSE,NA,-35.47,FALSE,"disruption"
"Pwp2","110816","chr10","-",78170909,78185149,78161400,78369400,"N3-6",TRUE,FALSE,NA,FALSE,"chr10",78213450,78213550,78213500,701,"-",28351,TRUE,FALSE,FALSE,"distant",78185149,-28351,FALSE,NA,-199.09,FALSE,"disruption"
"Pwp2","110816","chr10","-",78170909,78185149,78161400,78369400,"B-1-4",FALSE,FALSE,NA,FALSE,"chr10",78229550,78229650,78229600,9,"+",44451,TRUE,FALSE,TRUE,"distant",78185149,-44451,FALSE,NA,-312.16,FALSE,"disruption"
"Pwp2","110816","chr10","-",78170909,78185149,78161400,78369400,"B3-c-10",TRUE,FALSE,NA,FALSE,"chr10",78295950,78296050,78296000,4528,"+",110851,TRUE,FALSE,TRUE,"distant",78185149,-110851,FALSE,NA,-778.45,FALSE,"disruption"
"Pwp2","110816","chr10","-",78170909,78185149,78161400,78369400,"N3-c-10",TRUE,FALSE,NA,FALSE,"chr10",78295950,78296050,78296000,2817,"+",110851,TRUE,FALSE,TRUE,"distant",78185149,-110851,FALSE,NA,-778.45,FALSE,"disruption"
"Pwp2","110816","chr10","-",78170909,78185149,78161400,78369400,"N-B03",FALSE,TRUE,"CMZ183",FALSE,"chr10",78323550,78323650,78323600,3678,"-",138451,TRUE,FALSE,FALSE,"distant",78185149,-138451,FALSE,NA,-972.27,FALSE,"disruption"
"Pwp2","110816","chr10","-",78170909,78185149,78161400,78369400,"N-B10",FALSE,FALSE,NA,FALSE,"chr10",78331550,78331650,78331600,261,"+",146451,TRUE,FALSE,TRUE,"distant",78185149,-146451,FALSE,NA,-1028.45,FALSE,"disruption"
"Pwp2","110816","chr10","-",78170909,78185149,78161400,78369400,"N-3-4",FALSE,FALSE,NA,FALSE,"chr10",78347450,78347550,78347500,692,"-",162351,TRUE,FALSE,FALSE,"distant",78185149,-162351,FALSE,NA,-1140.11,FALSE,"disruption"
"Pwp2","110816","chr10","-",78170909,78185149,78161400,78369400,"N-A10",FALSE,TRUE,"CMZ184",FALSE,"chr10",78357150,78357250,78357200,557,"-",172051,TRUE,FALSE,FALSE,"distant",78185149,-172051,FALSE,NA,-1208.22,FALSE,"disruption"
"Qrfp","227717","chr2","-",31806166,31810580,31737400,31807400,"N-A04",FALSE,TRUE,"CMZ101",FALSE,"chr2",31737350,31737450,31737400,763,"-",68766,TRUE,FALSE,FALSE,"distant",31810580,73180,FALSE,NA,1657.91,FALSE,"disruption"
"Qrfp","227717","chr2","-",31806166,31810580,31737400,31807400,"B-A04",FALSE,TRUE,"CMZ101",FALSE,"chr2",31737350,31737450,31737400,6238,"-",68766,TRUE,FALSE,FALSE,"distant",31810580,73180,FALSE,NA,1657.91,FALSE,"disruption"
"Qrfp","227717","chr2","-",31806166,31810580,31737400,31807400,"B3-2-22",TRUE,TRUE,"CMZ347",FALSE,"chr2",31762250,31762350,31762300,956,"+",43866,TRUE,FALSE,TRUE,"distant",31810580,48280,FALSE,NA,1093.79,FALSE,"disruption"
"Qrfp","227717","chr2","-",31806166,31810580,31737400,31807400,"N3-2-22",TRUE,TRUE,"CMZ347",FALSE,"chr2",31762250,31762350,31762300,1755,"+",43866,TRUE,FALSE,TRUE,"distant",31810580,48280,FALSE,NA,1093.79,FALSE,"disruption"
"Qrfp","227717","chr2","-",31806166,31810580,31737400,31807400,"N-B10",FALSE,FALSE,NA,FALSE,"chr2",31765450,31765550,31765500,1338,"-",40666,TRUE,FALSE,FALSE,"distant",31810580,45080,FALSE,NA,1021.3,FALSE,"disruption"
"Qrfp","227717","chr2","-",31806166,31810580,31737400,31807400,"B-B10",FALSE,FALSE,NA,FALSE,"chr2",31765450,31765550,31765500,24499,"-",40666,TRUE,FALSE,FALSE,"distant",31810580,45080,FALSE,NA,1021.3,FALSE,"disruption"
"Qrfp","227717","chr2","-",31806166,31810580,31737400,31807400,"N3-4",FALSE,FALSE,NA,FALSE,"chr2",31786150,31786250,31786200,712,"+",19966,TRUE,FALSE,TRUE,"distant",31810580,24380,FALSE,NA,552.33,FALSE,"disruption"
"Qrfp","227717","chr2","-",31806166,31810580,31737400,31807400,"N-2-12",FALSE,TRUE,"CMZ354",FALSE,"chr2",31789650,31789750,31789700,9252,"-",16466,TRUE,FALSE,FALSE,"distant",31810580,20880,FALSE,NA,473.04,FALSE,"disruption"
"Qrfp","227717","chr2","-",31806166,31810580,31737400,31807400,"B-2-12",FALSE,TRUE,"CMZ354",FALSE,"chr2",31789650,31789750,31789700,4486,"-",16466,TRUE,FALSE,FALSE,"distant",31810580,20880,FALSE,NA,473.04,FALSE,"disruption"
"Qrfp","227717","chr2","-",31806166,31810580,31737400,31807400,"N-B02",TRUE,FALSE,NA,FALSE,"chr2",31801850,31801950,31801900,229,"+",4266,TRUE,FALSE,TRUE,"distant",31810580,8680,FALSE,NA,196.65,FALSE,"disruption"
"Rabgap1","227800","chr2","+",37443279,37566454,37378600,37679600,"B3-14",FALSE,FALSE,NA,FALSE,"chr2",37378550,37378650,37378600,2792,"+",64679,TRUE,FALSE,TRUE,"distant",37443279,-64679,FALSE,NA,-52.51,FALSE,"disruption"
"Rabgap1","227800","chr2","+",37443279,37566454,37378600,37679600,"N3-3",FALSE,FALSE,NA,FALSE,"chr2",37379250,37379350,37379300,265,"+",63979,TRUE,FALSE,TRUE,"distant",37443279,-63979,FALSE,NA,-51.94,FALSE,"disruption"
"Rabgap1","227800","chr2","+",37443279,37566454,37378600,37679600,"N3-1-3",TRUE,TRUE,"CMZ104",FALSE,"chr2",37381450,37381550,37381500,12889,"+",61779,TRUE,FALSE,TRUE,"distant",37443279,-61779,FALSE,NA,-50.16,FALSE,"disruption"
"Rabgap1","227800","chr2","+",37443279,37566454,37378600,37679600,"N3-14",FALSE,FALSE,NA,FALSE,"chr2",37426750,37426850,37426800,448,"-",16479,TRUE,FALSE,FALSE,"distant",37443279,-16479,FALSE,NA,-13.38,FALSE,"disruption"
"Rabgap1","227800","chr2","+",37443279,37566454,37378600,37679600,"B-B08",TRUE,TRUE,"CMZ106",FALSE,"chr2",37442550,37442650,37442600,277,"-",679,FALSE,FALSE,FALSE,"intronic_opposite",37443279,-679,FALSE,NA,-0.55,FALSE,"disruption"
"Rabgap1","227800","chr2","+",37443279,37566454,37378600,37679600,"B-2-23",FALSE,FALSE,NA,FALSE,"chr2",37525950,37526050,37526000,407,"+",0,FALSE,FALSE,TRUE,"intronic_same",37443279,82721,FALSE,24,67.16,FALSE,"disruption"
"Rabgap1","227800","chr2","+",37443279,37566454,37378600,37679600,"N3-5",FALSE,FALSE,NA,FALSE,"chr2",37559950,37560050,37560000,1174,"-",0,FALSE,FALSE,FALSE,"intronic_opposite",37443279,116721,FALSE,33,94.76,FALSE,"disruption"
"Rabgap1","227800","chr2","+",37443279,37566454,37378600,37679600,"N3-6",TRUE,FALSE,NA,FALSE,"chr2",37589050,37589150,37589100,765,"-",22646,TRUE,FALSE,FALSE,"distant",37443279,145821,FALSE,NA,118.39,FALSE,"disruption"
"Rabgap1","227800","chr2","+",37443279,37566454,37378600,37679600,"B3-11",FALSE,FALSE,NA,FALSE,"chr2",37613050,37613150,37613100,1722,"-",46646,TRUE,FALSE,FALSE,"distant",37443279,169821,FALSE,NA,137.87,FALSE,"disruption"
"Rabgap1","227800","chr2","+",37443279,37566454,37378600,37679600,"N3-9",FALSE,FALSE,NA,FALSE,"chr2",37657050,37657150,37657100,4277,"-",90646,TRUE,FALSE,FALSE,"distant",37443279,213821,FALSE,NA,173.59,FALSE,"disruption"
"Rabgap1","227800","chr2","+",37443279,37566454,37378600,37679600,"B3-9",FALSE,FALSE,NA,FALSE,"chr2",37657050,37657150,37657100,5053,"-",90646,TRUE,FALSE,FALSE,"distant",37443279,213821,FALSE,NA,173.59,FALSE,"disruption"
"Rabgap1","227800","chr2","+",37443279,37566454,37378600,37679600,"N-A07",FALSE,TRUE,"CMZ182,CMZ357",FALSE,"chr2",37664750,37664850,37664800,376,"+",98346,TRUE,FALSE,TRUE,"distant",37443279,221521,FALSE,NA,179.84,FALSE,"disruption"
"Rad21","19357","chr15","-",51962240,51991747,51837400,51992400,"N-2-21",FALSE,TRUE,"CMZ353",FALSE,"chr15",51837350,51837450,51837400,118,"-",124840,TRUE,FALSE,FALSE,"distant",51991747,154347,FALSE,NA,523.09,FALSE,"disruption"
"Rad21","19357","chr15","-",51962240,51991747,51837400,51992400,"N-3-1",FALSE,FALSE,NA,FALSE,"chr15",51837850,51837950,51837900,586,"-",124340,TRUE,FALSE,FALSE,"distant",51991747,153847,FALSE,NA,521.39,FALSE,"disruption"
"Rad21","19357","chr15","-",51962240,51991747,51837400,51992400,"B-3-1",FALSE,FALSE,NA,FALSE,"chr15",51837850,51837950,51837900,442,"-",124340,TRUE,FALSE,FALSE,"distant",51991747,153847,FALSE,NA,521.39,FALSE,"disruption"
"Rad21","19357","chr15","-",51962240,51991747,51837400,51992400,"N-2-9",TRUE,TRUE,"CMZ344",FALSE,"chr15",51841950,51842050,51842000,5832,"+",120240,TRUE,FALSE,TRUE,"distant",51991747,149747,FALSE,NA,507.5,FALSE,"disruption"
"Rad21","19357","chr15","-",51962240,51991747,51837400,51992400,"N-B05",FALSE,FALSE,NA,FALSE,"chr15",51852650,51852750,51852700,10606,"-",109540,TRUE,FALSE,FALSE,"distant",51991747,139047,FALSE,NA,471.23,FALSE,"disruption"
"Rad21","19357","chr15","-",51962240,51991747,51837400,51992400,"B-B05",FALSE,FALSE,NA,FALSE,"chr15",51852650,51852750,51852700,11383,"-",109540,TRUE,FALSE,FALSE,"distant",51991747,139047,FALSE,NA,471.23,FALSE,"disruption"
"Rad21","19357","chr15","-",51962240,51991747,51837400,51992400,"B-1-10",FALSE,FALSE,NA,FALSE,"chr15",51968050,51968150,51968100,61,"+",0,FALSE,FALSE,TRUE,"intronic_same",51991747,23647,FALSE,11,80.14,FALSE,"disruption"
"Rad21","19357","chr15","-",51962240,51991747,51837400,51992400,"B-B03",FALSE,TRUE,"CMZ183",FALSE,"chr15",51982850,51982950,51982900,11412,"+",0,FALSE,FALSE,TRUE,"intronic_same",51991747,8847,FALSE,2,29.98,TRUE,"activation"
"Rad21","19357","chr15","-",51962240,51991747,51837400,51992400,"N-B03",FALSE,TRUE,"CMZ183",FALSE,"chr15",51982850,51982950,51982900,35445,"+",0,FALSE,FALSE,TRUE,"intronic_same",51991747,8847,FALSE,2,29.98,TRUE,"activation"
"Rad21","19357","chr15","-",51962240,51991747,51837400,51992400,"N3-3",FALSE,FALSE,NA,FALSE,"chr15",51983450,51983550,51983500,358,"+",0,FALSE,FALSE,TRUE,"intronic_same",51991747,8247,FALSE,2,27.95,TRUE,"activation"
"Rad21","19357","chr15","-",51962240,51991747,51837400,51992400,"B3-9",FALSE,FALSE,NA,FALSE,"chr15",51989350,51989450,51989400,7578,"+",0,FALSE,FALSE,TRUE,"intronic_same",51991747,2347,FALSE,2,7.95,TRUE,"activation"
"Rad21","19357","chr15","-",51962240,51991747,51837400,51992400,"N3-9",FALSE,FALSE,NA,FALSE,"chr15",51989350,51989450,51989400,7140,"+",0,FALSE,FALSE,TRUE,"intronic_same",51991747,2347,FALSE,2,7.95,TRUE,"activation"
"Raly","19383","chr2","+",154791096,154867261,154837100,154876100,"B3-14",FALSE,FALSE,NA,FALSE,"chr2",154837050,154837150,154837100,467,"+",0,FALSE,FALSE,TRUE,"intronic_same",154791096,46004,FALSE,13,60.4,FALSE,"disruption"
"Raly","19383","chr2","+",154791096,154867261,154837100,154876100,"B-B02",TRUE,FALSE,NA,FALSE,"chr2",154850350,154850450,154850400,22798,"-",0,FALSE,FALSE,FALSE,"intronic_opposite",154791096,59304,FALSE,15,77.86,FALSE,"disruption"
"Raly","19383","chr2","+",154791096,154867261,154837100,154876100,"N-A05",FALSE,TRUE,"CMZ109",FALSE,"chr2",154850950,154851050,154851000,723,"-",0,FALSE,FALSE,FALSE,"intronic_opposite",154791096,59904,FALSE,15,78.65,FALSE,"disruption"
"Raly","19383","chr2","+",154791096,154867261,154837100,154876100,"B3-12",FALSE,FALSE,NA,FALSE,"chr2",154852650,154852750,154852700,508,"+",0,FALSE,FALSE,TRUE,"intronic_same",154791096,61604,FALSE,15,80.88,FALSE,"disruption"
"Raly","19383","chr2","+",154791096,154867261,154837100,154876100,"B3-c-10",TRUE,FALSE,NA,FALSE,"chr2",154867850,154867950,154867900,1557,"-",639,FALSE,FALSE,FALSE,"intronic_opposite",154791096,76804,FALSE,NA,100.84,FALSE,"disruption"
"Raly","19383","chr2","+",154791096,154867261,154837100,154876100,"N-A07",FALSE,TRUE,"CMZ182,CMZ357",FALSE,"chr2",154870050,154870150,154870100,3041,"-",2839,TRUE,FALSE,FALSE,"distant",154791096,79004,FALSE,NA,103.73,FALSE,"disruption"
"Raly","19383","chr2","+",154791096,154867261,154837100,154876100,"B-A07",FALSE,TRUE,"CMZ182,CMZ357",FALSE,"chr2",154870050,154870150,154870100,57275,"-",2839,TRUE,FALSE,FALSE,"distant",154791096,79004,FALSE,NA,103.73,FALSE,"disruption"
"Raly","19383","chr2","+",154791096,154867261,154837100,154876100,"B3-2-21",FALSE,FALSE,NA,FALSE,"chr2",154871950,154872050,154872000,774,"+",4739,TRUE,FALSE,TRUE,"distant",154791096,80904,FALSE,NA,106.22,FALSE,"disruption"
"Raly","19383","chr2","+",154791096,154867261,154837100,154876100,"N3-2-21",FALSE,FALSE,NA,FALSE,"chr2",154871950,154872050,154872000,2323,"+",4739,TRUE,FALSE,TRUE,"distant",154791096,80904,FALSE,NA,106.22,FALSE,"disruption"
"Ranbp9","56705","chr13","-",43402675,43481282,43402400,43472400,"B-2-14",FALSE,FALSE,NA,FALSE,"chr13",43402350,43402450,43402400,5081,"+",275,FALSE,FALSE,TRUE,"intronic_same",43481282,78882,FALSE,NA,100.35,FALSE,"disruption"
"Ranbp9","56705","chr13","-",43402675,43481282,43402400,43472400,"N-2-14",FALSE,FALSE,NA,FALSE,"chr13",43402350,43402450,43402400,5915,"+",275,FALSE,FALSE,TRUE,"intronic_same",43481282,78882,FALSE,NA,100.35,FALSE,"disruption"
"Ranbp9","56705","chr13","-",43402675,43481282,43402400,43472400,"B3-19",FALSE,FALSE,NA,FALSE,"chr13",43408450,43408550,43408500,5834,"+",0,FALSE,FALSE,TRUE,"intronic_same",43481282,72782,FALSE,22,92.59,FALSE,"disruption"
"Ranbp9","56705","chr13","-",43402675,43481282,43402400,43472400,"N3-19",FALSE,FALSE,NA,FALSE,"chr13",43408450,43408550,43408500,12713,"+",0,FALSE,FALSE,TRUE,"intronic_same",43481282,72782,FALSE,22,92.59,FALSE,"disruption"
"Ranbp9","56705","chr13","-",43402675,43481282,43402400,43472400,"N-A12",FALSE,FALSE,NA,FALSE,"chr13",43436450,43436550,43436500,2025,"-",0,FALSE,FALSE,FALSE,"intronic_opposite",43481282,44782,FALSE,6,56.97,FALSE,"disruption"
"Ranbp9","56705","chr13","-",43402675,43481282,43402400,43472400,"N-A12",FALSE,FALSE,NA,FALSE,"chr13",43439250,43439350,43439300,12863,"-",0,FALSE,FALSE,FALSE,"intronic_opposite",43481282,41982,FALSE,6,53.41,FALSE,"disruption"
"Ranbp9","56705","chr13","-",43402675,43481282,43402400,43472400,"B-A12",FALSE,FALSE,NA,FALSE,"chr13",43439250,43439350,43439300,1609,"-",0,FALSE,FALSE,FALSE,"intronic_opposite",43481282,41982,FALSE,6,53.41,FALSE,"disruption"
"Ranbp9","56705","chr13","-",43402675,43481282,43402400,43472400,"B3-11",FALSE,FALSE,NA,FALSE,"chr13",43456950,43457050,43457000,9501,"+",0,FALSE,FALSE,TRUE,"intronic_same",43481282,24282,FALSE,6,30.89,FALSE,"disruption"
"Ranbp9","56705","chr13","-",43402675,43481282,43402400,43472400,"B3-8",FALSE,FALSE,NA,FALSE,"chr13",43456950,43457050,43457000,4029,"+",0,FALSE,FALSE,TRUE,"intronic_same",43481282,24282,FALSE,6,30.89,FALSE,"disruption"
"Ranbp9","56705","chr13","-",43402675,43481282,43402400,43472400,"N3-8",FALSE,FALSE,NA,FALSE,"chr13",43456950,43457050,43457000,1264,"+",0,FALSE,FALSE,TRUE,"intronic_same",43481282,24282,FALSE,6,30.89,FALSE,"disruption"
"Ranbp9","56705","chr13","-",43402675,43481282,43402400,43472400,"N3-11",FALSE,FALSE,NA,FALSE,"chr13",43456950,43457050,43457000,4196,"+",0,FALSE,FALSE,TRUE,"intronic_same",43481282,24282,FALSE,6,30.89,FALSE,"disruption"
"Ranbp9","56705","chr13","-",43402675,43481282,43402400,43472400,"N-A03",TRUE,TRUE,"CMZ111,CMZ356",FALSE,"chr13",43459750,43459850,43459800,1573,"-",0,FALSE,FALSE,FALSE,"intronic_opposite",43481282,21482,FALSE,6,27.33,FALSE,"disruption"
"Rapsn","19400","chr2","+",91035620,91045729,90849600,91057600,"N-B02",TRUE,FALSE,NA,FALSE,"chr2",90849550,90849650,90849600,252,"+",186020,TRUE,FALSE,TRUE,"distant",91035620,-186020,FALSE,NA,-1840.14,FALSE,"disruption"
"Rapsn","19400","chr2","+",91035620,91045729,90849600,91057600,"N-A12",FALSE,FALSE,NA,FALSE,"chr2",90912250,90912350,90912300,7302,"-",123320,TRUE,FALSE,FALSE,"distant",91035620,-123320,FALSE,NA,-1219.9,FALSE,"disruption"
"Rapsn","19400","chr2","+",91035620,91045729,90849600,91057600,"B-A12",FALSE,FALSE,NA,FALSE,"chr2",90912250,90912350,90912300,1089,"-",123320,TRUE,FALSE,FALSE,"distant",91035620,-123320,FALSE,NA,-1219.9,FALSE,"disruption"
"Rapsn","19400","chr2","+",91035620,91045729,90849600,91057600,"B-2-14",FALSE,FALSE,NA,FALSE,"chr2",90948950,90949050,90949000,20008,"+",86620,TRUE,FALSE,TRUE,"distant",91035620,-86620,FALSE,NA,-856.86,FALSE,"disruption"
"Rapsn","19400","chr2","+",91035620,91045729,90849600,91057600,"N-2-14",FALSE,FALSE,NA,FALSE,"chr2",90948950,90949050,90949000,22948,"+",86620,TRUE,FALSE,TRUE,"distant",91035620,-86620,FALSE,NA,-856.86,FALSE,"disruption"
"Rapsn","19400","chr2","+",91035620,91045729,90849600,91057600,"N-2-21",FALSE,TRUE,"CMZ353",FALSE,"chr2",90963850,90963950,90963900,135,"+",71720,TRUE,FALSE,TRUE,"distant",91035620,-71720,FALSE,NA,-709.47,FALSE,"disruption"
"Rapsn","19400","chr2","+",91035620,91045729,90849600,91057600,"N-B02",TRUE,FALSE,NA,FALSE,"chr2",90968650,90968750,90968700,367,"+",66920,TRUE,FALSE,TRUE,"distant",91035620,-66920,FALSE,NA,-661.98,FALSE,"disruption"
"Rapsn","19400","chr2","+",91035620,91045729,90849600,91057600,"B-B03",FALSE,TRUE,"CMZ183",FALSE,"chr2",90980050,90980150,90980100,1005,"+",55520,TRUE,FALSE,TRUE,"distant",91035620,-55520,FALSE,NA,-549.21,FALSE,"disruption"
"Rapsn","19400","chr2","+",91035620,91045729,90849600,91057600,"B3-c-9",FALSE,FALSE,NA,FALSE,"chr2",91004550,91004650,91004600,1493,"+",31020,TRUE,FALSE,TRUE,"distant",91035620,-31020,FALSE,NA,-306.86,FALSE,"disruption"
"Rapsn","19400","chr2","+",91035620,91045729,90849600,91057600,"N-B02",TRUE,FALSE,NA,FALSE,"chr2",91010850,91010950,91010900,623,"+",24720,TRUE,FALSE,TRUE,"distant",91035620,-24720,FALSE,NA,-244.53,FALSE,"disruption"
"Rapsn","19400","chr2","+",91035620,91045729,90849600,91057600,"N3-2-36",TRUE,FALSE,NA,FALSE,"chr2",91010950,91011050,91011000,5012,"-",24620,TRUE,FALSE,FALSE,"distant",91035620,-24620,FALSE,NA,-243.55,FALSE,"disruption"
"Rapsn","19400","chr2","+",91035620,91045729,90849600,91057600,"B3-c-32",TRUE,FALSE,NA,FALSE,"chr2",91010950,91011050,91011000,11908,"-",24620,TRUE,FALSE,FALSE,"distant",91035620,-24620,FALSE,NA,-243.55,FALSE,"disruption"
"Rapsn","19400","chr2","+",91035620,91045729,90849600,91057600,"B3-2-36",TRUE,FALSE,NA,FALSE,"chr2",91010950,91011050,91011000,9677,"-",24620,TRUE,FALSE,FALSE,"distant",91035620,-24620,FALSE,NA,-243.55,FALSE,"disruption"
"Rapsn","19400","chr2","+",91035620,91045729,90849600,91057600,"N3-2-36",TRUE,FALSE,NA,FALSE,"chr2",91013750,91013850,91013800,2667,"-",21820,TRUE,FALSE,FALSE,"distant",91035620,-21820,FALSE,NA,-215.85,FALSE,"disruption"
"Rapsn","19400","chr2","+",91035620,91045729,90849600,91057600,"B3-2-36",TRUE,FALSE,NA,FALSE,"chr2",91013750,91013850,91013800,1995,"-",21820,TRUE,FALSE,FALSE,"distant",91035620,-21820,FALSE,NA,-215.85,FALSE,"disruption"
"Rasa1","218397","chr13","-",85214780,85289130,85207300,85277300,"N3-c-10",TRUE,FALSE,NA,FALSE,"chr13",85207250,85207350,85207300,19417,"-",7480,TRUE,FALSE,FALSE,"distant",85289130,81830,FALSE,NA,110.06,FALSE,"disruption"
"Rasa1","218397","chr13","-",85214780,85289130,85207300,85277300,"N3-2",FALSE,FALSE,NA,FALSE,"chr13",85219250,85219350,85219300,6154,"-",0,FALSE,FALSE,FALSE,"intronic_opposite",85289130,69830,FALSE,37,93.92,FALSE,"disruption"
"Rasa1","218397","chr13","-",85214780,85289130,85207300,85277300,"N-B03",FALSE,TRUE,"CMZ183",FALSE,"chr13",85223050,85223150,85223100,16655,"+",0,FALSE,FALSE,TRUE,"intronic_same",85289130,66030,FALSE,33,88.81,FALSE,"disruption"
"Rasa1","218397","chr13","-",85214780,85289130,85207300,85277300,"N-B03",FALSE,TRUE,"CMZ183",FALSE,"chr13",85225950,85226050,85226000,7425,"+",0,FALSE,TRUE,TRUE,"exonic_same",85289130,63130,FALSE,NA,84.91,FALSE,"disruption"
"Rasa1","218397","chr13","-",85214780,85289130,85207300,85277300,"B-B03",FALSE,TRUE,"CMZ183",FALSE,"chr13",85226650,85226750,85226700,5046,"+",0,FALSE,FALSE,TRUE,"intronic_same",85289130,62430,FALSE,26,83.97,FALSE,"disruption"
"Rasa1","218397","chr13","-",85214780,85289130,85207300,85277300,"N-B03",FALSE,TRUE,"CMZ183",FALSE,"chr13",85226650,85226750,85226700,5595,"+",0,FALSE,FALSE,TRUE,"intronic_same",85289130,62430,FALSE,26,83.97,FALSE,"disruption"
"Rasa1","218397","chr13","-",85214780,85289130,85207300,85277300,"N-1-10",FALSE,FALSE,NA,FALSE,"chr13",85231150,85231250,85231200,60,"+",0,FALSE,FALSE,TRUE,"intronic_same",85289130,57930,FALSE,16,77.92,FALSE,"disruption"
"Rasa1","218397","chr13","-",85214780,85289130,85207300,85277300,"B3-15",FALSE,FALSE,NA,FALSE,"chr13",85252950,85253050,85253000,19234,"+",0,FALSE,FALSE,TRUE,"intronic_same",85289130,36130,FALSE,5,48.59,FALSE,"disruption"
"Rasa1","218397","chr13","-",85214780,85289130,85207300,85277300,"N3-15",FALSE,FALSE,NA,FALSE,"chr13",85252950,85253050,85253000,9320,"+",0,FALSE,FALSE,TRUE,"intronic_same",85289130,36130,FALSE,5,48.59,FALSE,"disruption"
"Rasa1","218397","chr13","-",85214780,85289130,85207300,85277300,"N-A05",FALSE,TRUE,"CMZ109",FALSE,"chr13",85255750,85255850,85255800,2430,"-",0,FALSE,FALSE,FALSE,"intronic_opposite",85289130,33330,FALSE,4,44.83,FALSE,"disruption"
"Rasa1","218397","chr13","-",85214780,85289130,85207300,85277300,"B-A05",FALSE,TRUE,"CMZ109",FALSE,"chr13",85255750,85255850,85255800,8607,"-",0,FALSE,FALSE,FALSE,"intronic_opposite",85289130,33330,FALSE,4,44.83,FALSE,"disruption"
"Rasa1","218397","chr13","-",85214780,85289130,85207300,85277300,"B-B10",FALSE,FALSE,NA,FALSE,"chr13",85272450,85272550,85272500,3181,"+",0,FALSE,FALSE,TRUE,"intronic_same",85289130,16630,FALSE,2,22.37,TRUE,"activation"
"Rasa1","218397","chr13","-",85214780,85289130,85207300,85277300,"N3-14",FALSE,FALSE,NA,FALSE,"chr13",85274950,85275050,85275000,553,"+",0,FALSE,FALSE,TRUE,"intronic_same",85289130,14130,FALSE,2,19,TRUE,"activation"
"Rbfox2","93686","chr15","-",77078990,77307004,76996000,77297000,"N-1-10",FALSE,FALSE,NA,FALSE,"chr15",76995950,76996050,76996000,43,"+",82990,TRUE,FALSE,TRUE,"distant",77307004,311004,FALSE,NA,136.4,FALSE,"disruption"
"Rbfox2","93686","chr15","-",77078990,77307004,76996000,77297000,"B3-2-7",TRUE,FALSE,NA,FALSE,"chr15",77116150,77116250,77116200,1068,"+",0,FALSE,FALSE,TRUE,"intronic_same",77307004,190804,FALSE,17,83.68,FALSE,"disruption"
"Rbfox2","93686","chr15","-",77078990,77307004,76996000,77297000,"N3-2-7",TRUE,FALSE,NA,FALSE,"chr15",77116150,77116250,77116200,19387,"+",0,FALSE,FALSE,TRUE,"intronic_same",77307004,190804,FALSE,17,83.68,FALSE,"disruption"
"Rbfox2","93686","chr15","-",77078990,77307004,76996000,77297000,"N-A10",FALSE,TRUE,"CMZ184",FALSE,"chr15",77122250,77122350,77122300,1021,"-",0,FALSE,FALSE,FALSE,"intronic_opposite",77307004,184704,FALSE,13,81.01,FALSE,"disruption"
"Rbfox2","93686","chr15","-",77078990,77307004,76996000,77297000,"B-A10",FALSE,TRUE,"CMZ184",FALSE,"chr15",77122250,77122350,77122300,543,"-",0,FALSE,FALSE,FALSE,"intronic_opposite",77307004,184704,FALSE,13,81.01,FALSE,"disruption"
"Rbfox2","93686","chr15","-",77078990,77307004,76996000,77297000,"N3-2-21",FALSE,FALSE,NA,FALSE,"chr15",77140050,77140150,77140100,2503,"-",0,FALSE,FALSE,FALSE,"intronic_opposite",77307004,166904,FALSE,11,73.2,FALSE,"disruption"
"Rbfox2","93686","chr15","-",77078990,77307004,76996000,77297000,"N-B07",TRUE,TRUE,"CMZ107",FALSE,"chr15",77148550,77148650,77148600,11762,"-",0,FALSE,FALSE,FALSE,"intronic_opposite",77307004,158404,FALSE,11,69.47,FALSE,"disruption"
"Rbfox2","93686","chr15","-",77078990,77307004,76996000,77297000,"B-B07",TRUE,TRUE,"CMZ107",FALSE,"chr15",77148550,77148650,77148600,1048,"-",0,FALSE,FALSE,FALSE,"intronic_opposite",77307004,158404,FALSE,11,69.47,FALSE,"disruption"
"Rbfox2","93686","chr15","-",77078990,77307004,76996000,77297000,"N3-7",FALSE,FALSE,NA,FALSE,"chr15",77185350,77185450,77185400,1509,"+",0,FALSE,FALSE,TRUE,"intronic_same",77307004,121604,FALSE,7,53.33,FALSE,"disruption"
"Rbfox2","93686","chr15","-",77078990,77307004,76996000,77297000,"B3-1-15",TRUE,TRUE,"CMZ111,CMZ356",FALSE,"chr15",77225150,77225250,77225200,1097,"-",0,FALSE,FALSE,FALSE,"intronic_opposite",77307004,81804,FALSE,6,35.88,FALSE,"disruption"
"Rbfox2","93686","chr15","-",77078990,77307004,76996000,77297000,"N3-c-28",FALSE,FALSE,NA,FALSE,"chr15",77260050,77260150,77260100,1468,"+",0,FALSE,FALSE,TRUE,"intronic_same",77307004,46904,FALSE,3,20.57,TRUE,"activation"
"Rbfox2","93686","chr15","-",77078990,77307004,76996000,77297000,"N-3-4",FALSE,FALSE,NA,FALSE,"chr15",77283250,77283350,77283300,1012,"-",0,FALSE,FALSE,FALSE,"intronic_opposite",77307004,23704,FALSE,3,10.4,FALSE,"disruption"
"Rbfox2","93686","chr15","-",77078990,77307004,76996000,77297000,"B-A04",FALSE,TRUE,"CMZ101",FALSE,"chr15",77289450,77289550,77289500,1663,"+",0,FALSE,FALSE,TRUE,"intronic_same",77307004,17504,FALSE,3,7.68,TRUE,"activation"
"Rbfox2","93686","chr15","-",77078990,77307004,76996000,77297000,"B3-1-15",TRUE,TRUE,"CMZ111,CMZ356",FALSE,"chr15",77293650,77293750,77293700,3381,"+",0,FALSE,FALSE,TRUE,"intronic_same",77307004,13304,FALSE,3,5.83,TRUE,"activation"
"Rbfox2","93686","chr15","-",77078990,77307004,76996000,77297000,"B-A03",TRUE,TRUE,"CMZ111,CMZ356",FALSE,"chr15",77293650,77293750,77293700,3822,"+",0,FALSE,FALSE,TRUE,"intronic_same",77307004,13304,FALSE,3,5.83,TRUE,"activation"
"Rbfox2","93686","chr15","-",77078990,77307004,76996000,77297000,"N3-1-15",TRUE,TRUE,"CMZ111,CMZ356",FALSE,"chr15",77293650,77293750,77293700,4266,"+",0,FALSE,FALSE,TRUE,"intronic_same",77307004,13304,FALSE,3,5.83,TRUE,"activation"
"Rbfox2","93686","chr15","-",77078990,77307004,76996000,77297000,"N-A03",TRUE,TRUE,"CMZ111,CMZ356",FALSE,"chr15",77293650,77293750,77293700,5109,"+",0,FALSE,FALSE,TRUE,"intronic_same",77307004,13304,FALSE,3,5.83,TRUE,"activation"
"Rbm15","229700","chr3","-",107325421,107333673,107309200,107326200,"B3-12",FALSE,FALSE,NA,FALSE,"chr3",107309150,107309250,107309200,980,"-",16221,TRUE,FALSE,FALSE,"distant",107333673,24473,FALSE,NA,296.57,FALSE,"disruption"
"Rbm15","229700","chr3","-",107325421,107333673,107309200,107326200,"N3-2",FALSE,FALSE,NA,FALSE,"chr3",107313950,107314050,107314000,1467,"-",11421,TRUE,FALSE,FALSE,"distant",107333673,19673,FALSE,NA,238.4,FALSE,"disruption"
"Rbm15","229700","chr3","-",107325421,107333673,107309200,107326200,"N-B08",TRUE,TRUE,"CMZ106",FALSE,"chr3",107323350,107323450,107323400,247,"-",2021,TRUE,FALSE,FALSE,"distant",107333673,10273,FALSE,NA,124.49,FALSE,"disruption"
"Rbm15","229700","chr3","-",107325421,107333673,107309200,107326200,"B-B08",TRUE,TRUE,"CMZ106",FALSE,"chr3",107323350,107323450,107323400,218,"-",2021,TRUE,FALSE,FALSE,"distant",107333673,10273,FALSE,NA,124.49,FALSE,"disruption"
"Rbm15","229700","chr3","-",107325421,107333673,107309200,107326200,"N3-2-21",FALSE,FALSE,NA,FALSE,"chr3",107323550,107323650,107323600,1737,"-",1821,FALSE,FALSE,FALSE,"intronic_opposite",107333673,10073,FALSE,NA,122.07,FALSE,"disruption"
"Rbm15","229700","chr3","-",107325421,107333673,107309200,107326200,"B3-2-21",FALSE,FALSE,NA,FALSE,"chr3",107323550,107323650,107323600,886,"-",1821,FALSE,FALSE,FALSE,"intronic_opposite",107333673,10073,FALSE,NA,122.07,FALSE,"disruption"
"Rc3h2","319817","chr2","-",37370069,37422903,37378600,37679600,"B3-14",FALSE,FALSE,NA,FALSE,"chr2",37378550,37378650,37378600,2792,"+",0,FALSE,TRUE,TRUE,"exonic_same",37422903,44303,FALSE,NA,83.85,FALSE,"disruption"
"Rc3h2","319817","chr2","-",37370069,37422903,37378600,37679600,"N3-3",FALSE,FALSE,NA,FALSE,"chr2",37379250,37379350,37379300,265,"+",0,FALSE,TRUE,TRUE,"exonic_same",37422903,43603,FALSE,NA,82.53,FALSE,"disruption"
"Rc3h2","319817","chr2","-",37370069,37422903,37378600,37679600,"N3-1-3",TRUE,TRUE,"CMZ104",FALSE,"chr2",37381450,37381550,37381500,12889,"+",0,FALSE,FALSE,TRUE,"intronic_same",37422903,41403,FALSE,22,78.36,FALSE,"disruption"
"Rc3h2","319817","chr2","-",37370069,37422903,37378600,37679600,"N3-14",FALSE,FALSE,NA,FALSE,"chr2",37426750,37426850,37426800,448,"-",3897,TRUE,FALSE,FALSE,"distant",37422903,-3897,FALSE,NA,-7.38,FALSE,"disruption"
"Rc3h2","319817","chr2","-",37370069,37422903,37378600,37679600,"B-B08",TRUE,TRUE,"CMZ106",FALSE,"chr2",37442550,37442650,37442600,277,"-",19697,TRUE,FALSE,FALSE,"distant",37422903,-19697,FALSE,NA,-37.28,FALSE,"disruption"
"Rc3h2","319817","chr2","-",37370069,37422903,37378600,37679600,"B-2-23",FALSE,FALSE,NA,FALSE,"chr2",37525950,37526050,37526000,407,"+",103097,TRUE,FALSE,TRUE,"distant",37422903,-103097,FALSE,NA,-195.13,FALSE,"disruption"
"Rc3h2","319817","chr2","-",37370069,37422903,37378600,37679600,"N3-5",FALSE,FALSE,NA,FALSE,"chr2",37559950,37560050,37560000,1174,"-",137097,TRUE,FALSE,FALSE,"distant",37422903,-137097,FALSE,NA,-259.49,FALSE,"disruption"
"Rc3h2","319817","chr2","-",37370069,37422903,37378600,37679600,"N3-6",TRUE,FALSE,NA,FALSE,"chr2",37589050,37589150,37589100,765,"-",166197,TRUE,FALSE,FALSE,"distant",37422903,-166197,FALSE,NA,-314.56,FALSE,"disruption"
"Rc3h2","319817","chr2","-",37370069,37422903,37378600,37679600,"B3-11",FALSE,FALSE,NA,FALSE,"chr2",37613050,37613150,37613100,1722,"-",190197,TRUE,FALSE,FALSE,"distant",37422903,-190197,FALSE,NA,-359.99,FALSE,"disruption"
"Rc3h2","319817","chr2","-",37370069,37422903,37378600,37679600,"N3-9",FALSE,FALSE,NA,FALSE,"chr2",37657050,37657150,37657100,4277,"-",234197,TRUE,FALSE,FALSE,"distant",37422903,-234197,FALSE,NA,-443.27,FALSE,"disruption"
"Rc3h2","319817","chr2","-",37370069,37422903,37378600,37679600,"B3-9",FALSE,FALSE,NA,FALSE,"chr2",37657050,37657150,37657100,5053,"-",234197,TRUE,FALSE,FALSE,"distant",37422903,-234197,FALSE,NA,-443.27,FALSE,"disruption"
"Rc3h2","319817","chr2","-",37370069,37422903,37378600,37679600,"N-A07",FALSE,TRUE,"CMZ182,CMZ357",FALSE,"chr2",37664750,37664850,37664800,376,"+",241897,TRUE,FALSE,TRUE,"distant",37422903,-241897,FALSE,NA,-457.84,FALSE,"disruption"
"Rcor2","104383","chr19","+",7267325,7275225,7284500,7354500,"N-A08",TRUE,FALSE,NA,FALSE,"chr19",7284450,7284550,7284500,897,"-",9275,TRUE,FALSE,FALSE,"distant",7267325,17175,FALSE,NA,217.41,FALSE,"disruption"
"Rcor2","104383","chr19","+",7267325,7275225,7284500,7354500,"N3-1-5",TRUE,TRUE,"CMZ108",FALSE,"chr19",7316750,7316850,7316800,1617,"-",41575,TRUE,FALSE,FALSE,"distant",7267325,49475,FALSE,NA,626.27,FALSE,"disruption"
"Rcor2","104383","chr19","+",7267325,7275225,7284500,7354500,"B3-1-5",TRUE,TRUE,"CMZ108",FALSE,"chr19",7316750,7316850,7316800,2180,"-",41575,TRUE,FALSE,FALSE,"distant",7267325,49475,FALSE,NA,626.27,FALSE,"disruption"
"Rcor2","104383","chr19","+",7267325,7275225,7284500,7354500,"N3-1-13",FALSE,TRUE,"CMZ182,CMZ357",FALSE,"chr19",7323250,7323350,7323300,1370,"-",48075,TRUE,FALSE,FALSE,"distant",7267325,55975,FALSE,NA,708.54,FALSE,"disruption"
"Rcor2","104383","chr19","+",7267325,7275225,7284500,7354500,"N3-2-22",TRUE,TRUE,"CMZ347",FALSE,"chr19",7326050,7326150,7326100,3572,"+",50875,TRUE,FALSE,TRUE,"distant",7267325,58775,FALSE,NA,743.99,FALSE,"disruption"
"Rcor2","104383","chr19","+",7267325,7275225,7284500,7354500,"B3-2-22",TRUE,TRUE,"CMZ347",FALSE,"chr19",7326150,7326250,7326200,6464,"+",50975,TRUE,FALSE,TRUE,"distant",7267325,58875,FALSE,NA,745.25,FALSE,"disruption"
"Rcor2","104383","chr19","+",7267325,7275225,7284500,7354500,"N3-14",FALSE,FALSE,NA,FALSE,"chr19",7335350,7335450,7335400,1090,"+",60175,TRUE,FALSE,TRUE,"distant",7267325,68075,FALSE,NA,861.71,FALSE,"disruption"
"Rcor2","104383","chr19","+",7267325,7275225,7284500,7354500,"N3-3",FALSE,FALSE,NA,FALSE,"chr19",7339250,7339350,7339300,974,"+",64075,TRUE,FALSE,TRUE,"distant",7267325,71975,FALSE,NA,911.08,FALSE,"disruption"
"Rfx7","319758","chr9","+",72532240,72622937,72493300,72794300,"N3-c-9",FALSE,FALSE,NA,FALSE,"chr9",72493250,72493350,72493300,4619,"-",38940,TRUE,FALSE,FALSE,"distant",72532240,-38940,FALSE,NA,-42.93,FALSE,"disruption"
"Rfx7","319758","chr9","+",72532240,72622937,72493300,72794300,"N3-1-13",FALSE,TRUE,"CMZ182,CMZ357",FALSE,"chr9",72515850,72515950,72515900,798,"-",16340,TRUE,FALSE,FALSE,"distant",72532240,-16340,FALSE,NA,-18.02,FALSE,"disruption"
"Rfx7","319758","chr9","+",72532240,72622937,72493300,72794300,"B-A05",FALSE,TRUE,"CMZ109",FALSE,"chr9",72538850,72538950,72538900,884,"+",0,FALSE,FALSE,TRUE,"intronic_same",72532240,6660,FALSE,6,7.34,TRUE,"activation"
"Rfx7","319758","chr9","+",72532240,72622937,72493300,72794300,"N-B03",FALSE,TRUE,"CMZ183",FALSE,"chr9",72539550,72539650,72539600,13904,"-",0,FALSE,FALSE,FALSE,"intronic_opposite",72532240,7360,FALSE,6,8.11,FALSE,"disruption"
"Rfx7","319758","chr9","+",72532240,72622937,72493300,72794300,"N-B10",FALSE,FALSE,NA,FALSE,"chr9",72574550,72574650,72574600,272,"+",0,FALSE,FALSE,TRUE,"intronic_same",72532240,42360,FALSE,6,46.7,FALSE,"disruption"
"Rfx7","319758","chr9","+",72532240,72622937,72493300,72794300,"N3-11",FALSE,FALSE,NA,FALSE,"chr9",72576250,72576350,72576300,2320,"-",0,FALSE,FALSE,FALSE,"intronic_opposite",72532240,44060,FALSE,6,48.58,FALSE,"disruption"
"Rfx7","319758","chr9","+",72532240,72622937,72493300,72794300,"N3-8",FALSE,FALSE,NA,FALSE,"chr9",72576250,72576350,72576300,3696,"-",0,FALSE,FALSE,FALSE,"intronic_opposite",72532240,44060,FALSE,6,48.58,FALSE,"disruption"
"Rfx7","319758","chr9","+",72532240,72622937,72493300,72794300,"B3-2-36",TRUE,FALSE,NA,FALSE,"chr9",72670450,72670550,72670500,4400,"+",47563,TRUE,FALSE,TRUE,"distant",72532240,138260,FALSE,NA,152.44,FALSE,"disruption"
"Rfx7","319758","chr9","+",72532240,72622937,72493300,72794300,"N3-2-36",TRUE,FALSE,NA,FALSE,"chr9",72670450,72670550,72670500,5087,"+",47563,TRUE,FALSE,TRUE,"distant",72532240,138260,FALSE,NA,152.44,FALSE,"disruption"
"Rfx7","319758","chr9","+",72532240,72622937,72493300,72794300,"N-B02",TRUE,FALSE,NA,FALSE,"chr9",72705650,72705750,72705700,397,"+",82763,TRUE,FALSE,TRUE,"distant",72532240,173460,FALSE,NA,191.25,FALSE,"disruption"
"Rfx7","319758","chr9","+",72532240,72622937,72493300,72794300,"B3-5",FALSE,FALSE,NA,FALSE,"chr9",72708950,72709050,72709000,313,"-",86063,TRUE,FALSE,FALSE,"distant",72532240,176760,FALSE,NA,194.89,FALSE,"disruption"
"Rfx7","319758","chr9","+",72532240,72622937,72493300,72794300,"B3-3",FALSE,FALSE,NA,FALSE,"chr9",72728950,72729050,72729000,1718,"+",106063,TRUE,FALSE,TRUE,"distant",72532240,196760,FALSE,NA,216.94,FALSE,"disruption"
"Rfx7","319758","chr9","+",72532240,72622937,72493300,72794300,"N-A08",TRUE,FALSE,NA,FALSE,"chr9",72732250,72732350,72732300,1129,"-",109363,TRUE,FALSE,FALSE,"distant",72532240,200060,FALSE,NA,220.58,FALSE,"disruption"
"Rfx7","319758","chr9","+",72532240,72622937,72493300,72794300,"B3-c-10",TRUE,FALSE,NA,FALSE,"chr9",72763450,72763550,72763500,1410,"+",140563,TRUE,FALSE,TRUE,"distant",72532240,231260,FALSE,NA,254.98,FALSE,"disruption"
"Rhoa","11848","chr9","+",108306129,108337934,108217900,108425900,"B-A04",FALSE,TRUE,"CMZ101",FALSE,"chr9",108217850,108217950,108217900,5236,"+",88229,TRUE,FALSE,TRUE,"distant",108306129,-88229,FALSE,NA,-277.41,FALSE,"disruption"
"Rhoa","11848","chr9","+",108306129,108337934,108217900,108425900,"B3-5",FALSE,FALSE,NA,FALSE,"chr9",108220550,108220650,108220600,539,"+",85529,TRUE,FALSE,TRUE,"distant",108306129,-85529,FALSE,NA,-268.92,FALSE,"disruption"
"Rhoa","11848","chr9","+",108306129,108337934,108217900,108425900,"N3-13",FALSE,FALSE,NA,FALSE,"chr9",108301150,108301250,108301200,2171,"-",4929,TRUE,FALSE,FALSE,"distant",108306129,-4929,FALSE,NA,-15.5,FALSE,"disruption"
"Rhoa","11848","chr9","+",108306129,108337934,108217900,108425900,"N3-10",FALSE,FALSE,NA,FALSE,"chr9",108301150,108301250,108301200,2576,"-",4929,TRUE,FALSE,FALSE,"distant",108306129,-4929,FALSE,NA,-15.5,FALSE,"disruption"
"Rhoa","11848","chr9","+",108306129,108337934,108217900,108425900,"B3-10",FALSE,FALSE,NA,FALSE,"chr9",108301150,108301250,108301200,7330,"-",4929,TRUE,FALSE,FALSE,"distant",108306129,-4929,FALSE,NA,-15.5,FALSE,"disruption"
"Rhoa","11848","chr9","+",108306129,108337934,108217900,108425900,"B3-13",FALSE,FALSE,NA,FALSE,"chr9",108301150,108301250,108301200,4999,"-",4929,TRUE,FALSE,FALSE,"distant",108306129,-4929,FALSE,NA,-15.5,FALSE,"disruption"
"Rhoa","11848","chr9","+",108306129,108337934,108217900,108425900,"N-B09",TRUE,TRUE,"CMZ104",FALSE,"chr9",108312550,108312650,108312600,3433,"+",0,FALSE,FALSE,TRUE,"intronic_same",108306129,6471,FALSE,4,20.35,FALSE,"disruption"
"Rhoa","11848","chr9","+",108306129,108337934,108217900,108425900,"B3-3",FALSE,FALSE,NA,FALSE,"chr9",108324450,108324550,108324500,29425,"+",0,FALSE,FALSE,TRUE,"intronic_same",108306129,18371,FALSE,5,57.76,FALSE,"disruption"
"Rhoa","11848","chr9","+",108306129,108337934,108217900,108425900,"N3-3",FALSE,FALSE,NA,FALSE,"chr9",108324450,108324550,108324500,5116,"+",0,FALSE,FALSE,TRUE,"intronic_same",108306129,18371,FALSE,5,57.76,FALSE,"disruption"
"Rhoa","11848","chr9","+",108306129,108337934,108217900,108425900,"N3-5",FALSE,FALSE,NA,FALSE,"chr9",108350050,108350150,108350100,709,"+",12166,TRUE,FALSE,TRUE,"distant",108306129,43971,FALSE,NA,138.25,FALSE,"disruption"
"Rhoa","11848","chr9","+",108306129,108337934,108217900,108425900,"N-A08",TRUE,FALSE,NA,FALSE,"chr9",108378950,108379050,108379000,1032,"+",41066,TRUE,FALSE,TRUE,"distant",108306129,72871,FALSE,NA,229.12,FALSE,"disruption"
"Rhoa","11848","chr9","+",108306129,108337934,108217900,108425900,"N3-c-14",FALSE,FALSE,NA,FALSE,"chr9",108383050,108383150,108383100,432,"+",45166,TRUE,FALSE,TRUE,"distant",108306129,76971,FALSE,NA,242.01,FALSE,"disruption"
"Rhoa","11848","chr9","+",108306129,108337934,108217900,108425900,"N-2-21",FALSE,TRUE,"CMZ353",FALSE,"chr9",108386750,108386850,108386800,97,"+",48866,TRUE,FALSE,TRUE,"distant",108306129,80671,FALSE,NA,253.64,FALSE,"disruption"
"Rnf111","93836","chr9","-",70425424,70503725,70439900,70740900,"N3-1-11",TRUE,FALSE,NA,FALSE,"chr9",70439850,70439950,70439900,2126,"+",0,FALSE,TRUE,TRUE,"exonic_same",70503725,63825,FALSE,NA,81.51,FALSE,"disruption"
"Rnf111","93836","chr9","-",70425424,70503725,70439900,70740900,"B-A07",FALSE,TRUE,"CMZ182,CMZ357",FALSE,"chr9",70455750,70455850,70455800,58401,"+",0,FALSE,FALSE,TRUE,"intronic_same",70503725,47925,FALSE,11,61.21,FALSE,"disruption"
"Rnf111","93836","chr9","-",70425424,70503725,70439900,70740900,"B3-1-13",FALSE,TRUE,"CMZ182,CMZ357",FALSE,"chr9",70455750,70455850,70455800,6689,"+",0,FALSE,FALSE,TRUE,"intronic_same",70503725,47925,FALSE,11,61.21,FALSE,"disruption"
"Rnf111","93836","chr9","-",70425424,70503725,70439900,70740900,"N3-1-13",FALSE,TRUE,"CMZ182,CMZ357",FALSE,"chr9",70455750,70455850,70455800,1053,"+",0,FALSE,FALSE,TRUE,"intronic_same",70503725,47925,FALSE,11,61.21,FALSE,"disruption"
"Rnf111","93836","chr9","-",70425424,70503725,70439900,70740900,"N-A07",FALSE,TRUE,"CMZ182,CMZ357",FALSE,"chr9",70455750,70455850,70455800,234,"+",0,FALSE,FALSE,TRUE,"intronic_same",70503725,47925,FALSE,11,61.21,FALSE,"disruption"
"Rnf111","93836","chr9","-",70425424,70503725,70439900,70740900,"N3-2-21",FALSE,FALSE,NA,FALSE,"chr9",70472750,70472850,70472800,3145,"+",0,FALSE,FALSE,TRUE,"intronic_same",70503725,30925,FALSE,7,39.5,FALSE,"disruption"
"Rnf111","93836","chr9","-",70425424,70503725,70439900,70740900,"N3-c-9",FALSE,FALSE,NA,FALSE,"chr9",70476850,70476950,70476900,12674,"-",0,FALSE,FALSE,FALSE,"intronic_opposite",70503725,26825,FALSE,6,34.26,FALSE,"disruption"
"Rnf111","93836","chr9","-",70425424,70503725,70439900,70740900,"B3-c-9",FALSE,FALSE,NA,FALSE,"chr9",70476850,70476950,70476900,3220,"-",0,FALSE,FALSE,FALSE,"intronic_opposite",70503725,26825,FALSE,6,34.26,FALSE,"disruption"
"Rnf111","93836","chr9","-",70425424,70503725,70439900,70740900,"N-3-1",FALSE,FALSE,NA,FALSE,"chr9",70499050,70499150,70499100,793,"+",0,FALSE,FALSE,TRUE,"intronic_same",70503725,4625,FALSE,6,5.91,TRUE,"activation"
"Rnf111","93836","chr9","-",70425424,70503725,70439900,70740900,"B3-1-13",FALSE,TRUE,"CMZ182,CMZ357",FALSE,"chr9",70514250,70514350,70514300,871,"+",10575,TRUE,FALSE,TRUE,"distant",70503725,-10575,FALSE,NA,-13.51,FALSE,"disruption"
"Rnf111","93836","chr9","-",70425424,70503725,70439900,70740900,"N3-1-13",FALSE,TRUE,"CMZ182,CMZ357",FALSE,"chr9",70514250,70514350,70514300,759,"-",10575,TRUE,FALSE,FALSE,"distant",70503725,-10575,FALSE,NA,-13.51,FALSE,"disruption"
"Rnf111","93836","chr9","-",70425424,70503725,70439900,70740900,"B3-7",FALSE,FALSE,NA,FALSE,"chr9",70554950,70555050,70555000,740,"-",51275,TRUE,FALSE,FALSE,"distant",70503725,-51275,FALSE,NA,-65.48,FALSE,"disruption"
"Rnf111","93836","chr9","-",70425424,70503725,70439900,70740900,"N-2-21",FALSE,TRUE,"CMZ353",FALSE,"chr9",70556050,70556150,70556100,129,"+",52375,TRUE,FALSE,TRUE,"distant",70503725,-52375,FALSE,NA,-66.89,FALSE,"disruption"
"Rnf111","93836","chr9","-",70425424,70503725,70439900,70740900,"B3-5",FALSE,FALSE,NA,FALSE,"chr9",70614350,70614450,70614400,266,"-",110675,TRUE,FALSE,FALSE,"distant",70503725,-110675,FALSE,NA,-141.35,FALSE,"disruption"
"Rnf111","93836","chr9","-",70425424,70503725,70439900,70740900,"N3-1-2",TRUE,TRUE,"CMZ107",FALSE,"chr9",70630150,70630250,70630200,1686,"-",126475,TRUE,FALSE,FALSE,"distant",70503725,-126475,FALSE,NA,-161.52,FALSE,"disruption"
"Rnf111","93836","chr9","-",70425424,70503725,70439900,70740900,"B3-1-11",TRUE,FALSE,NA,FALSE,"chr9",70680850,70680950,70680900,1362,"-",177175,TRUE,FALSE,FALSE,"distant",70503725,-177175,FALSE,NA,-226.27,FALSE,"disruption"
"Rnf111","93836","chr9","-",70425424,70503725,70439900,70740900,"B-1-10",FALSE,FALSE,NA,FALSE,"chr9",70700650,70700750,70700700,73,"+",196975,TRUE,FALSE,TRUE,"distant",70503725,-196975,FALSE,NA,-251.56,FALSE,"disruption"
"Rnf111","93836","chr9","-",70425424,70503725,70439900,70740900,"N-1-4",FALSE,FALSE,NA,FALSE,"chr9",70717350,70717450,70717400,8,"+",213675,TRUE,FALSE,TRUE,"distant",70503725,-213675,FALSE,NA,-272.89,FALSE,"disruption"
"Rnf111","93836","chr9","-",70425424,70503725,70439900,70740900,"B-2-25",FALSE,TRUE,"CMZ349",FALSE,"chr9",70724850,70724950,70724900,3094,"+",221175,TRUE,FALSE,TRUE,"distant",70503725,-221175,FALSE,NA,-282.47,FALSE,"disruption"
"Rnf111","93836","chr9","-",70425424,70503725,70439900,70740900,"N-2-25",FALSE,TRUE,"CMZ349",FALSE,"chr9",70724850,70724950,70724900,1822,"+",221175,TRUE,FALSE,TRUE,"distant",70503725,-221175,FALSE,NA,-282.47,FALSE,"disruption"
"Rnf111","93836","chr9","-",70425424,70503725,70439900,70740900,"N3-17",TRUE,FALSE,NA,FALSE,"chr9",70736350,70736450,70736400,2196,"-",232675,TRUE,FALSE,FALSE,"distant",70503725,-232675,FALSE,NA,-297.15,FALSE,"disruption"
"Rnf111","93836","chr9","-",70425424,70503725,70439900,70740900,"B3-17",TRUE,FALSE,NA,FALSE,"chr9",70736350,70736450,70736400,2687,"-",232675,TRUE,FALSE,FALSE,"distant",70503725,-232675,FALSE,NA,-297.15,FALSE,"disruption"
"Rnu12","104307","chr15","+",83149644,83149794,83130800,83147800,"N3-1-5",TRUE,TRUE,"CMZ108",FALSE,"chr15",83130750,83130850,83130800,1524,"-",18844,TRUE,FALSE,FALSE,"distant",83149644,-18844,FALSE,NA,-12562.67,FALSE,"disruption"
"Rnu12","104307","chr15","+",83149644,83149794,83130800,83147800,"N-1-10",FALSE,FALSE,NA,FALSE,"chr15",83138650,83138750,83138700,86,"-",10944,TRUE,FALSE,FALSE,"distant",83149644,-10944,FALSE,NA,-7296,FALSE,"disruption"
"Rnu12","104307","chr15","+",83149644,83149794,83130800,83147800,"N-B02",TRUE,FALSE,NA,FALSE,"chr15",83141450,83141550,83141500,900,"-",8144,TRUE,FALSE,FALSE,"distant",83149644,-8144,FALSE,NA,-5429.33,FALSE,"disruption"
"Rnu12","104307","chr15","+",83149644,83149794,83130800,83147800,"B3-21",FALSE,FALSE,NA,FALSE,"chr15",83144050,83144150,83144100,3692,"+",5544,TRUE,FALSE,TRUE,"distant",83149644,-5544,FALSE,NA,-3696,FALSE,"disruption"
"Rnu12","104307","chr15","+",83149644,83149794,83130800,83147800,"N3-21",FALSE,FALSE,NA,FALSE,"chr15",83144050,83144150,83144100,2799,"+",5544,TRUE,FALSE,TRUE,"distant",83149644,-5544,FALSE,NA,-3696,FALSE,"disruption"
"Rnu12","104307","chr15","+",83149644,83149794,83130800,83147800,"N-1-10",FALSE,FALSE,NA,FALSE,"chr15",83144550,83144650,83144600,61,"-",5044,TRUE,FALSE,FALSE,"distant",83149644,-5044,FALSE,NA,-3362.67,FALSE,"disruption"
"Rrp7a","74778","chr15","-",83113433,83122801,83130800,83147800,"N3-1-5",TRUE,TRUE,"CMZ108",FALSE,"chr15",83130750,83130850,83130800,1524,"-",7999,TRUE,FALSE,FALSE,"distant",83122801,-7999,FALSE,NA,-85.39,FALSE,"disruption"
"Rrp7a","74778","chr15","-",83113433,83122801,83130800,83147800,"N-1-10",FALSE,FALSE,NA,FALSE,"chr15",83138650,83138750,83138700,86,"-",15899,TRUE,FALSE,FALSE,"distant",83122801,-15899,FALSE,NA,-169.72,FALSE,"disruption"
"Rrp7a","74778","chr15","-",83113433,83122801,83130800,83147800,"N-B02",TRUE,FALSE,NA,FALSE,"chr15",83141450,83141550,83141500,900,"-",18699,TRUE,FALSE,FALSE,"distant",83122801,-18699,FALSE,NA,-199.61,FALSE,"disruption"
"Rrp7a","74778","chr15","-",83113433,83122801,83130800,83147800,"B3-21",FALSE,FALSE,NA,FALSE,"chr15",83144050,83144150,83144100,3692,"+",21299,TRUE,FALSE,TRUE,"distant",83122801,-21299,FALSE,NA,-227.36,FALSE,"disruption"
"Rrp7a","74778","chr15","-",83113433,83122801,83130800,83147800,"N3-21",FALSE,FALSE,NA,FALSE,"chr15",83144050,83144150,83144100,2799,"+",21299,TRUE,FALSE,TRUE,"distant",83122801,-21299,FALSE,NA,-227.36,FALSE,"disruption"
"Rrp7a","74778","chr15","-",83113433,83122801,83130800,83147800,"N-1-10",FALSE,FALSE,NA,FALSE,"chr15",83144550,83144650,83144600,61,"-",21799,TRUE,FALSE,FALSE,"distant",83122801,-21799,FALSE,NA,-232.7,FALSE,"disruption"
"Sdc3","20970","chr4","+",130792537,130826319,130739600,130778600,"B-3-1",FALSE,FALSE,NA,FALSE,"chr4",130739550,130739650,130739600,488,"+",52937,TRUE,FALSE,TRUE,"distant",130792537,-52937,FALSE,NA,-156.7,FALSE,"disruption"
"Sdc3","20970","chr4","+",130792537,130826319,130739600,130778600,"B3-5",FALSE,FALSE,NA,FALSE,"chr4",130753550,130753650,130753600,266,"+",38937,TRUE,FALSE,TRUE,"distant",130792537,-38937,FALSE,NA,-115.26,FALSE,"disruption"
"Sdc3","20970","chr4","+",130792537,130826319,130739600,130778600,"N-1-10",FALSE,FALSE,NA,FALSE,"chr4",130761750,130761850,130761800,128,"-",30737,TRUE,FALSE,FALSE,"distant",130792537,-30737,FALSE,NA,-90.99,FALSE,"disruption"
"Sdc3","20970","chr4","+",130792537,130826319,130739600,130778600,"N-B09",TRUE,TRUE,"CMZ104",FALSE,"chr4",130762750,130762850,130762800,9810,"-",29737,TRUE,FALSE,FALSE,"distant",130792537,-29737,FALSE,NA,-88.03,FALSE,"disruption"
"Sdc3","20970","chr4","+",130792537,130826319,130739600,130778600,"B-B09",TRUE,TRUE,"CMZ104",FALSE,"chr4",130762750,130762850,130762800,19050,"-",29737,TRUE,FALSE,FALSE,"distant",130792537,-29737,FALSE,NA,-88.03,FALSE,"disruption"
"Sdc3","20970","chr4","+",130792537,130826319,130739600,130778600,"B3-2-22",TRUE,TRUE,"CMZ347",FALSE,"chr4",130772050,130772150,130772100,13522,"+",20437,TRUE,FALSE,TRUE,"distant",130792537,-20437,FALSE,NA,-60.5,FALSE,"disruption"
"Sdc3","20970","chr4","+",130792537,130826319,130739600,130778600,"N3-2-22",TRUE,TRUE,"CMZ347",FALSE,"chr4",130772050,130772150,130772100,7361,"+",20437,TRUE,FALSE,TRUE,"distant",130792537,-20437,FALSE,NA,-60.5,FALSE,"disruption"
"Sdhd","66925","chr9","-",50596357,50603812,50601500,50618500,"N-A02",FALSE,TRUE,"CMZ181",FALSE,"chr9",50601450,50601550,50601500,14707,"-",0,FALSE,FALSE,FALSE,"intronic_opposite",50603812,2312,FALSE,1,31.01,FALSE,"disruption"
"Sdhd","66925","chr9","-",50596357,50603812,50601500,50618500,"B-A02",FALSE,TRUE,"CMZ181",FALSE,"chr9",50601450,50601550,50601500,1036,"-",0,FALSE,FALSE,FALSE,"intronic_opposite",50603812,2312,FALSE,1,31.01,FALSE,"disruption"
"Sdhd","66925","chr9","-",50596357,50603812,50601500,50618500,"B3-1",FALSE,FALSE,NA,FALSE,"chr9",50606450,50606550,50606500,2546,"-",2688,TRUE,FALSE,FALSE,"distant",50603812,-2688,FALSE,NA,-36.06,FALSE,"disruption"
"Sdhd","66925","chr9","-",50596357,50603812,50601500,50618500,"N3-c-14",FALSE,FALSE,NA,FALSE,"chr9",50608350,50608450,50608400,1086,"+",4588,TRUE,FALSE,TRUE,"distant",50603812,-4588,FALSE,NA,-61.54,FALSE,"disruption"
"Sdhd","66925","chr9","-",50596357,50603812,50601500,50618500,"N-B07",TRUE,TRUE,"CMZ107",FALSE,"chr9",50616050,50616150,50616100,7912,"-",12288,TRUE,FALSE,FALSE,"distant",50603812,-12288,FALSE,NA,-164.83,FALSE,"disruption"
"Sec16a","227648","chr2","-",26409431,26445216,26388200,26497200,"B3-3",FALSE,FALSE,NA,FALSE,"chr2",26388150,26388250,26388200,942,"+",21231,TRUE,FALSE,TRUE,"distant",26445216,57016,FALSE,NA,159.33,FALSE,"disruption"
"Sec16a","227648","chr2","-",26409431,26445216,26388200,26497200,"N3-1-13",FALSE,TRUE,"CMZ182,CMZ357",FALSE,"chr2",26405350,26405450,26405400,868,"-",4031,TRUE,FALSE,FALSE,"distant",26445216,39816,FALSE,NA,111.26,FALSE,"disruption"
"Sec16a","227648","chr2","-",26409431,26445216,26388200,26497200,"B-A07",FALSE,TRUE,"CMZ182,CMZ357",FALSE,"chr2",26405350,26405450,26405400,2119,"-",4031,TRUE,FALSE,FALSE,"distant",26445216,39816,FALSE,NA,111.26,FALSE,"disruption"
"Sec16a","227648","chr2","-",26409431,26445216,26388200,26497200,"N-3-4",FALSE,FALSE,NA,FALSE,"chr2",26417050,26417150,26417100,9676,"-",0,FALSE,FALSE,FALSE,"intronic_opposite",26445216,28116,FALSE,32,78.57,FALSE,"disruption"
"Sec16a","227648","chr2","-",26409431,26445216,26388200,26497200,"N3-21",FALSE,FALSE,NA,FALSE,"chr2",26417050,26417150,26417100,15269,"-",0,FALSE,FALSE,FALSE,"intronic_opposite",26445216,28116,FALSE,32,78.57,FALSE,"disruption"
"Sec16a","227648","chr2","-",26409431,26445216,26388200,26497200,"B-3-4",FALSE,FALSE,NA,FALSE,"chr2",26417050,26417150,26417100,1436,"-",0,FALSE,FALSE,FALSE,"intronic_opposite",26445216,28116,FALSE,32,78.57,FALSE,"disruption"
"Sec16a","227648","chr2","-",26409431,26445216,26388200,26497200,"B3-21",FALSE,FALSE,NA,FALSE,"chr2",26417050,26417150,26417100,5738,"-",0,FALSE,FALSE,FALSE,"intronic_opposite",26445216,28116,FALSE,32,78.57,FALSE,"disruption"
"Sec16a","227648","chr2","-",26409431,26445216,26388200,26497200,"B-3-1",FALSE,FALSE,NA,FALSE,"chr2",26432550,26432650,26432600,3379,"+",0,FALSE,FALSE,TRUE,"intronic_same",26445216,12616,FALSE,12,35.25,FALSE,"disruption"
"Sec16a","227648","chr2","-",26409431,26445216,26388200,26497200,"N-3-1",FALSE,FALSE,NA,FALSE,"chr2",26432550,26432650,26432600,4899,"+",0,FALSE,FALSE,TRUE,"intronic_same",26445216,12616,FALSE,12,35.25,FALSE,"disruption"
"Sec16a","227648","chr2","-",26409431,26445216,26388200,26497200,"B3-5",FALSE,FALSE,NA,FALSE,"chr2",26459250,26459350,26459300,564,"+",14084,TRUE,FALSE,TRUE,"distant",26445216,-14084,FALSE,NA,-39.36,FALSE,"disruption"
"Sec16a","227648","chr2","-",26409431,26445216,26388200,26497200,"N-A04",FALSE,TRUE,"CMZ101",FALSE,"chr2",26461050,26461150,26461100,866,"+",15884,TRUE,FALSE,TRUE,"distant",26445216,-15884,FALSE,NA,-44.39,FALSE,"disruption"
"Sec16a","227648","chr2","-",26409431,26445216,26388200,26497200,"B-3-1",FALSE,FALSE,NA,FALSE,"chr2",26462650,26462750,26462700,181,"+",17484,TRUE,FALSE,TRUE,"distant",26445216,-17484,FALSE,NA,-48.86,FALSE,"disruption"
"Sec16a","227648","chr2","-",26409431,26445216,26388200,26497200,"N-3-1",FALSE,FALSE,NA,FALSE,"chr2",26462650,26462750,26462700,819,"+",17484,TRUE,FALSE,TRUE,"distant",26445216,-17484,FALSE,NA,-48.86,FALSE,"disruption"
"Sec16a","227648","chr2","-",26409431,26445216,26388200,26497200,"B-1-10",FALSE,FALSE,NA,FALSE,"chr2",26481550,26481650,26481600,87,"+",36384,TRUE,FALSE,TRUE,"distant",26445216,-36384,FALSE,NA,-101.67,FALSE,"disruption"
"Sec24c","218811","chr14","+",20674308,20694852,20679500,20749500,"N-B05",FALSE,FALSE,NA,FALSE,"chr14",20679450,20679550,20679500,8596,"-",0,FALSE,FALSE,FALSE,"intronic_opposite",20674308,5192,FALSE,13,25.27,FALSE,"disruption"
"Sec24c","218811","chr14","+",20674308,20694852,20679500,20749500,"B-B05",FALSE,FALSE,NA,FALSE,"chr14",20679450,20679550,20679500,7396,"-",0,FALSE,FALSE,FALSE,"intronic_opposite",20674308,5192,FALSE,13,25.27,FALSE,"disruption"
"Sec24c","218811","chr14","+",20674308,20694852,20679500,20749500,"B3-5",FALSE,FALSE,NA,FALSE,"chr14",20692250,20692350,20692300,214,"+",0,FALSE,FALSE,TRUE,"intronic_same",20674308,17992,FALSE,53,87.58,FALSE,"disruption"
"Sec24c","218811","chr14","+",20674308,20694852,20679500,20749500,"B3-c-10",TRUE,FALSE,NA,FALSE,"chr14",20700450,20700550,20700500,1869,"+",5648,TRUE,FALSE,TRUE,"distant",20674308,26192,FALSE,NA,127.49,FALSE,"disruption"
"Sec24c","218811","chr14","+",20674308,20694852,20679500,20749500,"N3-c-14",FALSE,FALSE,NA,FALSE,"chr14",20700650,20700750,20700700,591,"-",5848,TRUE,FALSE,FALSE,"distant",20674308,26392,FALSE,NA,128.47,FALSE,"disruption"
"Sec24c","218811","chr14","+",20674308,20694852,20679500,20749500,"B3-c-14",FALSE,FALSE,NA,FALSE,"chr14",20700650,20700750,20700700,3336,"-",5848,TRUE,FALSE,FALSE,"distant",20674308,26392,FALSE,NA,128.47,FALSE,"disruption"
"Sec24c","218811","chr14","+",20674308,20694852,20679500,20749500,"N3-c-14",FALSE,FALSE,NA,FALSE,"chr14",20701050,20701150,20701100,3718,"-",6248,TRUE,FALSE,FALSE,"distant",20674308,26792,FALSE,NA,130.41,FALSE,"disruption"
"Sec24c","218811","chr14","+",20674308,20694852,20679500,20749500,"N-2-25",FALSE,TRUE,"CMZ349",FALSE,"chr14",20720650,20720750,20720700,18994,"-",25848,TRUE,FALSE,FALSE,"distant",20674308,46392,FALSE,NA,225.82,FALSE,"disruption"
"Sec24c","218811","chr14","+",20674308,20694852,20679500,20749500,"B-2-25",FALSE,TRUE,"CMZ349",FALSE,"chr14",20720650,20720750,20720700,5768,"-",25848,TRUE,FALSE,FALSE,"distant",20674308,46392,FALSE,NA,225.82,FALSE,"disruption"
"Sec63","140740","chr10","+",42761496,42832514,42767500,42837500,"B-2-25",FALSE,TRUE,"CMZ349",FALSE,"chr10",42767450,42767550,42767500,4480,"+",0,FALSE,FALSE,TRUE,"intronic_same",42761496,6004,FALSE,3,8.45,TRUE,"activation"
"Sec63","140740","chr10","+",42761496,42832514,42767500,42837500,"N-2-25",FALSE,TRUE,"CMZ349",FALSE,"chr10",42767450,42767550,42767500,3334,"+",0,FALSE,FALSE,TRUE,"intronic_same",42761496,6004,FALSE,3,8.45,TRUE,"activation"
"Sec63","140740","chr10","+",42761496,42832514,42767500,42837500,"B-A11",FALSE,TRUE,"CMZ103",FALSE,"chr10",42773750,42773850,42773800,5857,"+",0,FALSE,FALSE,TRUE,"intronic_same",42761496,12304,FALSE,3,17.33,TRUE,"activation"
"Sec63","140740","chr10","+",42761496,42832514,42767500,42837500,"N-A11",FALSE,TRUE,"CMZ103",FALSE,"chr10",42773750,42773850,42773800,2903,"+",0,FALSE,FALSE,TRUE,"intronic_same",42761496,12304,FALSE,3,17.33,TRUE,"activation"
"Sec63","140740","chr10","+",42761496,42832514,42767500,42837500,"N-B02",TRUE,FALSE,NA,FALSE,"chr10",42780550,42780650,42780600,285,"+",0,FALSE,FALSE,TRUE,"intronic_same",42761496,19104,FALSE,3,26.9,TRUE,"activation"
"Sec63","140740","chr10","+",42761496,42832514,42767500,42837500,"B3-12",FALSE,FALSE,NA,FALSE,"chr10",42783150,42783250,42783200,528,"-",0,FALSE,FALSE,FALSE,"intronic_opposite",42761496,21704,FALSE,3,30.56,FALSE,"disruption"
"Sec63","140740","chr10","+",42761496,42832514,42767500,42837500,"N3-6",TRUE,FALSE,NA,FALSE,"chr10",42786250,42786350,42786300,1291,"+",0,FALSE,FALSE,TRUE,"intronic_same",42761496,24804,FALSE,4,34.93,FALSE,"disruption"
"Sec63","140740","chr10","+",42761496,42832514,42767500,42837500,"N3-18",TRUE,FALSE,NA,FALSE,"chr10",42786950,42787050,42787000,2131,"-",0,FALSE,FALSE,FALSE,"intronic_opposite",42761496,25504,FALSE,4,35.91,FALSE,"disruption"
"Sec63","140740","chr10","+",42761496,42832514,42767500,42837500,"B3-18",TRUE,FALSE,NA,FALSE,"chr10",42786950,42787050,42787000,6766,"-",0,FALSE,FALSE,FALSE,"intronic_opposite",42761496,25504,FALSE,4,35.91,FALSE,"disruption"
"Sec63","140740","chr10","+",42761496,42832514,42767500,42837500,"B-2-21",FALSE,TRUE,"CMZ353",FALSE,"chr10",42787450,42787550,42787500,1322,"-",0,FALSE,FALSE,FALSE,"intronic_opposite",42761496,26004,FALSE,4,36.62,FALSE,"disruption"
"Sec63","140740","chr10","+",42761496,42832514,42767500,42837500,"N-A07",FALSE,TRUE,"CMZ182,CMZ357",FALSE,"chr10",42807850,42807950,42807900,218,"-",0,FALSE,FALSE,FALSE,"intronic_opposite",42761496,46404,FALSE,17,65.34,FALSE,"disruption"
"Sec63","140740","chr10","+",42761496,42832514,42767500,42837500,"B-A07",FALSE,TRUE,"CMZ182,CMZ357",FALSE,"chr10",42807850,42807950,42807900,6800,"-",0,FALSE,FALSE,FALSE,"intronic_opposite",42761496,46404,FALSE,17,65.34,FALSE,"disruption"
"Sema3g","218877","chr14","+",31217860,31230352,31025800,31233800,"B3-c-10",TRUE,FALSE,NA,FALSE,"chr14",31025750,31025850,31025800,3335,"+",192060,TRUE,FALSE,TRUE,"distant",31217860,-192060,FALSE,NA,-1537.46,FALSE,"disruption"
"Sema3g","218877","chr14","+",31217860,31230352,31025800,31233800,"N-A01",TRUE,TRUE,"CMZ110,CMZ355",FALSE,"chr14",31026750,31026850,31026800,4567,"+",191060,TRUE,FALSE,TRUE,"distant",31217860,-191060,FALSE,NA,-1529.46,FALSE,"disruption"
"Sema3g","218877","chr14","+",31217860,31230352,31025800,31233800,"B3-c-10",TRUE,FALSE,NA,FALSE,"chr14",31030750,31030850,31030800,6185,"+",187060,TRUE,FALSE,TRUE,"distant",31217860,-187060,FALSE,NA,-1497.44,FALSE,"disruption"
"Sema3g","218877","chr14","+",31217860,31230352,31025800,31233800,"B-B11",TRUE,TRUE,"CMZ105",FALSE,"chr14",31041250,31041350,31041300,4371,"-",176560,TRUE,FALSE,FALSE,"distant",31217860,-176560,FALSE,NA,-1413.38,FALSE,"disruption"
"Sema3g","218877","chr14","+",31217860,31230352,31025800,31233800,"B3-c-10",TRUE,FALSE,NA,FALSE,"chr14",31051250,31051350,31051300,4840,"+",166560,TRUE,FALSE,TRUE,"distant",31217860,-166560,FALSE,NA,-1333.33,FALSE,"disruption"
"Sema3g","218877","chr14","+",31217860,31230352,31025800,31233800,"N3-c-10",TRUE,FALSE,NA,FALSE,"chr14",31059750,31059850,31059800,9919,"-",158060,TRUE,FALSE,FALSE,"distant",31217860,-158060,FALSE,NA,-1265.29,FALSE,"disruption"
"Sema3g","218877","chr14","+",31217860,31230352,31025800,31233800,"B3-12",FALSE,FALSE,NA,FALSE,"chr14",31104250,31104350,31104300,764,"-",113560,TRUE,FALSE,FALSE,"distant",31217860,-113560,FALSE,NA,-909.06,FALSE,"disruption"
"Sema3g","218877","chr14","+",31217860,31230352,31025800,31233800,"N3-1-13",FALSE,TRUE,"CMZ182,CMZ357",FALSE,"chr14",31107550,31107650,31107600,1312,"-",110260,TRUE,FALSE,FALSE,"distant",31217860,-110260,FALSE,NA,-882.64,FALSE,"disruption"
"Sema3g","218877","chr14","+",31217860,31230352,31025800,31233800,"B3-1-13",FALSE,TRUE,"CMZ182,CMZ357",FALSE,"chr14",31107550,31107650,31107600,570,"-",110260,TRUE,FALSE,FALSE,"distant",31217860,-110260,FALSE,NA,-882.64,FALSE,"disruption"
"Sema3g","218877","chr14","+",31217860,31230352,31025800,31233800,"N3-c-28",FALSE,FALSE,NA,FALSE,"chr14",31126550,31126650,31126600,1916,"-",91260,TRUE,FALSE,FALSE,"distant",31217860,-91260,FALSE,NA,-730.55,FALSE,"disruption"
"Sema3g","218877","chr14","+",31217860,31230352,31025800,31233800,"B3-c-28",FALSE,FALSE,NA,FALSE,"chr14",31126550,31126650,31126600,1075,"-",91260,TRUE,FALSE,FALSE,"distant",31217860,-91260,FALSE,NA,-730.55,FALSE,"disruption"
"Sema3g","218877","chr14","+",31217860,31230352,31025800,31233800,"N3-21",FALSE,FALSE,NA,FALSE,"chr14",31205050,31205150,31205100,2339,"-",12760,TRUE,FALSE,FALSE,"distant",31217860,-12760,FALSE,NA,-102.15,FALSE,"disruption"
"Sema3g","218877","chr14","+",31217860,31230352,31025800,31233800,"N-3-4",FALSE,FALSE,NA,FALSE,"chr14",31205050,31205150,31205100,1477,"-",12760,TRUE,FALSE,FALSE,"distant",31217860,-12760,FALSE,NA,-102.15,FALSE,"disruption"
"Sema3g","218877","chr14","+",31217860,31230352,31025800,31233800,"B3-21",FALSE,FALSE,NA,FALSE,"chr14",31205050,31205150,31205100,36332,"-",12760,TRUE,FALSE,FALSE,"distant",31217860,-12760,FALSE,NA,-102.15,FALSE,"disruption"
"Sema3g","218877","chr14","+",31217860,31230352,31025800,31233800,"B-3-4",FALSE,FALSE,NA,FALSE,"chr14",31205050,31205150,31205100,6340,"-",12760,TRUE,FALSE,FALSE,"distant",31217860,-12760,FALSE,NA,-102.15,FALSE,"disruption"
"Serhl","68607","chr15","+",83089506,83116674,83130800,83147800,"N3-1-5",TRUE,TRUE,"CMZ108",FALSE,"chr15",83130750,83130850,83130800,1524,"-",14126,TRUE,FALSE,FALSE,"distant",83089506,41294,FALSE,NA,151.99,FALSE,"disruption"
"Serhl","68607","chr15","+",83089506,83116674,83130800,83147800,"N-1-10",FALSE,FALSE,NA,FALSE,"chr15",83138650,83138750,83138700,86,"-",22026,TRUE,FALSE,FALSE,"distant",83089506,49194,FALSE,NA,181.07,FALSE,"disruption"
"Serhl","68607","chr15","+",83089506,83116674,83130800,83147800,"N-B02",TRUE,FALSE,NA,FALSE,"chr15",83141450,83141550,83141500,900,"-",24826,TRUE,FALSE,FALSE,"distant",83089506,51994,FALSE,NA,191.38,FALSE,"disruption"
"Serhl","68607","chr15","+",83089506,83116674,83130800,83147800,"B3-21",FALSE,FALSE,NA,FALSE,"chr15",83144050,83144150,83144100,3692,"+",27426,TRUE,FALSE,TRUE,"distant",83089506,54594,FALSE,NA,200.95,FALSE,"disruption"
"Serhl","68607","chr15","+",83089506,83116674,83130800,83147800,"N3-21",FALSE,FALSE,NA,FALSE,"chr15",83144050,83144150,83144100,2799,"+",27426,TRUE,FALSE,TRUE,"distant",83089506,54594,FALSE,NA,200.95,FALSE,"disruption"
"Serhl","68607","chr15","+",83089506,83116674,83130800,83147800,"N-1-10",FALSE,FALSE,NA,FALSE,"chr15",83144550,83144650,83144600,61,"-",27926,TRUE,FALSE,FALSE,"distant",83089506,55094,FALSE,NA,202.79,FALSE,"disruption"
"Setd2","235626","chr9","+",110532597,110618633,110536800,110606800,"N3-12",FALSE,FALSE,NA,FALSE,"chr9",110536750,110536850,110536800,2458,"-",0,FALSE,FALSE,FALSE,"intronic_opposite",110532597,4203,FALSE,1,4.89,FALSE,"disruption"
"Setd2","235626","chr9","+",110532597,110618633,110536800,110606800,"B-2-12",FALSE,TRUE,"CMZ354",FALSE,"chr9",110542550,110542650,110542600,1562,"+",0,FALSE,FALSE,TRUE,"intronic_same",110532597,10003,FALSE,1,11.63,TRUE,"activation"
"Setd2","235626","chr9","+",110532597,110618633,110536800,110606800,"B-2-14",FALSE,FALSE,NA,FALSE,"chr9",110552750,110552850,110552800,11995,"-",0,FALSE,FALSE,FALSE,"intronic_opposite",110532597,20203,FALSE,5,23.48,FALSE,"disruption"
"Setd2","235626","chr9","+",110532597,110618633,110536800,110606800,"N-2-23",FALSE,FALSE,NA,FALSE,"chr9",110557350,110557450,110557400,2835,"-",0,FALSE,FALSE,FALSE,"intronic_opposite",110532597,24803,FALSE,7,28.83,FALSE,"disruption"
"Setd2","235626","chr9","+",110532597,110618633,110536800,110606800,"B-1-4",FALSE,FALSE,NA,FALSE,"chr9",110563350,110563450,110563400,25,"-",0,FALSE,FALSE,FALSE,"intronic_opposite",110532597,30803,FALSE,12,35.8,FALSE,"disruption"
"Setd2","235626","chr9","+",110532597,110618633,110536800,110606800,"N3-1-11",TRUE,FALSE,NA,FALSE,"chr9",110572250,110572350,110572300,2083,"+",0,FALSE,FALSE,TRUE,"intronic_same",110532597,39703,FALSE,19,46.15,FALSE,"disruption"
"Setd2","235626","chr9","+",110532597,110618633,110536800,110606800,"B-A08",TRUE,FALSE,NA,FALSE,"chr9",110578750,110578850,110578800,1953,"-",0,FALSE,FALSE,FALSE,"intronic_opposite",110532597,46203,FALSE,24,53.7,FALSE,"disruption"
"Setd2","235626","chr9","+",110532597,110618633,110536800,110606800,"B-A11",FALSE,TRUE,"CMZ103",FALSE,"chr9",110598350,110598450,110598400,14910,"+",0,FALSE,FALSE,TRUE,"intronic_same",110532597,65803,FALSE,30,76.48,FALSE,"disruption"
"Setd5","72895","chr6","+",113077365,113153435,113080100,113150100,"B3-c-9",FALSE,FALSE,NA,FALSE,"chr6",113080050,113080150,113080100,9894,"+",0,FALSE,FALSE,TRUE,"intronic_same",113077365,2735,FALSE,4,3.6,TRUE,"activation"
"Setd5","72895","chr6","+",113077365,113153435,113080100,113150100,"N3-c-9",FALSE,FALSE,NA,FALSE,"chr6",113080050,113080150,113080100,9016,"+",0,FALSE,FALSE,TRUE,"intronic_same",113077365,2735,FALSE,4,3.6,TRUE,"activation"
"Setd5","72895","chr6","+",113077365,113153435,113080100,113150100,"N3-c-14",FALSE,FALSE,NA,FALSE,"chr6",113095750,113095850,113095800,5503,"+",0,FALSE,FALSE,TRUE,"intronic_same",113077365,18435,FALSE,4,24.23,FALSE,"disruption"
"Setd5","72895","chr6","+",113077365,113153435,113080100,113150100,"B3-c-9",FALSE,FALSE,NA,FALSE,"chr6",113110750,113110850,113110800,1661,"+",0,FALSE,TRUE,TRUE,"exonic_same",113077365,33435,FALSE,NA,43.95,FALSE,"disruption"
"Setd5","72895","chr6","+",113077365,113153435,113080100,113150100,"B-1-2",TRUE,TRUE,"CMZ346",FALSE,"chr6",113115850,113115950,113115900,1182,"+",0,FALSE,FALSE,TRUE,"intronic_same",113077365,38535,FALSE,28,50.66,FALSE,"disruption"
"Setd5","72895","chr6","+",113077365,113153435,113080100,113150100,"N-1-2",TRUE,TRUE,"CMZ346",FALSE,"chr6",113115850,113115950,113115900,248,"+",0,FALSE,FALSE,TRUE,"intronic_same",113077365,38535,FALSE,28,50.66,FALSE,"disruption"
"Setd5","72895","chr6","+",113077365,113153435,113080100,113150100,"B-2-27",FALSE,FALSE,NA,FALSE,"chr6",113124450,113124550,113124500,16976,"+",0,FALSE,FALSE,TRUE,"intronic_same",113077365,47135,FALSE,37,61.96,FALSE,"disruption"
"Setd5","72895","chr6","+",113077365,113153435,113080100,113150100,"N-2-25",FALSE,TRUE,"CMZ349",FALSE,"chr6",113125550,113125650,113125600,2748,"-",0,FALSE,FALSE,FALSE,"intronic_opposite",113077365,48235,FALSE,37,63.41,FALSE,"disruption"
"Setd5","72895","chr6","+",113077365,113153435,113080100,113150100,"N-B08",TRUE,TRUE,"CMZ106",FALSE,"chr6",113144650,113144750,113144700,279,"-",0,FALSE,FALSE,FALSE,"intronic_opposite",113077365,67335,FALSE,44,88.52,FALSE,"disruption"
"Sike1","66641","chr3","+",102995708,103008459,103023100,103040100,"N-A12",FALSE,FALSE,NA,FALSE,"chr3",103023050,103023150,103023100,919,"-",14641,TRUE,FALSE,FALSE,"distant",102995708,27392,FALSE,NA,214.82,FALSE,"disruption"
"Sike1","66641","chr3","+",102995708,103008459,103023100,103040100,"B-A12",FALSE,FALSE,NA,FALSE,"chr3",103023050,103023150,103023100,1524,"-",14641,TRUE,FALSE,FALSE,"distant",102995708,27392,FALSE,NA,214.82,FALSE,"disruption"
"Sike1","66641","chr3","+",102995708,103008459,103023100,103040100,"N3-14",FALSE,FALSE,NA,FALSE,"chr3",103025250,103025350,103025300,1523,"+",16841,TRUE,FALSE,TRUE,"distant",102995708,29592,FALSE,NA,232.08,FALSE,"disruption"
"Sike1","66641","chr3","+",102995708,103008459,103023100,103040100,"N-B09",TRUE,TRUE,"CMZ104",FALSE,"chr3",103035350,103035450,103035400,5889,"-",26941,TRUE,FALSE,FALSE,"distant",102995708,39692,FALSE,NA,311.29,FALSE,"disruption"
"Sike1","66641","chr3","+",102995708,103008459,103023100,103040100,"B3-7",FALSE,FALSE,NA,FALSE,"chr3",103035850,103035950,103035900,630,"-",27441,TRUE,FALSE,FALSE,"distant",102995708,40192,FALSE,NA,315.21,FALSE,"disruption"
"Sirt1","93759","chr10","-",63319005,63381704,63299400,63338400,"N3-9",FALSE,FALSE,NA,FALSE,"chr10",63299350,63299450,63299400,2907,"-",19605,TRUE,FALSE,FALSE,"distant",63381704,82304,FALSE,NA,131.27,FALSE,"disruption"
"Sirt1","93759","chr10","-",63319005,63381704,63299400,63338400,"B3-9",FALSE,FALSE,NA,FALSE,"chr10",63299350,63299450,63299400,10939,"-",19605,TRUE,FALSE,FALSE,"distant",63381704,82304,FALSE,NA,131.27,FALSE,"disruption"
"Sirt1","93759","chr10","-",63319005,63381704,63299400,63338400,"N3-1-15",TRUE,TRUE,"CMZ111,CMZ356",FALSE,"chr10",63323750,63323850,63323800,875,"+",0,FALSE,FALSE,TRUE,"intronic_same",63381704,57904,FALSE,18,92.35,FALSE,"disruption"
"Sirt1","93759","chr10","-",63319005,63381704,63299400,63338400,"B3-1-15",TRUE,TRUE,"CMZ111,CMZ356",FALSE,"chr10",63325650,63325750,63325700,905,"-",0,FALSE,FALSE,FALSE,"intronic_opposite",63381704,56004,FALSE,15,89.32,FALSE,"disruption"
"Sirt1","93759","chr10","-",63319005,63381704,63299400,63338400,"N-A03",TRUE,TRUE,"CMZ111,CMZ356",FALSE,"chr10",63326350,63326450,63326400,2541,"+",0,FALSE,FALSE,TRUE,"intronic_same",63381704,55304,FALSE,14,88.21,FALSE,"disruption"
"Sirt1","93759","chr10","-",63319005,63381704,63299400,63338400,"N3-1-15",TRUE,TRUE,"CMZ111,CMZ356",FALSE,"chr10",63326350,63326450,63326400,4148,"+",0,FALSE,FALSE,TRUE,"intronic_same",63381704,55304,FALSE,14,88.21,FALSE,"disruption"
"Sirt1","93759","chr10","-",63319005,63381704,63299400,63338400,"B-A03",TRUE,TRUE,"CMZ111,CMZ356",FALSE,"chr10",63326450,63326550,63326500,11091,"+",0,FALSE,FALSE,TRUE,"intronic_same",63381704,55204,FALSE,14,88.05,FALSE,"disruption"
"Sirt1","93759","chr10","-",63319005,63381704,63299400,63338400,"B3-1-15",TRUE,TRUE,"CMZ111,CMZ356",FALSE,"chr10",63326450,63326550,63326500,8195,"+",0,FALSE,FALSE,TRUE,"intronic_same",63381704,55204,FALSE,14,88.05,FALSE,"disruption"
"Sirt5","68346","chr13","+",43365496,43395203,43402400,43472400,"B-2-14",FALSE,FALSE,NA,FALSE,"chr13",43402350,43402450,43402400,5081,"+",7197,TRUE,FALSE,TRUE,"distant",43365496,36904,FALSE,NA,124.23,FALSE,"disruption"
"Sirt5","68346","chr13","+",43365496,43395203,43402400,43472400,"N-2-14",FALSE,FALSE,NA,FALSE,"chr13",43402350,43402450,43402400,5915,"+",7197,TRUE,FALSE,TRUE,"distant",43365496,36904,FALSE,NA,124.23,FALSE,"disruption"
"Sirt5","68346","chr13","+",43365496,43395203,43402400,43472400,"B3-19",FALSE,FALSE,NA,FALSE,"chr13",43408450,43408550,43408500,5834,"+",13297,TRUE,FALSE,TRUE,"distant",43365496,43004,FALSE,NA,144.76,FALSE,"disruption"
"Sirt5","68346","chr13","+",43365496,43395203,43402400,43472400,"N3-19",FALSE,FALSE,NA,FALSE,"chr13",43408450,43408550,43408500,12713,"+",13297,TRUE,FALSE,TRUE,"distant",43365496,43004,FALSE,NA,144.76,FALSE,"disruption"
"Sirt5","68346","chr13","+",43365496,43395203,43402400,43472400,"N-A12",FALSE,FALSE,NA,FALSE,"chr13",43436450,43436550,43436500,2025,"-",41297,TRUE,FALSE,FALSE,"distant",43365496,71004,FALSE,NA,239.01,FALSE,"disruption"
"Sirt5","68346","chr13","+",43365496,43395203,43402400,43472400,"N-A12",FALSE,FALSE,NA,FALSE,"chr13",43439250,43439350,43439300,12863,"-",44097,TRUE,FALSE,FALSE,"distant",43365496,73804,FALSE,NA,248.44,FALSE,"disruption"
"Sirt5","68346","chr13","+",43365496,43395203,43402400,43472400,"B-A12",FALSE,FALSE,NA,FALSE,"chr13",43439250,43439350,43439300,1609,"-",44097,TRUE,FALSE,FALSE,"distant",43365496,73804,FALSE,NA,248.44,FALSE,"disruption"
"Sirt5","68346","chr13","+",43365496,43395203,43402400,43472400,"B3-11",FALSE,FALSE,NA,FALSE,"chr13",43456950,43457050,43457000,9501,"+",61797,TRUE,FALSE,TRUE,"distant",43365496,91504,FALSE,NA,308.02,FALSE,"disruption"
"Sirt5","68346","chr13","+",43365496,43395203,43402400,43472400,"B3-8",FALSE,FALSE,NA,FALSE,"chr13",43456950,43457050,43457000,4029,"+",61797,TRUE,FALSE,TRUE,"distant",43365496,91504,FALSE,NA,308.02,FALSE,"disruption"
"Sirt5","68346","chr13","+",43365496,43395203,43402400,43472400,"N3-8",FALSE,FALSE,NA,FALSE,"chr13",43456950,43457050,43457000,1264,"+",61797,TRUE,FALSE,TRUE,"distant",43365496,91504,FALSE,NA,308.02,FALSE,"disruption"
"Sirt5","68346","chr13","+",43365496,43395203,43402400,43472400,"N3-11",FALSE,FALSE,NA,FALSE,"chr13",43456950,43457050,43457000,4196,"+",61797,TRUE,FALSE,TRUE,"distant",43365496,91504,FALSE,NA,308.02,FALSE,"disruption"
"Sirt5","68346","chr13","+",43365496,43395203,43402400,43472400,"N-A03",TRUE,TRUE,"CMZ111,CMZ356",FALSE,"chr13",43459750,43459850,43459800,1573,"-",64597,TRUE,FALSE,FALSE,"distant",43365496,94304,FALSE,NA,317.45,FALSE,"disruption"
"Skil","20482","chr3","+",31095058,31122577,31013600,31122600,"N-A05",FALSE,TRUE,"CMZ109",FALSE,"chr3",31013550,31013650,31013600,1400,"+",81458,TRUE,FALSE,TRUE,"distant",31095058,-81458,FALSE,NA,-296.01,FALSE,"disruption"
"Skil","20482","chr3","+",31095058,31122577,31013600,31122600,"N3-15",FALSE,FALSE,NA,FALSE,"chr3",31021650,31021750,31021700,810,"+",73358,TRUE,FALSE,TRUE,"distant",31095058,-73358,FALSE,NA,-266.57,FALSE,"disruption"
"Skil","20482","chr3","+",31095058,31122577,31013600,31122600,"B-1-4",FALSE,FALSE,NA,FALSE,"chr3",31039850,31039950,31039900,14,"+",55158,TRUE,FALSE,TRUE,"distant",31095058,-55158,FALSE,NA,-200.44,FALSE,"disruption"
"Skil","20482","chr3","+",31095058,31122577,31013600,31122600,"B3-6",TRUE,FALSE,NA,FALSE,"chr3",31088250,31088350,31088300,18480,"+",6758,TRUE,FALSE,TRUE,"distant",31095058,-6758,FALSE,NA,-24.56,FALSE,"disruption"
"Skil","20482","chr3","+",31095058,31122577,31013600,31122600,"N3-6",TRUE,FALSE,NA,FALSE,"chr3",31088250,31088350,31088300,7206,"+",6758,TRUE,FALSE,TRUE,"distant",31095058,-6758,FALSE,NA,-24.56,FALSE,"disruption"
"Skil","20482","chr3","+",31095058,31122577,31013600,31122600,"N3-6",TRUE,FALSE,NA,FALSE,"chr3",31091950,31092050,31092000,800,"+",3058,TRUE,FALSE,TRUE,"distant",31095058,-3058,FALSE,NA,-11.11,FALSE,"disruption"
"Skil","20482","chr3","+",31095058,31122577,31013600,31122600,"N-2-21",FALSE,TRUE,"CMZ353",FALSE,"chr3",31104350,31104450,31104400,112,"+",0,FALSE,FALSE,TRUE,"intronic_same",31095058,9342,FALSE,12,33.95,FALSE,"disruption"
"Skil","20482","chr3","+",31095058,31122577,31013600,31122600,"B-A04",FALSE,TRUE,"CMZ101",FALSE,"chr3",31108950,31109050,31109000,8353,"+",0,FALSE,FALSE,TRUE,"intronic_same",31095058,13942,FALSE,12,50.66,FALSE,"disruption"
"Skil","20482","chr3","+",31095058,31122577,31013600,31122600,"N-A04",FALSE,TRUE,"CMZ101",FALSE,"chr3",31108950,31109050,31109000,16274,"+",0,FALSE,FALSE,TRUE,"intronic_same",31095058,13942,FALSE,12,50.66,FALSE,"disruption"
"Slc16a4","229699","chr3","+",107291230,107312115,107309200,107326200,"B3-12",FALSE,FALSE,NA,FALSE,"chr3",107309150,107309250,107309200,980,"-",0,FALSE,FALSE,FALSE,"intronic_opposite",107291230,17970,FALSE,13,86.04,FALSE,"disruption"
"Slc16a4","229699","chr3","+",107291230,107312115,107309200,107326200,"N3-2",FALSE,FALSE,NA,FALSE,"chr3",107313950,107314050,107314000,1467,"-",1885,FALSE,FALSE,FALSE,"intronic_opposite",107291230,22770,FALSE,NA,109.03,FALSE,"disruption"
"Slc16a4","229699","chr3","+",107291230,107312115,107309200,107326200,"N-B08",TRUE,TRUE,"CMZ106",FALSE,"chr3",107323350,107323450,107323400,247,"-",11285,TRUE,FALSE,FALSE,"distant",107291230,32170,FALSE,NA,154.03,FALSE,"disruption"
"Slc16a4","229699","chr3","+",107291230,107312115,107309200,107326200,"B-B08",TRUE,TRUE,"CMZ106",FALSE,"chr3",107323350,107323450,107323400,218,"-",11285,TRUE,FALSE,FALSE,"distant",107291230,32170,FALSE,NA,154.03,FALSE,"disruption"
"Slc16a4","229699","chr3","+",107291230,107312115,107309200,107326200,"N3-2-21",FALSE,FALSE,NA,FALSE,"chr3",107323550,107323650,107323600,1737,"-",11485,TRUE,FALSE,FALSE,"distant",107291230,32370,FALSE,NA,154.99,FALSE,"disruption"
"Slc16a4","229699","chr3","+",107291230,107312115,107309200,107326200,"B3-2-21",FALSE,FALSE,NA,FALSE,"chr3",107323550,107323650,107323600,886,"-",11485,TRUE,FALSE,FALSE,"distant",107291230,32370,FALSE,NA,154.99,FALSE,"disruption"
"Slc23a1","20522","chr18","-",35614604,35627244,35556000,35823000,"N3-c-28",FALSE,FALSE,NA,FALSE,"chr18",35555950,35556050,35556000,1789,"-",58604,TRUE,FALSE,FALSE,"distant",35627244,71244,FALSE,NA,563.64,FALSE,"disruption"
"Slc23a1","20522","chr18","-",35614604,35627244,35556000,35823000,"B3-7",FALSE,FALSE,NA,FALSE,"chr18",35569650,35569750,35569700,1193,"+",44904,TRUE,FALSE,TRUE,"distant",35627244,57544,FALSE,NA,455.25,FALSE,"disruption"
"Slc23a1","20522","chr18","-",35614604,35627244,35556000,35823000,"B-A10",FALSE,TRUE,"CMZ184",FALSE,"chr18",35571650,35571750,35571700,4917,"+",42904,TRUE,FALSE,TRUE,"distant",35627244,55544,FALSE,NA,439.43,FALSE,"disruption"
"Slc23a1","20522","chr18","-",35614604,35627244,35556000,35823000,"N-A10",FALSE,TRUE,"CMZ184",FALSE,"chr18",35571650,35571750,35571700,1946,"+",42904,TRUE,FALSE,TRUE,"distant",35627244,55544,FALSE,NA,439.43,FALSE,"disruption"
"Slc23a1","20522","chr18","-",35614604,35627244,35556000,35823000,"B-A01",TRUE,TRUE,"CMZ110,CMZ355",FALSE,"chr18",35576150,35576250,35576200,3214,"+",38404,TRUE,FALSE,TRUE,"distant",35627244,51044,FALSE,NA,403.83,FALSE,"disruption"
"Slc23a1","20522","chr18","-",35614604,35627244,35556000,35823000,"N-A01",TRUE,TRUE,"CMZ110,CMZ355",FALSE,"chr18",35576150,35576250,35576200,8152,"+",38404,TRUE,FALSE,TRUE,"distant",35627244,51044,FALSE,NA,403.83,FALSE,"disruption"
"Slc23a1","20522","chr18","-",35614604,35627244,35556000,35823000,"B3-c-10",TRUE,FALSE,NA,FALSE,"chr18",35577350,35577450,35577400,1648,"+",37204,TRUE,FALSE,TRUE,"distant",35627244,49844,FALSE,NA,394.34,FALSE,"disruption"
"Slc23a1","20522","chr18","-",35614604,35627244,35556000,35823000,"N-1-4",FALSE,FALSE,NA,FALSE,"chr18",35603650,35603750,35603700,198,"+",10904,TRUE,FALSE,TRUE,"distant",35627244,23544,FALSE,NA,186.27,FALSE,"disruption"
"Slc23a1","20522","chr18","-",35614604,35627244,35556000,35823000,"N-B03",FALSE,TRUE,"CMZ183",FALSE,"chr18",35612050,35612150,35612100,3638,"+",2504,TRUE,FALSE,TRUE,"distant",35627244,15144,FALSE,NA,119.81,FALSE,"disruption"
"Slc23a1","20522","chr18","-",35614604,35627244,35556000,35823000,"N3-2-7",TRUE,FALSE,NA,FALSE,"chr18",35788950,35789050,35789000,1160,"-",161756,TRUE,FALSE,FALSE,"distant",35627244,-161756,FALSE,NA,-1279.72,FALSE,"disruption"
"Slc23a1","20522","chr18","-",35614604,35627244,35556000,35823000,"B3-2-7",TRUE,FALSE,NA,FALSE,"chr18",35788950,35789050,35789000,1029,"-",161756,TRUE,FALSE,FALSE,"distant",35627244,-161756,FALSE,NA,-1279.72,FALSE,"disruption"
"Slc23a1","20522","chr18","-",35614604,35627244,35556000,35823000,"B3-1",FALSE,FALSE,NA,FALSE,"chr18",35798350,35798450,35798400,809,"+",171156,TRUE,FALSE,TRUE,"distant",35627244,-171156,FALSE,NA,-1354.08,FALSE,"disruption"
"Slc23a1","20522","chr18","-",35614604,35627244,35556000,35823000,"B3-5",FALSE,FALSE,NA,FALSE,"chr18",35798850,35798950,35798900,201,"+",171656,TRUE,FALSE,TRUE,"distant",35627244,-171656,FALSE,NA,-1358.04,FALSE,"disruption"
"Slc23a1","20522","chr18","-",35614604,35627244,35556000,35823000,"N-A08",TRUE,FALSE,NA,FALSE,"chr18",35800950,35801050,35801000,958,"-",173756,TRUE,FALSE,FALSE,"distant",35627244,-173756,FALSE,NA,-1374.65,FALSE,"disruption"
"Slc23a1","20522","chr18","-",35614604,35627244,35556000,35823000,"N-B11",TRUE,TRUE,"CMZ105",FALSE,"chr18",35800950,35801050,35801000,23874,"-",173756,TRUE,FALSE,FALSE,"distant",35627244,-173756,FALSE,NA,-1374.65,FALSE,"disruption"
"Slc23a1","20522","chr18","-",35614604,35627244,35556000,35823000,"B3-5",FALSE,FALSE,NA,FALSE,"chr18",35808550,35808650,35808600,197,"-",181356,TRUE,FALSE,FALSE,"distant",35627244,-181356,FALSE,NA,-1434.78,FALSE,"disruption"
"Slc25a20","57279","chr9","+",108662098,108684641,108623600,108662600,"B3-1-5",TRUE,TRUE,"CMZ108",FALSE,"chr9",108623550,108623650,108623600,5952,"+",38498,TRUE,FALSE,TRUE,"distant",108662098,-38498,FALSE,NA,-170.78,FALSE,"disruption"
"Slc25a20","57279","chr9","+",108662098,108684641,108623600,108662600,"B-B04",TRUE,TRUE,"CMZ108",FALSE,"chr9",108623550,108623650,108623600,8055,"+",38498,TRUE,FALSE,TRUE,"distant",108662098,-38498,FALSE,NA,-170.78,FALSE,"disruption"
"Slc25a20","57279","chr9","+",108662098,108684641,108623600,108662600,"N-B04",TRUE,TRUE,"CMZ108",FALSE,"chr9",108623550,108623650,108623600,3111,"+",38498,TRUE,FALSE,TRUE,"distant",108662098,-38498,FALSE,NA,-170.78,FALSE,"disruption"
"Slc25a20","57279","chr9","+",108662098,108684641,108623600,108662600,"N3-1-5",TRUE,TRUE,"CMZ108",FALSE,"chr9",108623550,108623650,108623600,3941,"+",38498,TRUE,FALSE,TRUE,"distant",108662098,-38498,FALSE,NA,-170.78,FALSE,"disruption"
"Slc25a20","57279","chr9","+",108662098,108684641,108623600,108662600,"N-B10",FALSE,FALSE,NA,FALSE,"chr9",108626250,108626350,108626300,254,"-",35798,TRUE,FALSE,FALSE,"distant",108662098,-35798,FALSE,NA,-158.8,FALSE,"disruption"
"Slc25a20","57279","chr9","+",108662098,108684641,108623600,108662600,"B-2-23",FALSE,FALSE,NA,FALSE,"chr9",108633750,108633850,108633800,579,"+",28298,TRUE,FALSE,TRUE,"distant",108662098,-28298,FALSE,NA,-125.53,FALSE,"disruption"
"Slc25a20","57279","chr9","+",108662098,108684641,108623600,108662600,"B-1-7",FALSE,FALSE,NA,FALSE,"chr9",108646150,108646250,108646200,3931,"+",15898,TRUE,FALSE,TRUE,"distant",108662098,-15898,FALSE,NA,-70.52,FALSE,"disruption"
"Slc25a20","57279","chr9","+",108662098,108684641,108623600,108662600,"N-1-7",FALSE,FALSE,NA,FALSE,"chr9",108646150,108646250,108646200,81,"+",15898,TRUE,FALSE,TRUE,"distant",108662098,-15898,FALSE,NA,-70.52,FALSE,"disruption"
"Slc25a20","57279","chr9","+",108662098,108684641,108623600,108662600,"N3-c-9",FALSE,FALSE,NA,FALSE,"chr9",108646850,108646950,108646900,7090,"+",15198,TRUE,FALSE,TRUE,"distant",108662098,-15198,FALSE,NA,-67.42,FALSE,"disruption"
"Slc39a13","68427","chr2","-",91061791,91070417,90849600,91057600,"N-B02",TRUE,FALSE,NA,FALSE,"chr2",90849550,90849650,90849600,252,"+",212191,TRUE,FALSE,TRUE,"distant",91070417,220817,FALSE,NA,2559.9,FALSE,"disruption"
"Slc39a13","68427","chr2","-",91061791,91070417,90849600,91057600,"N-A12",FALSE,FALSE,NA,FALSE,"chr2",90912250,90912350,90912300,7302,"-",149491,TRUE,FALSE,FALSE,"distant",91070417,158117,FALSE,NA,1833.03,FALSE,"disruption"
"Slc39a13","68427","chr2","-",91061791,91070417,90849600,91057600,"B-A12",FALSE,FALSE,NA,FALSE,"chr2",90912250,90912350,90912300,1089,"-",149491,TRUE,FALSE,FALSE,"distant",91070417,158117,FALSE,NA,1833.03,FALSE,"disruption"
"Slc39a13","68427","chr2","-",91061791,91070417,90849600,91057600,"B-2-14",FALSE,FALSE,NA,FALSE,"chr2",90948950,90949050,90949000,20008,"+",112791,TRUE,FALSE,TRUE,"distant",91070417,121417,FALSE,NA,1407.57,FALSE,"disruption"
"Slc39a13","68427","chr2","-",91061791,91070417,90849600,91057600,"N-2-14",FALSE,FALSE,NA,FALSE,"chr2",90948950,90949050,90949000,22948,"+",112791,TRUE,FALSE,TRUE,"distant",91070417,121417,FALSE,NA,1407.57,FALSE,"disruption"
"Slc39a13","68427","chr2","-",91061791,91070417,90849600,91057600,"N-2-21",FALSE,TRUE,"CMZ353",FALSE,"chr2",90963850,90963950,90963900,135,"+",97891,TRUE,FALSE,TRUE,"distant",91070417,106517,FALSE,NA,1234.84,FALSE,"disruption"
"Slc39a13","68427","chr2","-",91061791,91070417,90849600,91057600,"N-B02",TRUE,FALSE,NA,FALSE,"chr2",90968650,90968750,90968700,367,"+",93091,TRUE,FALSE,TRUE,"distant",91070417,101717,FALSE,NA,1179.19,FALSE,"disruption"
"Slc39a13","68427","chr2","-",91061791,91070417,90849600,91057600,"B-B03",FALSE,TRUE,"CMZ183",FALSE,"chr2",90980050,90980150,90980100,1005,"+",81691,TRUE,FALSE,TRUE,"distant",91070417,90317,FALSE,NA,1047.03,FALSE,"disruption"
"Slc39a13","68427","chr2","-",91061791,91070417,90849600,91057600,"B3-c-9",FALSE,FALSE,NA,FALSE,"chr2",91004550,91004650,91004600,1493,"+",57191,TRUE,FALSE,TRUE,"distant",91070417,65817,FALSE,NA,763.01,FALSE,"disruption"
"Slc39a13","68427","chr2","-",91061791,91070417,90849600,91057600,"N-B02",TRUE,FALSE,NA,FALSE,"chr2",91010850,91010950,91010900,623,"+",50891,TRUE,FALSE,TRUE,"distant",91070417,59517,FALSE,NA,689.97,FALSE,"disruption"
"Slc39a13","68427","chr2","-",91061791,91070417,90849600,91057600,"N3-2-36",TRUE,FALSE,NA,FALSE,"chr2",91010950,91011050,91011000,5012,"-",50791,TRUE,FALSE,FALSE,"distant",91070417,59417,FALSE,NA,688.81,FALSE,"disruption"
"Slc39a13","68427","chr2","-",91061791,91070417,90849600,91057600,"B3-c-32",TRUE,FALSE,NA,FALSE,"chr2",91010950,91011050,91011000,11908,"-",50791,TRUE,FALSE,FALSE,"distant",91070417,59417,FALSE,NA,688.81,FALSE,"disruption"
"Slc39a13","68427","chr2","-",91061791,91070417,90849600,91057600,"B3-2-36",TRUE,FALSE,NA,FALSE,"chr2",91010950,91011050,91011000,9677,"-",50791,TRUE,FALSE,FALSE,"distant",91070417,59417,FALSE,NA,688.81,FALSE,"disruption"
"Slc39a13","68427","chr2","-",91061791,91070417,90849600,91057600,"N3-2-36",TRUE,FALSE,NA,FALSE,"chr2",91013750,91013850,91013800,2667,"-",47991,TRUE,FALSE,FALSE,"distant",91070417,56617,FALSE,NA,656.35,FALSE,"disruption"
"Slc39a13","68427","chr2","-",91061791,91070417,90849600,91057600,"B3-2-36",TRUE,FALSE,NA,FALSE,"chr2",91013750,91013850,91013800,1995,"-",47991,TRUE,FALSE,FALSE,"distant",91070417,56617,FALSE,NA,656.35,FALSE,"disruption"
"Sltm","66660","chr9","+",70542754,70592234,70439900,70740900,"N3-1-11",TRUE,FALSE,NA,FALSE,"chr9",70439850,70439950,70439900,2126,"+",102854,TRUE,FALSE,TRUE,"distant",70542754,-102854,FALSE,NA,-207.87,FALSE,"disruption"
"Sltm","66660","chr9","+",70542754,70592234,70439900,70740900,"B-A07",FALSE,TRUE,"CMZ182,CMZ357",FALSE,"chr9",70455750,70455850,70455800,58401,"+",86954,TRUE,FALSE,TRUE,"distant",70542754,-86954,FALSE,NA,-175.74,FALSE,"disruption"
"Sltm","66660","chr9","+",70542754,70592234,70439900,70740900,"B3-1-13",FALSE,TRUE,"CMZ182,CMZ357",FALSE,"chr9",70455750,70455850,70455800,6689,"+",86954,TRUE,FALSE,TRUE,"distant",70542754,-86954,FALSE,NA,-175.74,FALSE,"disruption"
"Sltm","66660","chr9","+",70542754,70592234,70439900,70740900,"N3-1-13",FALSE,TRUE,"CMZ182,CMZ357",FALSE,"chr9",70455750,70455850,70455800,1053,"+",86954,TRUE,FALSE,TRUE,"distant",70542754,-86954,FALSE,NA,-175.74,FALSE,"disruption"
"Sltm","66660","chr9","+",70542754,70592234,70439900,70740900,"N-A07",FALSE,TRUE,"CMZ182,CMZ357",FALSE,"chr9",70455750,70455850,70455800,234,"+",86954,TRUE,FALSE,TRUE,"distant",70542754,-86954,FALSE,NA,-175.74,FALSE,"disruption"
"Sltm","66660","chr9","+",70542754,70592234,70439900,70740900,"N3-2-21",FALSE,FALSE,NA,FALSE,"chr9",70472750,70472850,70472800,3145,"+",69954,TRUE,FALSE,TRUE,"distant",70542754,-69954,FALSE,NA,-141.38,FALSE,"disruption"
"Sltm","66660","chr9","+",70542754,70592234,70439900,70740900,"N3-c-9",FALSE,FALSE,NA,FALSE,"chr9",70476850,70476950,70476900,12674,"-",65854,TRUE,FALSE,FALSE,"distant",70542754,-65854,FALSE,NA,-133.09,FALSE,"disruption"
"Sltm","66660","chr9","+",70542754,70592234,70439900,70740900,"B3-c-9",FALSE,FALSE,NA,FALSE,"chr9",70476850,70476950,70476900,3220,"-",65854,TRUE,FALSE,FALSE,"distant",70542754,-65854,FALSE,NA,-133.09,FALSE,"disruption"
"Sltm","66660","chr9","+",70542754,70592234,70439900,70740900,"N-3-1",FALSE,FALSE,NA,FALSE,"chr9",70499050,70499150,70499100,793,"+",43654,TRUE,FALSE,TRUE,"distant",70542754,-43654,FALSE,NA,-88.23,FALSE,"disruption"
"Sltm","66660","chr9","+",70542754,70592234,70439900,70740900,"B3-1-13",FALSE,TRUE,"CMZ182,CMZ357",FALSE,"chr9",70514250,70514350,70514300,871,"+",28454,TRUE,FALSE,TRUE,"distant",70542754,-28454,FALSE,NA,-57.51,FALSE,"disruption"
"Sltm","66660","chr9","+",70542754,70592234,70439900,70740900,"N3-1-13",FALSE,TRUE,"CMZ182,CMZ357",FALSE,"chr9",70514250,70514350,70514300,759,"-",28454,TRUE,FALSE,FALSE,"distant",70542754,-28454,FALSE,NA,-57.51,FALSE,"disruption"
"Sltm","66660","chr9","+",70542754,70592234,70439900,70740900,"B3-7",FALSE,FALSE,NA,FALSE,"chr9",70554950,70555050,70555000,740,"-",0,FALSE,FALSE,FALSE,"intronic_opposite",70542754,12246,FALSE,8,24.75,FALSE,"disruption"
"Sltm","66660","chr9","+",70542754,70592234,70439900,70740900,"N-2-21",FALSE,TRUE,"CMZ353",FALSE,"chr9",70556050,70556150,70556100,129,"+",0,FALSE,FALSE,TRUE,"intronic_same",70542754,13346,FALSE,8,26.97,FALSE,"disruption"
"Sltm","66660","chr9","+",70542754,70592234,70439900,70740900,"B3-5",FALSE,FALSE,NA,FALSE,"chr9",70614350,70614450,70614400,266,"-",22166,TRUE,FALSE,FALSE,"distant",70542754,71646,FALSE,NA,144.8,FALSE,"disruption"
"Sltm","66660","chr9","+",70542754,70592234,70439900,70740900,"N3-1-2",TRUE,TRUE,"CMZ107",FALSE,"chr9",70630150,70630250,70630200,1686,"-",37966,TRUE,FALSE,FALSE,"distant",70542754,87446,FALSE,NA,176.73,FALSE,"disruption"
"Sltm","66660","chr9","+",70542754,70592234,70439900,70740900,"B3-1-11",TRUE,FALSE,NA,FALSE,"chr9",70680850,70680950,70680900,1362,"-",88666,TRUE,FALSE,FALSE,"distant",70542754,138146,FALSE,NA,279.2,FALSE,"disruption"
"Sltm","66660","chr9","+",70542754,70592234,70439900,70740900,"B-1-10",FALSE,FALSE,NA,FALSE,"chr9",70700650,70700750,70700700,73,"+",108466,TRUE,FALSE,TRUE,"distant",70542754,157946,FALSE,NA,319.21,FALSE,"disruption"
"Sltm","66660","chr9","+",70542754,70592234,70439900,70740900,"N-1-4",FALSE,FALSE,NA,FALSE,"chr9",70717350,70717450,70717400,8,"+",125166,TRUE,FALSE,TRUE,"distant",70542754,174646,FALSE,NA,352.96,FALSE,"disruption"
"Sltm","66660","chr9","+",70542754,70592234,70439900,70740900,"B-2-25",FALSE,TRUE,"CMZ349",FALSE,"chr9",70724850,70724950,70724900,3094,"+",132666,TRUE,FALSE,TRUE,"distant",70542754,182146,FALSE,NA,368.12,FALSE,"disruption"
"Sltm","66660","chr9","+",70542754,70592234,70439900,70740900,"N-2-25",FALSE,TRUE,"CMZ349",FALSE,"chr9",70724850,70724950,70724900,1822,"+",132666,TRUE,FALSE,TRUE,"distant",70542754,182146,FALSE,NA,368.12,FALSE,"disruption"
"Sltm","66660","chr9","+",70542754,70592234,70439900,70740900,"N3-17",TRUE,FALSE,NA,FALSE,"chr9",70736350,70736450,70736400,2196,"-",144166,TRUE,FALSE,FALSE,"distant",70542754,193646,FALSE,NA,391.36,FALSE,"disruption"
"Sltm","66660","chr9","+",70542754,70592234,70439900,70740900,"B3-17",TRUE,FALSE,NA,FALSE,"chr9",70736350,70736450,70736400,2687,"-",144166,TRUE,FALSE,FALSE,"distant",70542754,193646,FALSE,NA,391.36,FALSE,"disruption"
"Smad4","17128","chr18","-",73639009,73703780,73578000,73687000,"B3-2-22",TRUE,TRUE,"CMZ347",FALSE,"chr18",73577950,73578050,73578000,6843,"+",61009,TRUE,FALSE,TRUE,"distant",73703780,125780,FALSE,NA,194.19,FALSE,"disruption"
"Smad4","17128","chr18","-",73639009,73703780,73578000,73687000,"N3-2-22",TRUE,TRUE,"CMZ347",FALSE,"chr18",73577950,73578050,73578000,6066,"+",61009,TRUE,FALSE,TRUE,"distant",73703780,125780,FALSE,NA,194.19,FALSE,"disruption"
"Smad4","17128","chr18","-",73639009,73703780,73578000,73687000,"N-1-2",TRUE,TRUE,"CMZ346",FALSE,"chr18",73582750,73582850,73582800,346,"+",56209,TRUE,FALSE,TRUE,"distant",73703780,120980,FALSE,NA,186.78,FALSE,"disruption"
"Smad4","17128","chr18","-",73639009,73703780,73578000,73687000,"B-2-12",FALSE,TRUE,"CMZ354",FALSE,"chr18",73586850,73586950,73586900,23604,"+",52109,TRUE,FALSE,TRUE,"distant",73703780,116880,FALSE,NA,180.45,FALSE,"disruption"
"Smad4","17128","chr18","-",73639009,73703780,73578000,73687000,"N-2-12",FALSE,TRUE,"CMZ354",FALSE,"chr18",73586850,73586950,73586900,37322,"+",52109,TRUE,FALSE,TRUE,"distant",73703780,116880,FALSE,NA,180.45,FALSE,"disruption"
"Smad4","17128","chr18","-",73639009,73703780,73578000,73687000,"B-1-7",FALSE,FALSE,NA,FALSE,"chr18",73594250,73594350,73594300,4804,"+",44709,TRUE,FALSE,TRUE,"distant",73703780,109480,FALSE,NA,169.03,FALSE,"disruption"
"Smad4","17128","chr18","-",73639009,73703780,73578000,73687000,"N-A12",FALSE,FALSE,NA,FALSE,"chr18",73645550,73645650,73645600,10693,"-",0,FALSE,FALSE,FALSE,"intronic_opposite",73703780,58180,FALSE,16,89.82,FALSE,"disruption"
"Smad4","17128","chr18","-",73639009,73703780,73578000,73687000,"B-A12",FALSE,FALSE,NA,FALSE,"chr18",73645550,73645650,73645600,4002,"-",0,FALSE,FALSE,FALSE,"intronic_opposite",73703780,58180,FALSE,16,89.82,FALSE,"disruption"
"Smad4","17128","chr18","-",73639009,73703780,73578000,73687000,"B-A05",FALSE,TRUE,"CMZ109",FALSE,"chr18",73650050,73650150,73650100,2248,"-",0,FALSE,FALSE,FALSE,"intronic_opposite",73703780,53680,FALSE,11,82.88,FALSE,"disruption"
"Smad4","17128","chr18","-",73639009,73703780,73578000,73687000,"B3-c-32",TRUE,FALSE,NA,FALSE,"chr18",73653950,73654050,73654000,1726,"+",0,FALSE,FALSE,TRUE,"intronic_same",73703780,49780,FALSE,11,76.86,FALSE,"disruption"
"Smad4","17128","chr18","-",73639009,73703780,73578000,73687000,"B-A02",FALSE,TRUE,"CMZ181",FALSE,"chr18",73656050,73656150,73656100,11513,"+",0,FALSE,FALSE,TRUE,"intronic_same",73703780,47680,FALSE,11,73.61,FALSE,"disruption"
"Smad4","17128","chr18","-",73639009,73703780,73578000,73687000,"N-A02",FALSE,TRUE,"CMZ181",FALSE,"chr18",73656050,73656150,73656100,3881,"+",0,FALSE,FALSE,TRUE,"intronic_same",73703780,47680,FALSE,11,73.61,FALSE,"disruption"
"Smad4","17128","chr18","-",73639009,73703780,73578000,73687000,"B-3-1",FALSE,FALSE,NA,FALSE,"chr18",73656250,73656350,73656300,2334,"+",0,FALSE,FALSE,TRUE,"intronic_same",73703780,47480,FALSE,11,73.3,FALSE,"disruption"
"Smad4","17128","chr18","-",73639009,73703780,73578000,73687000,"N-3-1",FALSE,FALSE,NA,FALSE,"chr18",73656250,73656350,73656300,2086,"+",0,FALSE,FALSE,TRUE,"intronic_same",73703780,47480,FALSE,11,73.3,FALSE,"disruption"
"Smad4","17128","chr18","-",73639009,73703780,73578000,73687000,"N-2-12",FALSE,TRUE,"CMZ354",FALSE,"chr18",73670850,73670950,73670900,6005,"-",0,FALSE,FALSE,FALSE,"intronic_opposite",73703780,32880,FALSE,6,50.76,FALSE,"disruption"
"Smurf2","66313","chr11","-",106820066,106920715,106828100,107095100,"B-2-26",TRUE,TRUE,"CMZ347",TRUE,"chr11",106828050,106828150,106828100,7087,"-",0,FALSE,FALSE,FALSE,"intronic_opposite",106920715,92615,FALSE,25,92.02,FALSE,"disruption"
"Smurf2","66313","chr11","-",106820066,106920715,106828100,107095100,"B-2-23",FALSE,FALSE,NA,FALSE,"chr11",106862350,106862450,106862400,384,"+",0,FALSE,FALSE,TRUE,"intronic_same",106920715,58315,FALSE,11,57.94,FALSE,"disruption"
"Smurf2","66313","chr11","-",106820066,106920715,106828100,107095100,"B-B04",TRUE,TRUE,"CMZ108",FALSE,"chr11",106867150,106867250,106867200,2504,"+",0,FALSE,FALSE,TRUE,"intronic_same",106920715,53515,FALSE,10,53.17,FALSE,"disruption"
"Smurf2","66313","chr11","-",106820066,106920715,106828100,107095100,"B3-1-5",TRUE,TRUE,"CMZ108",FALSE,"chr11",106867150,106867250,106867200,1243,"+",0,FALSE,FALSE,TRUE,"intronic_same",106920715,53515,FALSE,10,53.17,FALSE,"disruption"
"Smurf2","66313","chr11","-",106820066,106920715,106828100,107095100,"N-A10",FALSE,TRUE,"CMZ184",FALSE,"chr11",106884950,106885050,106885000,412,"-",0,FALSE,FALSE,FALSE,"intronic_opposite",106920715,35715,FALSE,6,35.48,FALSE,"disruption"
"Smurf2","66313","chr11","-",106820066,106920715,106828100,107095100,"N3-c-10",TRUE,FALSE,NA,FALSE,"chr11",106885550,106885650,106885600,4032,"-",0,FALSE,FALSE,FALSE,"intronic_opposite",106920715,35115,FALSE,6,34.89,FALSE,"disruption"
"Smurf2","66313","chr11","-",106820066,106920715,106828100,107095100,"N3-c-10",TRUE,FALSE,NA,FALSE,"chr11",106892350,106892450,106892400,15043,"+",0,FALSE,FALSE,TRUE,"intronic_same",106920715,28315,FALSE,6,28.13,FALSE,"disruption"
"Smurf2","66313","chr11","-",106820066,106920715,106828100,107095100,"B3-c-10",TRUE,FALSE,NA,FALSE,"chr11",106893050,106893150,106893100,2414,"+",0,FALSE,FALSE,TRUE,"intronic_same",106920715,27615,FALSE,6,27.44,FALSE,"disruption"
"Smurf2","66313","chr11","-",106820066,106920715,106828100,107095100,"N3-2-22",TRUE,TRUE,"CMZ347",TRUE,"chr11",106906150,106906250,106906200,3208,"+",0,FALSE,FALSE,TRUE,"intronic_same",106920715,14515,FALSE,6,14.42,TRUE,"activation"
"Smurf2","66313","chr11","-",106820066,106920715,106828100,107095100,"B3-c-28",FALSE,FALSE,NA,FALSE,"chr11",106915050,106915150,106915100,853,"+",0,FALSE,FALSE,TRUE,"intronic_same",106920715,5615,FALSE,6,5.58,TRUE,"activation"
"Smurf2","66313","chr11","-",106820066,106920715,106828100,107095100,"B3-c-10",TRUE,FALSE,NA,FALSE,"chr11",106941250,106941350,106941300,1181,"-",20585,TRUE,FALSE,FALSE,"distant",106920715,-20585,FALSE,NA,-20.45,FALSE,"disruption"
"Smurf2","66313","chr11","-",106820066,106920715,106828100,107095100,"B-A05",FALSE,TRUE,"CMZ109",FALSE,"chr11",106993150,106993250,106993200,647,"-",72485,TRUE,FALSE,FALSE,"distant",106920715,-72485,FALSE,NA,-72.02,FALSE,"disruption"
"Smurf2","66313","chr11","-",106820066,106920715,106828100,107095100,"B3-11",FALSE,FALSE,NA,FALSE,"chr11",107001650,107001750,107001700,5577,"+",80985,TRUE,FALSE,TRUE,"distant",106920715,-80985,FALSE,NA,-80.46,FALSE,"disruption"
"Smurf2","66313","chr11","-",106820066,106920715,106828100,107095100,"B3-8",FALSE,FALSE,NA,FALSE,"chr11",107001650,107001750,107001700,1592,"+",80985,TRUE,FALSE,TRUE,"distant",106920715,-80985,FALSE,NA,-80.46,FALSE,"disruption"
"Smurf2","66313","chr11","-",106820066,106920715,106828100,107095100,"N-B07",TRUE,TRUE,"CMZ107",FALSE,"chr11",107030750,107030850,107030800,5632,"+",110085,TRUE,FALSE,TRUE,"distant",106920715,-110085,FALSE,NA,-109.38,FALSE,"disruption"
"Smurf2","66313","chr11","-",106820066,106920715,106828100,107095100,"B-1-2",TRUE,TRUE,"CMZ346",FALSE,"chr11",107045150,107045250,107045200,262,"-",124485,TRUE,FALSE,FALSE,"distant",106920715,-124485,FALSE,NA,-123.68,FALSE,"disruption"
"Smurf2","66313","chr11","-",106820066,106920715,106828100,107095100,"N3-14",FALSE,FALSE,NA,FALSE,"chr11",107056150,107056250,107056200,2791,"-",135485,TRUE,FALSE,FALSE,"distant",106920715,-135485,FALSE,NA,-134.61,FALSE,"disruption"
"Smurf2","66313","chr11","-",106820066,106920715,106828100,107095100,"B3-13",FALSE,FALSE,NA,FALSE,"chr11",107068150,107068250,107068200,1111,"+",147485,TRUE,FALSE,TRUE,"distant",106920715,-147485,FALSE,NA,-146.53,FALSE,"disruption"
"Smurf2","66313","chr11","-",106820066,106920715,106828100,107095100,"N-B02",TRUE,FALSE,NA,FALSE,"chr11",107084850,107084950,107084900,232,"+",164185,TRUE,FALSE,TRUE,"distant",106920715,-164185,FALSE,NA,-163.13,FALSE,"disruption"
"Smurf2","66313","chr11","-",106820066,106920715,106828100,107095100,"N3-2",FALSE,FALSE,NA,FALSE,"chr11",107087250,107087350,107087300,1333,"-",166585,TRUE,FALSE,FALSE,"distant",106920715,-166585,FALSE,NA,-165.51,FALSE,"disruption"
"Snapc4","227644","chr2","-",26362765,26380653,26388200,26497200,"B3-3",FALSE,FALSE,NA,FALSE,"chr2",26388150,26388250,26388200,942,"+",7547,TRUE,FALSE,TRUE,"distant",26380653,-7547,FALSE,NA,-42.19,FALSE,"disruption"
"Snapc4","227644","chr2","-",26362765,26380653,26388200,26497200,"N3-1-13",FALSE,TRUE,"CMZ182,CMZ357",FALSE,"chr2",26405350,26405450,26405400,868,"-",24747,TRUE,FALSE,FALSE,"distant",26380653,-24747,FALSE,NA,-138.34,FALSE,"disruption"
"Snapc4","227644","chr2","-",26362765,26380653,26388200,26497200,"B-A07",FALSE,TRUE,"CMZ182,CMZ357",FALSE,"chr2",26405350,26405450,26405400,2119,"-",24747,TRUE,FALSE,FALSE,"distant",26380653,-24747,FALSE,NA,-138.34,FALSE,"disruption"
"Snapc4","227644","chr2","-",26362765,26380653,26388200,26497200,"N-3-4",FALSE,FALSE,NA,FALSE,"chr2",26417050,26417150,26417100,9676,"-",36447,TRUE,FALSE,FALSE,"distant",26380653,-36447,FALSE,NA,-203.75,FALSE,"disruption"
"Snapc4","227644","chr2","-",26362765,26380653,26388200,26497200,"N3-21",FALSE,FALSE,NA,FALSE,"chr2",26417050,26417150,26417100,15269,"-",36447,TRUE,FALSE,FALSE,"distant",26380653,-36447,FALSE,NA,-203.75,FALSE,"disruption"
"Snapc4","227644","chr2","-",26362765,26380653,26388200,26497200,"B-3-4",FALSE,FALSE,NA,FALSE,"chr2",26417050,26417150,26417100,1436,"-",36447,TRUE,FALSE,FALSE,"distant",26380653,-36447,FALSE,NA,-203.75,FALSE,"disruption"
"Snapc4","227644","chr2","-",26362765,26380653,26388200,26497200,"B3-21",FALSE,FALSE,NA,FALSE,"chr2",26417050,26417150,26417100,5738,"-",36447,TRUE,FALSE,FALSE,"distant",26380653,-36447,FALSE,NA,-203.75,FALSE,"disruption"
"Snapc4","227644","chr2","-",26362765,26380653,26388200,26497200,"B-3-1",FALSE,FALSE,NA,FALSE,"chr2",26432550,26432650,26432600,3379,"+",51947,TRUE,FALSE,TRUE,"distant",26380653,-51947,FALSE,NA,-290.4,FALSE,"disruption"
"Snapc4","227644","chr2","-",26362765,26380653,26388200,26497200,"N-3-1",FALSE,FALSE,NA,FALSE,"chr2",26432550,26432650,26432600,4899,"+",51947,TRUE,FALSE,TRUE,"distant",26380653,-51947,FALSE,NA,-290.4,FALSE,"disruption"
"Snapc4","227644","chr2","-",26362765,26380653,26388200,26497200,"B3-5",FALSE,FALSE,NA,FALSE,"chr2",26459250,26459350,26459300,564,"+",78647,TRUE,FALSE,TRUE,"distant",26380653,-78647,FALSE,NA,-439.66,FALSE,"disruption"
"Snapc4","227644","chr2","-",26362765,26380653,26388200,26497200,"N-A04",FALSE,TRUE,"CMZ101",FALSE,"chr2",26461050,26461150,26461100,866,"+",80447,TRUE,FALSE,TRUE,"distant",26380653,-80447,FALSE,NA,-449.73,FALSE,"disruption"
"Snapc4","227644","chr2","-",26362765,26380653,26388200,26497200,"B-3-1",FALSE,FALSE,NA,FALSE,"chr2",26462650,26462750,26462700,181,"+",82047,TRUE,FALSE,TRUE,"distant",26380653,-82047,FALSE,NA,-458.67,FALSE,"disruption"
"Snapc4","227644","chr2","-",26362765,26380653,26388200,26497200,"N-3-1",FALSE,FALSE,NA,FALSE,"chr2",26462650,26462750,26462700,819,"+",82047,TRUE,FALSE,TRUE,"distant",26380653,-82047,FALSE,NA,-458.67,FALSE,"disruption"
"Snapc4","227644","chr2","-",26362765,26380653,26388200,26497200,"B-1-10",FALSE,FALSE,NA,FALSE,"chr2",26481550,26481650,26481600,87,"+",100947,TRUE,FALSE,TRUE,"distant",26380653,-100947,FALSE,NA,-564.33,FALSE,"disruption"
"Sp3","20687","chr2","-",72936427,72980446,72937900,72976900,"B-2-21",FALSE,TRUE,"CMZ353",FALSE,"chr2",72937850,72937950,72937900,1474,"+",0,FALSE,TRUE,TRUE,"exonic_same",72980446,42546,FALSE,NA,96.65,FALSE,"disruption"
"Sp3","20687","chr2","-",72936427,72980446,72937900,72976900,"B3-7",FALSE,FALSE,NA,FALSE,"chr2",72944350,72944450,72944400,492,"+",0,FALSE,FALSE,TRUE,"intronic_same",72980446,36046,FALSE,9,81.89,FALSE,"disruption"
"Sp3","20687","chr2","-",72936427,72980446,72937900,72976900,"B-2-17",TRUE,TRUE,"CMZ345",FALSE,"chr2",72945450,72945550,72945500,2363,"+",0,FALSE,FALSE,TRUE,"intronic_same",72980446,34946,FALSE,9,79.39,FALSE,"disruption"
"Sp3","20687","chr2","-",72936427,72980446,72937900,72976900,"B3-9",FALSE,FALSE,NA,FALSE,"chr2",72957450,72957550,72957500,2515,"+",0,FALSE,FALSE,TRUE,"intronic_same",72980446,22946,FALSE,7,52.13,FALSE,"disruption"
"Sp3","20687","chr2","-",72936427,72980446,72937900,72976900,"B3-19",FALSE,FALSE,NA,FALSE,"chr2",72965750,72965850,72965800,1025,"-",0,FALSE,FALSE,FALSE,"intronic_opposite",72980446,14646,FALSE,7,33.27,FALSE,"disruption"
"Sp3","20687","chr2","-",72936427,72980446,72937900,72976900,"B-A01",TRUE,TRUE,"CMZ110,CMZ355",FALSE,"chr2",72971350,72971450,72971400,12209,"-",0,FALSE,TRUE,FALSE,"exonic_opposite",72980446,9046,FALSE,NA,20.55,FALSE,"disruption"
"Spata24","71242","chr18","-",35656689,35662186,35556000,35823000,"N3-c-28",FALSE,FALSE,NA,FALSE,"chr18",35555950,35556050,35556000,1789,"-",100689,TRUE,FALSE,FALSE,"distant",35662186,106186,FALSE,NA,1931.71,FALSE,"disruption"
"Spata24","71242","chr18","-",35656689,35662186,35556000,35823000,"B3-7",FALSE,FALSE,NA,FALSE,"chr18",35569650,35569750,35569700,1193,"+",86989,TRUE,FALSE,TRUE,"distant",35662186,92486,FALSE,NA,1682.48,FALSE,"disruption"
"Spata24","71242","chr18","-",35656689,35662186,35556000,35823000,"B-A10",FALSE,TRUE,"CMZ184",FALSE,"chr18",35571650,35571750,35571700,4917,"+",84989,TRUE,FALSE,TRUE,"distant",35662186,90486,FALSE,NA,1646.1,FALSE,"disruption"
"Spata24","71242","chr18","-",35656689,35662186,35556000,35823000,"N-A10",FALSE,TRUE,"CMZ184",FALSE,"chr18",35571650,35571750,35571700,1946,"+",84989,TRUE,FALSE,TRUE,"distant",35662186,90486,FALSE,NA,1646.1,FALSE,"disruption"
"Spata24","71242","chr18","-",35656689,35662186,35556000,35823000,"B-A01",TRUE,TRUE,"CMZ110,CMZ355",FALSE,"chr18",35576150,35576250,35576200,3214,"+",80489,TRUE,FALSE,TRUE,"distant",35662186,85986,FALSE,NA,1564.24,FALSE,"disruption"
"Spata24","71242","chr18","-",35656689,35662186,35556000,35823000,"N-A01",TRUE,TRUE,"CMZ110,CMZ355",FALSE,"chr18",35576150,35576250,35576200,8152,"+",80489,TRUE,FALSE,TRUE,"distant",35662186,85986,FALSE,NA,1564.24,FALSE,"disruption"
"Spata24","71242","chr18","-",35656689,35662186,35556000,35823000,"B3-c-10",TRUE,FALSE,NA,FALSE,"chr18",35577350,35577450,35577400,1648,"+",79289,TRUE,FALSE,TRUE,"distant",35662186,84786,FALSE,NA,1542.4,FALSE,"disruption"
"Spata24","71242","chr18","-",35656689,35662186,35556000,35823000,"N-1-4",FALSE,FALSE,NA,FALSE,"chr18",35603650,35603750,35603700,198,"+",52989,TRUE,FALSE,TRUE,"distant",35662186,58486,FALSE,NA,1063.96,FALSE,"disruption"
"Spata24","71242","chr18","-",35656689,35662186,35556000,35823000,"N-B03",FALSE,TRUE,"CMZ183",FALSE,"chr18",35612050,35612150,35612100,3638,"+",44589,TRUE,FALSE,TRUE,"distant",35662186,50086,FALSE,NA,911.15,FALSE,"disruption"
"Spata24","71242","chr18","-",35656689,35662186,35556000,35823000,"N3-2-7",TRUE,FALSE,NA,FALSE,"chr18",35788950,35789050,35789000,1160,"-",126814,TRUE,FALSE,FALSE,"distant",35662186,-126814,FALSE,NA,-2306.97,FALSE,"disruption"
"Spata24","71242","chr18","-",35656689,35662186,35556000,35823000,"B3-2-7",TRUE,FALSE,NA,FALSE,"chr18",35788950,35789050,35789000,1029,"-",126814,TRUE,FALSE,FALSE,"distant",35662186,-126814,FALSE,NA,-2306.97,FALSE,"disruption"
"Spata24","71242","chr18","-",35656689,35662186,35556000,35823000,"B3-1",FALSE,FALSE,NA,FALSE,"chr18",35798350,35798450,35798400,809,"+",136214,TRUE,FALSE,TRUE,"distant",35662186,-136214,FALSE,NA,-2477.97,FALSE,"disruption"
"Spata24","71242","chr18","-",35656689,35662186,35556000,35823000,"B3-5",FALSE,FALSE,NA,FALSE,"chr18",35798850,35798950,35798900,201,"+",136714,TRUE,FALSE,TRUE,"distant",35662186,-136714,FALSE,NA,-2487.07,FALSE,"disruption"
"Spata24","71242","chr18","-",35656689,35662186,35556000,35823000,"N-A08",TRUE,FALSE,NA,FALSE,"chr18",35800950,35801050,35801000,958,"-",138814,TRUE,FALSE,FALSE,"distant",35662186,-138814,FALSE,NA,-2525.27,FALSE,"disruption"
"Spata24","71242","chr18","-",35656689,35662186,35556000,35823000,"N-B11",TRUE,TRUE,"CMZ105",FALSE,"chr18",35800950,35801050,35801000,23874,"-",138814,TRUE,FALSE,FALSE,"distant",35662186,-138814,FALSE,NA,-2525.27,FALSE,"disruption"
"Spata24","71242","chr18","-",35656689,35662186,35556000,35823000,"B3-5",FALSE,FALSE,NA,FALSE,"chr18",35808550,35808650,35808600,197,"-",146414,TRUE,FALSE,FALSE,"distant",35662186,-146414,FALSE,NA,-2663.53,FALSE,"disruption"
"Spred1","114715","chr2","+",117121374,117182279,117126100,117196100,"B3-19",FALSE,FALSE,NA,FALSE,"chr2",117126050,117126150,117126100,2171,"-",0,FALSE,FALSE,FALSE,"intronic_opposite",117121374,4726,FALSE,2,7.76,FALSE,"disruption"
"Spred1","114715","chr2","+",117121374,117182279,117126100,117196100,"N-2-23",FALSE,FALSE,NA,FALSE,"chr2",117146350,117146450,117146400,17820,"-",0,FALSE,FALSE,FALSE,"intronic_opposite",117121374,25026,FALSE,2,41.09,FALSE,"disruption"
"Spred1","114715","chr2","+",117121374,117182279,117126100,117196100,"B-2-23",FALSE,FALSE,NA,FALSE,"chr2",117146350,117146450,117146400,439,"-",0,FALSE,FALSE,FALSE,"intronic_opposite",117121374,25026,FALSE,2,41.09,FALSE,"disruption"
"Spred1","114715","chr2","+",117121374,117182279,117126100,117196100,"B-A08",TRUE,FALSE,NA,FALSE,"chr2",117153150,117153250,117153200,11169,"-",0,FALSE,FALSE,FALSE,"intronic_opposite",117121374,31826,FALSE,3,52.26,FALSE,"disruption"
"Spred1","114715","chr2","+",117121374,117182279,117126100,117196100,"B-B10",FALSE,FALSE,NA,FALSE,"chr2",117158850,117158950,117158900,12444,"-",0,FALSE,FALSE,FALSE,"intronic_opposite",117121374,37526,FALSE,3,61.61,FALSE,"disruption"
"Spred1","114715","chr2","+",117121374,117182279,117126100,117196100,"B-A02",FALSE,TRUE,"CMZ181",FALSE,"chr2",117186450,117186550,117186500,7404,"+",4221,TRUE,FALSE,TRUE,"distant",117121374,65126,FALSE,NA,106.93,FALSE,"disruption"
"Spred1","114715","chr2","+",117121374,117182279,117126100,117196100,"N-3-1",FALSE,FALSE,NA,FALSE,"chr2",117186850,117186950,117186900,538,"-",4621,TRUE,FALSE,FALSE,"distant",117121374,65526,FALSE,NA,107.59,FALSE,"disruption"
"Stab1","192187","chr14","-",31139013,31168641,31025800,31233800,"B3-c-10",TRUE,FALSE,NA,FALSE,"chr14",31025750,31025850,31025800,3335,"+",113213,TRUE,FALSE,TRUE,"distant",31168641,142841,FALSE,NA,482.11,FALSE,"disruption"
"Stab1","192187","chr14","-",31139013,31168641,31025800,31233800,"N-A01",TRUE,TRUE,"CMZ110,CMZ355",FALSE,"chr14",31026750,31026850,31026800,4567,"+",112213,TRUE,FALSE,TRUE,"distant",31168641,141841,FALSE,NA,478.74,FALSE,"disruption"
"Stab1","192187","chr14","-",31139013,31168641,31025800,31233800,"B3-c-10",TRUE,FALSE,NA,FALSE,"chr14",31030750,31030850,31030800,6185,"+",108213,TRUE,FALSE,TRUE,"distant",31168641,137841,FALSE,NA,465.24,FALSE,"disruption"
"Stab1","192187","chr14","-",31139013,31168641,31025800,31233800,"B-B11",TRUE,TRUE,"CMZ105",FALSE,"chr14",31041250,31041350,31041300,4371,"-",97713,TRUE,FALSE,FALSE,"distant",31168641,127341,FALSE,NA,429.8,FALSE,"disruption"
"Stab1","192187","chr14","-",31139013,31168641,31025800,31233800,"B3-c-10",TRUE,FALSE,NA,FALSE,"chr14",31051250,31051350,31051300,4840,"+",87713,TRUE,FALSE,TRUE,"distant",31168641,117341,FALSE,NA,396.05,FALSE,"disruption"
"Stab1","192187","chr14","-",31139013,31168641,31025800,31233800,"N3-c-10",TRUE,FALSE,NA,FALSE,"chr14",31059750,31059850,31059800,9919,"-",79213,TRUE,FALSE,FALSE,"distant",31168641,108841,FALSE,NA,367.36,FALSE,"disruption"
"Stab1","192187","chr14","-",31139013,31168641,31025800,31233800,"B3-12",FALSE,FALSE,NA,FALSE,"chr14",31104250,31104350,31104300,764,"-",34713,TRUE,FALSE,FALSE,"distant",31168641,64341,FALSE,NA,217.16,FALSE,"disruption"
"Stab1","192187","chr14","-",31139013,31168641,31025800,31233800,"N3-1-13",FALSE,TRUE,"CMZ182,CMZ357",FALSE,"chr14",31107550,31107650,31107600,1312,"-",31413,TRUE,FALSE,FALSE,"distant",31168641,61041,FALSE,NA,206.02,FALSE,"disruption"
"Stab1","192187","chr14","-",31139013,31168641,31025800,31233800,"B3-1-13",FALSE,TRUE,"CMZ182,CMZ357",FALSE,"chr14",31107550,31107650,31107600,570,"-",31413,TRUE,FALSE,FALSE,"distant",31168641,61041,FALSE,NA,206.02,FALSE,"disruption"
"Stab1","192187","chr14","-",31139013,31168641,31025800,31233800,"N3-c-28",FALSE,FALSE,NA,FALSE,"chr14",31126550,31126650,31126600,1916,"-",12413,TRUE,FALSE,FALSE,"distant",31168641,42041,FALSE,NA,141.9,FALSE,"disruption"
"Stab1","192187","chr14","-",31139013,31168641,31025800,31233800,"B3-c-28",FALSE,FALSE,NA,FALSE,"chr14",31126550,31126650,31126600,1075,"-",12413,TRUE,FALSE,FALSE,"distant",31168641,42041,FALSE,NA,141.9,FALSE,"disruption"
"Stab1","192187","chr14","-",31139013,31168641,31025800,31233800,"N3-21",FALSE,FALSE,NA,FALSE,"chr14",31205050,31205150,31205100,2339,"-",36459,TRUE,FALSE,FALSE,"distant",31168641,-36459,FALSE,NA,-123.06,FALSE,"disruption"
"Stab1","192187","chr14","-",31139013,31168641,31025800,31233800,"N-3-4",FALSE,FALSE,NA,FALSE,"chr14",31205050,31205150,31205100,1477,"-",36459,TRUE,FALSE,FALSE,"distant",31168641,-36459,FALSE,NA,-123.06,FALSE,"disruption"
"Stab1","192187","chr14","-",31139013,31168641,31025800,31233800,"B3-21",FALSE,FALSE,NA,FALSE,"chr14",31205050,31205150,31205100,36332,"-",36459,TRUE,FALSE,FALSE,"distant",31168641,-36459,FALSE,NA,-123.06,FALSE,"disruption"
"Stab1","192187","chr14","-",31139013,31168641,31025800,31233800,"B-3-4",FALSE,FALSE,NA,FALSE,"chr14",31205050,31205150,31205100,6340,"-",36459,TRUE,FALSE,FALSE,"distant",31168641,-36459,FALSE,NA,-123.06,FALSE,"disruption"
"Stag1","20842","chr9","+",100597798,100958545,100658500,100866500,"B-2-25",FALSE,TRUE,"CMZ349",FALSE,"chr9",100658450,100658550,100658500,1582,"-",0,FALSE,FALSE,FALSE,"intronic_opposite",100597798,60702,FALSE,8,16.83,FALSE,"disruption"
"Stag1","20842","chr9","+",100597798,100958545,100658500,100866500,"B-A04",FALSE,TRUE,"CMZ101",FALSE,"chr9",100684650,100684750,100684700,1293,"+",0,FALSE,FALSE,TRUE,"intronic_same",100597798,86902,FALSE,9,24.09,FALSE,"disruption"
"Stag1","20842","chr9","+",100597798,100958545,100658500,100866500,"B3-1-15",TRUE,TRUE,"CMZ111,CMZ356",FALSE,"chr9",100689550,100689650,100689600,2043,"+",0,FALSE,FALSE,TRUE,"intronic_same",100597798,91802,FALSE,9,25.45,FALSE,"disruption"
"Stag1","20842","chr9","+",100597798,100958545,100658500,100866500,"N3-2-7",TRUE,FALSE,NA,FALSE,"chr9",100695750,100695850,100695800,8371,"-",0,FALSE,FALSE,FALSE,"intronic_opposite",100597798,98002,FALSE,9,27.17,FALSE,"disruption"
"Stag1","20842","chr9","+",100597798,100958545,100658500,100866500,"B3-c-9",FALSE,FALSE,NA,FALSE,"chr9",100728750,100728850,100728800,1686,"+",0,FALSE,FALSE,TRUE,"intronic_same",100597798,131002,FALSE,13,36.31,FALSE,"disruption"
"Stag1","20842","chr9","+",100597798,100958545,100658500,100866500,"B3-5",FALSE,FALSE,NA,FALSE,"chr9",100748750,100748850,100748800,302,"+",0,FALSE,FALSE,TRUE,"intronic_same",100597798,151002,FALSE,16,41.86,FALSE,"disruption"
"Stag1","20842","chr9","+",100597798,100958545,100658500,100866500,"N-A08",TRUE,FALSE,NA,FALSE,"chr9",100755850,100755950,100755900,1284,"-",0,FALSE,FALSE,FALSE,"intronic_opposite",100597798,158102,FALSE,16,43.83,FALSE,"disruption"
"Stag1","20842","chr9","+",100597798,100958545,100658500,100866500,"N-A07",FALSE,TRUE,"CMZ182,CMZ357",FALSE,"chr9",100804950,100805050,100805000,202,"-",0,FALSE,FALSE,FALSE,"intronic_opposite",100597798,207202,FALSE,23,57.44,FALSE,"disruption"
"Stag1","20842","chr9","+",100597798,100958545,100658500,100866500,"N-A04",FALSE,TRUE,"CMZ101",FALSE,"chr9",100849950,100850050,100850000,2030,"-",0,FALSE,FALSE,FALSE,"intronic_opposite",100597798,252202,FALSE,30,69.91,FALSE,"disruption"
"Stag1","20842","chr9","+",100597798,100958545,100658500,100866500,"B-A04",FALSE,TRUE,"CMZ101",FALSE,"chr9",100849950,100850050,100850000,2440,"-",0,FALSE,FALSE,FALSE,"intronic_opposite",100597798,252202,FALSE,30,69.91,FALSE,"disruption"
"Stag1","20842","chr9","+",100597798,100958545,100658500,100866500,"N-1-7",FALSE,FALSE,NA,FALSE,"chr9",100858650,100858750,100858700,93,"-",0,FALSE,FALSE,FALSE,"intronic_opposite",100597798,260902,FALSE,33,72.32,FALSE,"disruption"
"Stat3","20848","chr11","-",100885098,100939540,100900900,100970900,"B-A10",FALSE,TRUE,"CMZ184",FALSE,"chr11",100900850,100900950,100900900,784,"+",0,FALSE,FALSE,TRUE,"intronic_same",100939540,38640,FALSE,21,70.97,FALSE,"disruption"
"Stat3","20848","chr11","-",100885098,100939540,100900900,100970900,"N3-c-9",FALSE,FALSE,NA,FALSE,"chr11",100906450,100906550,100906500,9125,"-",0,FALSE,FALSE,FALSE,"intronic_opposite",100939540,33040,FALSE,9,60.69,FALSE,"disruption"
"Stat3","20848","chr11","-",100885098,100939540,100900900,100970900,"B3-2-22",TRUE,TRUE,"CMZ347",FALSE,"chr11",100914350,100914450,100914400,1188,"-",0,FALSE,FALSE,FALSE,"intronic_opposite",100939540,25140,FALSE,4,46.18,FALSE,"disruption"
"Stat3","20848","chr11","-",100885098,100939540,100900900,100970900,"B3-11",FALSE,FALSE,NA,FALSE,"chr11",100920350,100920450,100920400,2190,"+",0,FALSE,FALSE,TRUE,"intronic_same",100939540,19140,FALSE,4,35.16,FALSE,"disruption"
"Stat3","20848","chr11","-",100885098,100939540,100900900,100970900,"N3-11",FALSE,FALSE,NA,FALSE,"chr11",100920350,100920450,100920400,759,"+",0,FALSE,FALSE,TRUE,"intronic_same",100939540,19140,FALSE,4,35.16,FALSE,"disruption"
"Stat3","20848","chr11","-",100885098,100939540,100900900,100970900,"N3-3",FALSE,FALSE,NA,FALSE,"chr11",100930950,100931050,100931000,719,"+",0,FALSE,FALSE,TRUE,"intronic_same",100939540,8540,FALSE,4,15.69,TRUE,"activation"
"Stat3","20848","chr11","-",100885098,100939540,100900900,100970900,"B-B07",TRUE,TRUE,"CMZ107",FALSE,"chr11",100951550,100951650,100951600,869,"+",12060,TRUE,FALSE,TRUE,"distant",100939540,-12060,FALSE,NA,-22.15,FALSE,"disruption"
"Stat3","20848","chr11","-",100885098,100939540,100900900,100970900,"B-A11",FALSE,TRUE,"CMZ103",FALSE,"chr11",100957950,100958050,100958000,3937,"+",18460,TRUE,FALSE,TRUE,"distant",100939540,-18460,FALSE,NA,-33.91,FALSE,"disruption"
"Stat3","20848","chr11","-",100885098,100939540,100900900,100970900,"N-A11",FALSE,TRUE,"CMZ103",FALSE,"chr11",100957950,100958050,100958000,8964,"+",18460,TRUE,FALSE,TRUE,"distant",100939540,-18460,FALSE,NA,-33.91,FALSE,"disruption"
"Stat5a","20850","chr11","+",100859351,100885169,100900900,100970900,"B-A10",FALSE,TRUE,"CMZ184",FALSE,"chr11",100900850,100900950,100900900,784,"+",15731,TRUE,FALSE,TRUE,"distant",100859351,41549,FALSE,NA,160.93,FALSE,"disruption"
"Stat5a","20850","chr11","+",100859351,100885169,100900900,100970900,"N3-c-9",FALSE,FALSE,NA,FALSE,"chr11",100906450,100906550,100906500,9125,"-",21331,TRUE,FALSE,FALSE,"distant",100859351,47149,FALSE,NA,182.62,FALSE,"disruption"
"Stat5a","20850","chr11","+",100859351,100885169,100900900,100970900,"B3-2-22",TRUE,TRUE,"CMZ347",FALSE,"chr11",100914350,100914450,100914400,1188,"-",29231,TRUE,FALSE,FALSE,"distant",100859351,55049,FALSE,NA,213.22,FALSE,"disruption"
"Stat5a","20850","chr11","+",100859351,100885169,100900900,100970900,"B3-11",FALSE,FALSE,NA,FALSE,"chr11",100920350,100920450,100920400,2190,"+",35231,TRUE,FALSE,TRUE,"distant",100859351,61049,FALSE,NA,236.46,FALSE,"disruption"
"Stat5a","20850","chr11","+",100859351,100885169,100900900,100970900,"N3-11",FALSE,FALSE,NA,FALSE,"chr11",100920350,100920450,100920400,759,"+",35231,TRUE,FALSE,TRUE,"distant",100859351,61049,FALSE,NA,236.46,FALSE,"disruption"
"Stat5a","20850","chr11","+",100859351,100885169,100900900,100970900,"N3-3",FALSE,FALSE,NA,FALSE,"chr11",100930950,100931050,100931000,719,"+",45831,TRUE,FALSE,TRUE,"distant",100859351,71649,FALSE,NA,277.52,FALSE,"disruption"
"Stat5a","20850","chr11","+",100859351,100885169,100900900,100970900,"B-B07",TRUE,TRUE,"CMZ107",FALSE,"chr11",100951550,100951650,100951600,869,"+",66431,TRUE,FALSE,TRUE,"distant",100859351,92249,FALSE,NA,357.3,FALSE,"disruption"
"Stat5a","20850","chr11","+",100859351,100885169,100900900,100970900,"B-A11",FALSE,TRUE,"CMZ103",FALSE,"chr11",100957950,100958050,100958000,3937,"+",72831,TRUE,FALSE,TRUE,"distant",100859351,98649,FALSE,NA,382.09,FALSE,"disruption"
"Stat5a","20850","chr11","+",100859351,100885169,100900900,100970900,"N-A11",FALSE,TRUE,"CMZ103",FALSE,"chr11",100957950,100958050,100958000,8964,"+",72831,TRUE,FALSE,TRUE,"distant",100859351,98649,FALSE,NA,382.09,FALSE,"disruption"
"Strbp","20744","chr2","-",37483228,37703859,37378600,37679600,"B3-14",FALSE,FALSE,NA,FALSE,"chr2",37378550,37378650,37378600,2792,"+",104628,TRUE,FALSE,TRUE,"distant",37703859,325259,FALSE,NA,147.42,FALSE,"disruption"
"Strbp","20744","chr2","-",37483228,37703859,37378600,37679600,"N3-3",FALSE,FALSE,NA,FALSE,"chr2",37379250,37379350,37379300,265,"+",103928,TRUE,FALSE,TRUE,"distant",37703859,324559,FALSE,NA,147.1,FALSE,"disruption"
"Strbp","20744","chr2","-",37483228,37703859,37378600,37679600,"N3-1-3",TRUE,TRUE,"CMZ104",FALSE,"chr2",37381450,37381550,37381500,12889,"+",101728,TRUE,FALSE,TRUE,"distant",37703859,322359,FALSE,NA,146.11,FALSE,"disruption"
"Strbp","20744","chr2","-",37483228,37703859,37378600,37679600,"N3-14",FALSE,FALSE,NA,FALSE,"chr2",37426750,37426850,37426800,448,"-",56428,TRUE,FALSE,FALSE,"distant",37703859,277059,FALSE,NA,125.58,FALSE,"disruption"
"Strbp","20744","chr2","-",37483228,37703859,37378600,37679600,"B-B08",TRUE,TRUE,"CMZ106",FALSE,"chr2",37442550,37442650,37442600,277,"-",40628,TRUE,FALSE,FALSE,"distant",37703859,261259,FALSE,NA,118.41,FALSE,"disruption"
"Strbp","20744","chr2","-",37483228,37703859,37378600,37679600,"B-2-23",FALSE,FALSE,NA,FALSE,"chr2",37525950,37526050,37526000,407,"+",0,FALSE,FALSE,TRUE,"intronic_same",37703859,177859,FALSE,39,80.61,FALSE,"disruption"
"Strbp","20744","chr2","-",37483228,37703859,37378600,37679600,"N3-5",FALSE,FALSE,NA,FALSE,"chr2",37559950,37560050,37560000,1174,"-",0,FALSE,FALSE,FALSE,"intronic_opposite",37703859,143859,FALSE,39,65.2,FALSE,"disruption"
"Strbp","20744","chr2","-",37483228,37703859,37378600,37679600,"N3-6",TRUE,FALSE,NA,FALSE,"chr2",37589050,37589150,37589100,765,"-",0,FALSE,FALSE,FALSE,"intronic_opposite",37703859,114759,FALSE,27,52.01,FALSE,"disruption"
"Strbp","20744","chr2","-",37483228,37703859,37378600,37679600,"B3-11",FALSE,FALSE,NA,FALSE,"chr2",37613050,37613150,37613100,1722,"-",0,FALSE,FALSE,FALSE,"intronic_opposite",37703859,90759,FALSE,20,41.14,FALSE,"disruption"
"Strbp","20744","chr2","-",37483228,37703859,37378600,37679600,"N3-9",FALSE,FALSE,NA,FALSE,"chr2",37657050,37657150,37657100,4277,"-",0,FALSE,FALSE,FALSE,"intronic_opposite",37703859,46759,FALSE,6,21.19,FALSE,"disruption"
"Strbp","20744","chr2","-",37483228,37703859,37378600,37679600,"B3-9",FALSE,FALSE,NA,FALSE,"chr2",37657050,37657150,37657100,5053,"-",0,FALSE,FALSE,FALSE,"intronic_opposite",37703859,46759,FALSE,6,21.19,FALSE,"disruption"
"Strbp","20744","chr2","-",37483228,37703859,37378600,37679600,"N-A07",FALSE,TRUE,"CMZ182,CMZ357",FALSE,"chr2",37664750,37664850,37664800,376,"+",0,FALSE,FALSE,TRUE,"intronic_same",37703859,39059,FALSE,5,17.7,TRUE,"activation"
"Synpo2l","68760","chr14","-",20658946,20668354,20679500,20749500,"N-B05",FALSE,FALSE,NA,FALSE,"chr14",20679450,20679550,20679500,8596,"-",11146,TRUE,FALSE,FALSE,"distant",20668354,-11146,FALSE,NA,-118.47,FALSE,"disruption"
"Synpo2l","68760","chr14","-",20658946,20668354,20679500,20749500,"B-B05",FALSE,FALSE,NA,FALSE,"chr14",20679450,20679550,20679500,7396,"-",11146,TRUE,FALSE,FALSE,"distant",20668354,-11146,FALSE,NA,-118.47,FALSE,"disruption"
"Synpo2l","68760","chr14","-",20658946,20668354,20679500,20749500,"B3-5",FALSE,FALSE,NA,FALSE,"chr14",20692250,20692350,20692300,214,"+",23946,TRUE,FALSE,TRUE,"distant",20668354,-23946,FALSE,NA,-254.53,FALSE,"disruption"
"Synpo2l","68760","chr14","-",20658946,20668354,20679500,20749500,"B3-c-10",TRUE,FALSE,NA,FALSE,"chr14",20700450,20700550,20700500,1869,"+",32146,TRUE,FALSE,TRUE,"distant",20668354,-32146,FALSE,NA,-341.69,FALSE,"disruption"
"Synpo2l","68760","chr14","-",20658946,20668354,20679500,20749500,"N3-c-14",FALSE,FALSE,NA,FALSE,"chr14",20700650,20700750,20700700,591,"-",32346,TRUE,FALSE,FALSE,"distant",20668354,-32346,FALSE,NA,-343.81,FALSE,"disruption"
"Synpo2l","68760","chr14","-",20658946,20668354,20679500,20749500,"B3-c-14",FALSE,FALSE,NA,FALSE,"chr14",20700650,20700750,20700700,3336,"-",32346,TRUE,FALSE,FALSE,"distant",20668354,-32346,FALSE,NA,-343.81,FALSE,"disruption"
"Synpo2l","68760","chr14","-",20658946,20668354,20679500,20749500,"N3-c-14",FALSE,FALSE,NA,FALSE,"chr14",20701050,20701150,20701100,3718,"-",32746,TRUE,FALSE,FALSE,"distant",20668354,-32746,FALSE,NA,-348.07,FALSE,"disruption"
"Synpo2l","68760","chr14","-",20658946,20668354,20679500,20749500,"N-2-25",FALSE,TRUE,"CMZ349",FALSE,"chr14",20720650,20720750,20720700,18994,"-",52346,TRUE,FALSE,FALSE,"distant",20668354,-52346,FALSE,NA,-556.4,FALSE,"disruption"
"Synpo2l","68760","chr14","-",20658946,20668354,20679500,20749500,"B-2-25",FALSE,TRUE,"CMZ349",FALSE,"chr14",20720650,20720750,20720700,5768,"-",52346,TRUE,FALSE,FALSE,"distant",20668354,-52346,FALSE,NA,-556.4,FALSE,"disruption"
"Tarbp2","21357","chr15","+",102518192,102523676,102474800,102513800,"B-2-25",FALSE,TRUE,"CMZ349",FALSE,"chr15",102474750,102474850,102474800,3498,"+",43392,TRUE,FALSE,TRUE,"distant",102518192,-43392,FALSE,NA,-791.25,FALSE,"disruption"
"Tarbp2","21357","chr15","+",102518192,102523676,102474800,102513800,"N-2-25",FALSE,TRUE,"CMZ349",FALSE,"chr15",102474750,102474850,102474800,8013,"+",43392,TRUE,FALSE,TRUE,"distant",102518192,-43392,FALSE,NA,-791.25,FALSE,"disruption"
"Tarbp2","21357","chr15","+",102518192,102523676,102474800,102513800,"N3-19",FALSE,FALSE,NA,FALSE,"chr15",102474950,102475050,102475000,11983,"-",43192,TRUE,FALSE,FALSE,"distant",102518192,-43192,FALSE,NA,-787.6,FALSE,"disruption"
"Tarbp2","21357","chr15","+",102518192,102523676,102474800,102513800,"B3-19",FALSE,FALSE,NA,FALSE,"chr15",102474950,102475050,102475000,6526,"-",43192,TRUE,FALSE,FALSE,"distant",102518192,-43192,FALSE,NA,-787.6,FALSE,"disruption"
"Tarbp2","21357","chr15","+",102518192,102523676,102474800,102513800,"B3-c-9",FALSE,FALSE,NA,FALSE,"chr15",102496550,102496650,102496600,1521,"+",21592,TRUE,FALSE,TRUE,"distant",102518192,-21592,FALSE,NA,-393.73,FALSE,"disruption"
"Tarbp2","21357","chr15","+",102518192,102523676,102474800,102513800,"B-A08",TRUE,FALSE,NA,FALSE,"chr15",102499950,102500050,102500000,4169,"-",18192,TRUE,FALSE,FALSE,"distant",102518192,-18192,FALSE,NA,-331.73,FALSE,"disruption"
"Tarbp2","21357","chr15","+",102518192,102523676,102474800,102513800,"B3-5",FALSE,FALSE,NA,FALSE,"chr15",102502250,102502350,102502300,339,"+",15892,TRUE,FALSE,TRUE,"distant",102518192,-15892,FALSE,NA,-289.79,FALSE,"disruption"
"Tbl1x","21372","chrX","+",77511013,77662983,77544000,77653000,"B-2-21",FALSE,TRUE,"CMZ353",FALSE,"chrX",77543950,77544050,77544000,1979,"+",0,FALSE,FALSE,TRUE,"intronic_same",77511013,32987,FALSE,2,21.71,TRUE,"activation"
"Tbl1x","21372","chrX","+",77511013,77662983,77544000,77653000,"B3-7",FALSE,FALSE,NA,FALSE,"chrX",77564350,77564450,77564400,516,"+",0,FALSE,FALSE,TRUE,"intronic_same",77511013,53387,FALSE,2,35.13,TRUE,"activation"
"Tbl1x","21372","chrX","+",77511013,77662983,77544000,77653000,"B-1-10",FALSE,FALSE,NA,FALSE,"chrX",77570050,77570150,77570100,44,"-",0,FALSE,FALSE,FALSE,"intronic_opposite",77511013,59087,FALSE,2,38.88,FALSE,"disruption"
"Tbl1x","21372","chrX","+",77511013,77662983,77544000,77653000,"N-B07",TRUE,TRUE,"CMZ107",FALSE,"chrX",77574750,77574850,77574800,8985,"+",0,FALSE,FALSE,TRUE,"intronic_same",77511013,63787,FALSE,2,41.97,TRUE,"activation"
"Tbl1x","21372","chrX","+",77511013,77662983,77544000,77653000,"B-B07",TRUE,TRUE,"CMZ107",FALSE,"chrX",77577250,77577350,77577300,2164,"+",0,FALSE,FALSE,TRUE,"intronic_same",77511013,66287,FALSE,2,43.62,TRUE,"activation"
"Tbl1x","21372","chrX","+",77511013,77662983,77544000,77653000,"B3-1-2",TRUE,TRUE,"CMZ107",FALSE,"chrX",77577250,77577350,77577300,10114,"+",0,FALSE,FALSE,TRUE,"intronic_same",77511013,66287,FALSE,2,43.62,TRUE,"activation"
"Tbl1x","21372","chrX","+",77511013,77662983,77544000,77653000,"N3-1-2",TRUE,TRUE,"CMZ107",FALSE,"chrX",77577250,77577350,77577300,12293,"+",0,FALSE,FALSE,TRUE,"intronic_same",77511013,66287,FALSE,2,43.62,TRUE,"activation"
"Tbl1x","21372","chrX","+",77511013,77662983,77544000,77653000,"N-B07",TRUE,TRUE,"CMZ107",FALSE,"chrX",77577250,77577350,77577300,34192,"+",0,FALSE,FALSE,TRUE,"intronic_same",77511013,66287,FALSE,2,43.62,TRUE,"activation"
"Tbl1x","21372","chrX","+",77511013,77662983,77544000,77653000,"B3-1-3",TRUE,TRUE,"CMZ104",FALSE,"chrX",77606850,77606950,77606900,2849,"+",0,FALSE,FALSE,TRUE,"intronic_same",77511013,95887,FALSE,3,63.1,TRUE,"activation"
"Tbl1x","21372","chrX","+",77511013,77662983,77544000,77653000,"N3-1-3",TRUE,TRUE,"CMZ104",FALSE,"chrX",77606850,77606950,77606900,8035,"+",0,FALSE,FALSE,TRUE,"intronic_same",77511013,95887,FALSE,3,63.1,TRUE,"activation"
"Tbl1x","21372","chrX","+",77511013,77662983,77544000,77653000,"B-A07",FALSE,TRUE,"CMZ182,CMZ357",FALSE,"chrX",77620050,77620150,77620100,5532,"-",0,FALSE,FALSE,FALSE,"intronic_opposite",77511013,109087,FALSE,3,71.78,FALSE,"disruption"
"Tbl1x","21372","chrX","+",77511013,77662983,77544000,77653000,"N3-4",FALSE,FALSE,NA,FALSE,"chrX",77634650,77634750,77634700,2486,"-",0,FALSE,FALSE,FALSE,"intronic_opposite",77511013,123687,FALSE,4,81.39,FALSE,"disruption"
"Tbl1x","21372","chrX","+",77511013,77662983,77544000,77653000,"B3-4",FALSE,FALSE,NA,FALSE,"chrX",77634650,77634750,77634700,4678,"-",0,FALSE,FALSE,FALSE,"intronic_opposite",77511013,123687,FALSE,4,81.39,FALSE,"disruption"
"Tcf12","21406","chr9","-",71842688,72111871,71900400,72108400,"B-B08",TRUE,TRUE,"CMZ106",FALSE,"chr9",71900350,71900450,71900400,312,"-",0,FALSE,FALSE,FALSE,"intronic_opposite",72111871,211471,FALSE,25,78.56,FALSE,"disruption"
"Tcf12","21406","chr9","-",71842688,72111871,71900400,72108400,"B-A05",FALSE,TRUE,"CMZ109",FALSE,"chr9",71946550,71946650,71946600,760,"+",0,FALSE,FALSE,TRUE,"intronic_same",72111871,165271,FALSE,19,61.4,FALSE,"disruption"
"Tcf12","21406","chr9","-",71842688,72111871,71900400,72108400,"B-A12",FALSE,FALSE,NA,FALSE,"chr9",71946550,71946650,71946600,1275,"+",0,FALSE,FALSE,TRUE,"intronic_same",72111871,165271,FALSE,19,61.4,FALSE,"disruption"
"Tcf12","21406","chr9","-",71842688,72111871,71900400,72108400,"N-A12",FALSE,FALSE,NA,FALSE,"chr9",71946550,71946650,71946600,870,"+",0,FALSE,FALSE,TRUE,"intronic_same",72111871,165271,FALSE,19,61.4,FALSE,"disruption"
"Tcf12","21406","chr9","-",71842688,72111871,71900400,72108400,"N3-2-36",TRUE,FALSE,NA,FALSE,"chr9",71953850,71953950,71953900,8784,"+",0,FALSE,FALSE,TRUE,"intronic_same",72111871,157971,FALSE,19,58.69,FALSE,"disruption"
"Tcf12","21406","chr9","-",71842688,72111871,71900400,72108400,"N3-c-32",TRUE,FALSE,NA,FALSE,"chr9",71953850,71953950,71953900,20921,"+",0,FALSE,FALSE,TRUE,"intronic_same",72111871,157971,FALSE,19,58.69,FALSE,"disruption"
"Tcf12","21406","chr9","-",71842688,72111871,71900400,72108400,"B3-5",FALSE,FALSE,NA,FALSE,"chr9",71981050,71981150,71981100,174,"+",0,FALSE,FALSE,TRUE,"intronic_same",72111871,130771,FALSE,19,48.58,FALSE,"disruption"
"Tcf12","21406","chr9","-",71842688,72111871,71900400,72108400,"N-A07",FALSE,TRUE,"CMZ182,CMZ357",FALSE,"chr9",72010650,72010750,72010700,171,"+",0,FALSE,FALSE,TRUE,"intronic_same",72111871,101171,FALSE,15,37.58,FALSE,"disruption"
"Tcf12","21406","chr9","-",71842688,72111871,71900400,72108400,"N-1-4",FALSE,FALSE,NA,FALSE,"chr9",72011550,72011650,72011600,12,"-",0,FALSE,FALSE,FALSE,"intronic_opposite",72111871,100271,FALSE,15,37.25,FALSE,"disruption"
"Tcf12","21406","chr9","-",71842688,72111871,71900400,72108400,"B-2-25",FALSE,TRUE,"CMZ349",FALSE,"chr9",72053650,72053750,72053700,2025,"-",0,FALSE,FALSE,FALSE,"intronic_opposite",72111871,58171,FALSE,14,21.61,FALSE,"disruption"
"Tcf12","21406","chr9","-",71842688,72111871,71900400,72108400,"B-2-17",TRUE,TRUE,"CMZ345",TRUE,"chr9",72056850,72056950,72056900,41880,"+",0,FALSE,FALSE,TRUE,"intronic_same",72111871,54971,FALSE,14,20.42,FALSE,"disruption"
"Tcf12","21406","chr9","-",71842688,72111871,71900400,72108400,"N-A05",FALSE,TRUE,"CMZ109",FALSE,"chr9",72063550,72063650,72063600,668,"-",0,FALSE,FALSE,FALSE,"intronic_opposite",72111871,48271,FALSE,14,17.93,FALSE,"disruption"
"Tcf12","21406","chr9","-",71842688,72111871,71900400,72108400,"B-A05",FALSE,TRUE,"CMZ109",FALSE,"chr9",72063550,72063650,72063600,1600,"-",0,FALSE,FALSE,FALSE,"intronic_opposite",72111871,48271,FALSE,14,17.93,FALSE,"disruption"
"Tcf12","21406","chr9","-",71842688,72111871,71900400,72108400,"B3-1-13",FALSE,TRUE,"CMZ182,CMZ357",FALSE,"chr9",72064750,72064850,72064800,1614,"+",0,FALSE,FALSE,TRUE,"intronic_same",72111871,47071,FALSE,14,17.49,TRUE,"activation"
"Tcf12","21406","chr9","-",71842688,72111871,71900400,72108400,"N-1-6",FALSE,TRUE,"CMZ350",FALSE,"chr9",72064850,72064950,72064900,224,"+",0,FALSE,FALSE,TRUE,"intronic_same",72111871,46971,FALSE,14,17.45,TRUE,"activation"
"Tcf12","21406","chr9","-",71842688,72111871,71900400,72108400,"B3-c-10",TRUE,FALSE,NA,FALSE,"chr9",72070150,72070250,72070200,4300,"+",0,FALSE,FALSE,TRUE,"intronic_same",72111871,41671,FALSE,14,15.48,TRUE,"activation"
"Tcf12","21406","chr9","-",71842688,72111871,71900400,72108400,"B3-1-5",TRUE,TRUE,"CMZ108",FALSE,"chr9",72107350,72107450,72107400,13337,"+",0,FALSE,FALSE,TRUE,"intronic_same",72111871,4471,FALSE,14,1.66,TRUE,"activation"
"Tcf12","21406","chr9","-",71842688,72111871,71900400,72108400,"B-B04",TRUE,TRUE,"CMZ108",FALSE,"chr9",72107350,72107450,72107400,15621,"+",0,FALSE,FALSE,TRUE,"intronic_same",72111871,4471,FALSE,14,1.66,TRUE,"activation"
"Tcf12","21406","chr9","-",71842688,72111871,71900400,72108400,"N-B04",TRUE,TRUE,"CMZ108",FALSE,"chr9",72107350,72107450,72107400,1703,"+",0,FALSE,FALSE,TRUE,"intronic_same",72111871,4471,FALSE,14,1.66,TRUE,"activation"
"Tcf12","21406","chr9","-",71842688,72111871,71900400,72108400,"N3-1-5",TRUE,TRUE,"CMZ108",FALSE,"chr9",72107350,72107450,72107400,4071,"+",0,FALSE,FALSE,TRUE,"intronic_same",72111871,4471,FALSE,14,1.66,TRUE,"activation"
"Tcta","102791","chr9","-",108302958,108306160,108217900,108425900,"B-A04",FALSE,TRUE,"CMZ101",FALSE,"chr9",108217850,108217950,108217900,5236,"+",85058,TRUE,FALSE,TRUE,"distant",108306160,88260,FALSE,NA,2756.4,FALSE,"disruption"
"Tcta","102791","chr9","-",108302958,108306160,108217900,108425900,"B3-5",FALSE,FALSE,NA,FALSE,"chr9",108220550,108220650,108220600,539,"+",82358,TRUE,FALSE,TRUE,"distant",108306160,85560,FALSE,NA,2672.08,FALSE,"disruption"
"Tcta","102791","chr9","-",108302958,108306160,108217900,108425900,"N3-13",FALSE,FALSE,NA,FALSE,"chr9",108301150,108301250,108301200,2171,"-",1758,FALSE,FALSE,FALSE,"intronic_opposite",108306160,4960,FALSE,NA,154.9,FALSE,"disruption"
"Tcta","102791","chr9","-",108302958,108306160,108217900,108425900,"N3-10",FALSE,FALSE,NA,FALSE,"chr9",108301150,108301250,108301200,2576,"-",1758,FALSE,FALSE,FALSE,"intronic_opposite",108306160,4960,FALSE,NA,154.9,FALSE,"disruption"
"Tcta","102791","chr9","-",108302958,108306160,108217900,108425900,"B3-10",FALSE,FALSE,NA,FALSE,"chr9",108301150,108301250,108301200,7330,"-",1758,FALSE,FALSE,FALSE,"intronic_opposite",108306160,4960,FALSE,NA,154.9,FALSE,"disruption"
"Tcta","102791","chr9","-",108302958,108306160,108217900,108425900,"B3-13",FALSE,FALSE,NA,FALSE,"chr9",108301150,108301250,108301200,4999,"-",1758,FALSE,FALSE,FALSE,"intronic_opposite",108306160,4960,FALSE,NA,154.9,FALSE,"disruption"
"Tcta","102791","chr9","-",108302958,108306160,108217900,108425900,"N-B09",TRUE,TRUE,"CMZ104",FALSE,"chr9",108312550,108312650,108312600,3433,"+",6440,TRUE,FALSE,TRUE,"distant",108306160,-6440,FALSE,NA,-201.12,FALSE,"disruption"
"Tcta","102791","chr9","-",108302958,108306160,108217900,108425900,"B3-3",FALSE,FALSE,NA,FALSE,"chr9",108324450,108324550,108324500,29425,"+",18340,TRUE,FALSE,TRUE,"distant",108306160,-18340,FALSE,NA,-572.77,FALSE,"disruption"
"Tcta","102791","chr9","-",108302958,108306160,108217900,108425900,"N3-3",FALSE,FALSE,NA,FALSE,"chr9",108324450,108324550,108324500,5116,"+",18340,TRUE,FALSE,TRUE,"distant",108306160,-18340,FALSE,NA,-572.77,FALSE,"disruption"
"Tcta","102791","chr9","-",108302958,108306160,108217900,108425900,"N3-5",FALSE,FALSE,NA,FALSE,"chr9",108350050,108350150,108350100,709,"+",43940,TRUE,FALSE,TRUE,"distant",108306160,-43940,FALSE,NA,-1372.27,FALSE,"disruption"
"Tcta","102791","chr9","-",108302958,108306160,108217900,108425900,"N-A08",TRUE,FALSE,NA,FALSE,"chr9",108378950,108379050,108379000,1032,"+",72840,TRUE,FALSE,TRUE,"distant",108306160,-72840,FALSE,NA,-2274.83,FALSE,"disruption"
"Tcta","102791","chr9","-",108302958,108306160,108217900,108425900,"N3-c-14",FALSE,FALSE,NA,FALSE,"chr9",108383050,108383150,108383100,432,"+",76940,TRUE,FALSE,TRUE,"distant",108306160,-76940,FALSE,NA,-2402.87,FALSE,"disruption"
"Tcta","102791","chr9","-",108302958,108306160,108217900,108425900,"N-2-21",FALSE,TRUE,"CMZ353",FALSE,"chr9",108386750,108386850,108386800,97,"+",80640,TRUE,FALSE,TRUE,"distant",108306160,-80640,FALSE,NA,-2518.43,FALSE,"disruption"
"Tex9","21778","chr9","-",72450394,72492212,72493300,72794300,"N3-c-9",FALSE,FALSE,NA,FALSE,"chr9",72493250,72493350,72493300,4619,"-",1088,FALSE,FALSE,FALSE,"intronic_opposite",72492212,-1088,FALSE,NA,-2.6,FALSE,"disruption"
"Tex9","21778","chr9","-",72450394,72492212,72493300,72794300,"N3-1-13",FALSE,TRUE,"CMZ182,CMZ357",FALSE,"chr9",72515850,72515950,72515900,798,"-",23688,TRUE,FALSE,FALSE,"distant",72492212,-23688,FALSE,NA,-56.65,FALSE,"disruption"
"Tex9","21778","chr9","-",72450394,72492212,72493300,72794300,"B-A05",FALSE,TRUE,"CMZ109",FALSE,"chr9",72538850,72538950,72538900,884,"+",46688,TRUE,FALSE,TRUE,"distant",72492212,-46688,FALSE,NA,-111.65,FALSE,"disruption"
"Tex9","21778","chr9","-",72450394,72492212,72493300,72794300,"N-B03",FALSE,TRUE,"CMZ183",FALSE,"chr9",72539550,72539650,72539600,13904,"-",47388,TRUE,FALSE,FALSE,"distant",72492212,-47388,FALSE,NA,-113.32,FALSE,"disruption"
"Tex9","21778","chr9","-",72450394,72492212,72493300,72794300,"N-B10",FALSE,FALSE,NA,FALSE,"chr9",72574550,72574650,72574600,272,"+",82388,TRUE,FALSE,TRUE,"distant",72492212,-82388,FALSE,NA,-197.02,FALSE,"disruption"
"Tex9","21778","chr9","-",72450394,72492212,72493300,72794300,"N3-11",FALSE,FALSE,NA,FALSE,"chr9",72576250,72576350,72576300,2320,"-",84088,TRUE,FALSE,FALSE,"distant",72492212,-84088,FALSE,NA,-201.08,FALSE,"disruption"
"Tex9","21778","chr9","-",72450394,72492212,72493300,72794300,"N3-8",FALSE,FALSE,NA,FALSE,"chr9",72576250,72576350,72576300,3696,"-",84088,TRUE,FALSE,FALSE,"distant",72492212,-84088,FALSE,NA,-201.08,FALSE,"disruption"
"Tex9","21778","chr9","-",72450394,72492212,72493300,72794300,"B3-2-36",TRUE,FALSE,NA,FALSE,"chr9",72670450,72670550,72670500,4400,"+",178288,TRUE,FALSE,TRUE,"distant",72492212,-178288,FALSE,NA,-426.34,FALSE,"disruption"
"Tex9","21778","chr9","-",72450394,72492212,72493300,72794300,"N3-2-36",TRUE,FALSE,NA,FALSE,"chr9",72670450,72670550,72670500,5087,"+",178288,TRUE,FALSE,TRUE,"distant",72492212,-178288,FALSE,NA,-426.34,FALSE,"disruption"
"Tex9","21778","chr9","-",72450394,72492212,72493300,72794300,"N-B02",TRUE,FALSE,NA,FALSE,"chr9",72705650,72705750,72705700,397,"+",213488,TRUE,FALSE,TRUE,"distant",72492212,-213488,FALSE,NA,-510.52,FALSE,"disruption"
"Tex9","21778","chr9","-",72450394,72492212,72493300,72794300,"B3-5",FALSE,FALSE,NA,FALSE,"chr9",72708950,72709050,72709000,313,"-",216788,TRUE,FALSE,FALSE,"distant",72492212,-216788,FALSE,NA,-518.41,FALSE,"disruption"
"Tex9","21778","chr9","-",72450394,72492212,72493300,72794300,"B3-3",FALSE,FALSE,NA,FALSE,"chr9",72728950,72729050,72729000,1718,"+",236788,TRUE,FALSE,TRUE,"distant",72492212,-236788,FALSE,NA,-566.23,FALSE,"disruption"
"Tex9","21778","chr9","-",72450394,72492212,72493300,72794300,"N-A08",TRUE,FALSE,NA,FALSE,"chr9",72732250,72732350,72732300,1129,"-",240088,TRUE,FALSE,FALSE,"distant",72492212,-240088,FALSE,NA,-574.13,FALSE,"disruption"
"Tex9","21778","chr9","-",72450394,72492212,72493300,72794300,"B3-c-10",TRUE,FALSE,NA,FALSE,"chr9",72763450,72763550,72763500,1410,"+",271288,TRUE,FALSE,TRUE,"distant",72492212,-271288,FALSE,NA,-648.73,FALSE,"disruption"
"Tgfbr1","21812","chr4","+",47353222,47414931,47357200,47374200,"N-A11",FALSE,TRUE,"CMZ103",FALSE,"chr4",47357150,47357250,47357200,2289,"-",0,FALSE,FALSE,FALSE,"intronic_opposite",47353222,3978,FALSE,3,6.45,FALSE,"disruption"
"Tgfbr1","21812","chr4","+",47353222,47414931,47357200,47374200,"B-A11",FALSE,TRUE,"CMZ103",FALSE,"chr4",47357150,47357250,47357200,9293,"-",0,FALSE,FALSE,FALSE,"intronic_opposite",47353222,3978,FALSE,3,6.45,FALSE,"disruption"
"Tgfbr1","21812","chr4","+",47353222,47414931,47357200,47374200,"N3-2",FALSE,FALSE,NA,FALSE,"chr4",47360450,47360550,47360500,14401,"-",0,FALSE,FALSE,FALSE,"intronic_opposite",47353222,7278,FALSE,3,11.79,FALSE,"disruption"
"Tgfbr1","21812","chr4","+",47353222,47414931,47357200,47374200,"B3-2",FALSE,FALSE,NA,FALSE,"chr4",47360450,47360550,47360500,5749,"-",0,FALSE,FALSE,FALSE,"intronic_opposite",47353222,7278,FALSE,3,11.79,FALSE,"disruption"
"Tgfbr1","21812","chr4","+",47353222,47414931,47357200,47374200,"N-A08",TRUE,FALSE,NA,FALSE,"chr4",47362350,47362450,47362400,1272,"-",0,FALSE,FALSE,FALSE,"intronic_opposite",47353222,9178,FALSE,3,14.87,FALSE,"disruption"
"Tgfbr1","21812","chr4","+",47353222,47414931,47357200,47374200,"B-A08",TRUE,FALSE,NA,FALSE,"chr4",47362350,47362450,47362400,5434,"-",0,FALSE,FALSE,FALSE,"intronic_opposite",47353222,9178,FALSE,3,14.87,FALSE,"disruption"
"Tgfbr1","21812","chr4","+",47353222,47414931,47357200,47374200,"B-B08",TRUE,TRUE,"CMZ106",FALSE,"chr4",47364950,47365050,47365000,432,"-",0,FALSE,FALSE,FALSE,"intronic_opposite",47353222,11778,FALSE,3,19.09,FALSE,"disruption"
"Tgfbr1","21812","chr4","+",47353222,47414931,47357200,47374200,"N-A08",TRUE,FALSE,NA,FALSE,"chr4",47365850,47365950,47365900,1165,"-",0,FALSE,FALSE,FALSE,"intronic_opposite",47353222,12678,FALSE,3,20.54,FALSE,"disruption"
"Tgfbr1","21812","chr4","+",47353222,47414931,47357200,47374200,"B-A08",TRUE,FALSE,NA,FALSE,"chr4",47365850,47365950,47365900,4274,"-",0,FALSE,FALSE,FALSE,"intronic_opposite",47353222,12678,FALSE,3,20.54,FALSE,"disruption"
"Tgfbr2","21813","chr9","-",116084293,116175360,116164600,116181600,"N-A07",FALSE,TRUE,"CMZ182,CMZ357",FALSE,"chr9",116164550,116164650,116164600,111,"-",0,FALSE,FALSE,FALSE,"intronic_opposite",116175360,10760,FALSE,2,11.82,FALSE,"disruption"
"Tgfbr2","21813","chr9","-",116084293,116175360,116164600,116181600,"B3-5",FALSE,FALSE,NA,FALSE,"chr9",116167850,116167950,116167900,211,"+",0,FALSE,FALSE,TRUE,"intronic_same",116175360,7460,FALSE,2,8.19,TRUE,"activation"
"Tgfbr2","21813","chr9","-",116084293,116175360,116164600,116181600,"B-3-1",FALSE,FALSE,NA,FALSE,"chr9",116172850,116172950,116172900,193,"+",0,FALSE,FALSE,TRUE,"intronic_same",116175360,2460,FALSE,2,2.7,TRUE,"activation"
"Tgfbr2","21813","chr9","-",116084293,116175360,116164600,116181600,"B-1-7",FALSE,FALSE,NA,FALSE,"chr9",116172950,116173050,116173000,3597,"+",0,FALSE,FALSE,TRUE,"intronic_same",116175360,2360,FALSE,2,2.59,TRUE,"activation"
"Tgfbr2","21813","chr9","-",116084293,116175360,116164600,116181600,"B3-6",TRUE,FALSE,NA,FALSE,"chr9",116172950,116173050,116173000,9681,"+",0,FALSE,FALSE,TRUE,"intronic_same",116175360,2360,FALSE,2,2.59,TRUE,"activation"
"Tgfbr2","21813","chr9","-",116084293,116175360,116164600,116181600,"N3-6",TRUE,FALSE,NA,FALSE,"chr9",116172950,116173050,116173000,2174,"+",0,FALSE,FALSE,TRUE,"intronic_same",116175360,2360,FALSE,2,2.59,TRUE,"activation"
"Tgfbr2","21813","chr9","-",116084293,116175360,116164600,116181600,"N-1-7",FALSE,FALSE,NA,FALSE,"chr9",116172950,116173050,116173000,2965,"+",0,FALSE,FALSE,TRUE,"intronic_same",116175360,2360,FALSE,2,2.59,TRUE,"activation"
"Thumpd3","14911","chr6","+",113046225,113068273,113080100,113150100,"B3-c-9",FALSE,FALSE,NA,FALSE,"chr6",113080050,113080150,113080100,9894,"+",11827,TRUE,FALSE,TRUE,"distant",113046225,33875,FALSE,NA,153.64,FALSE,"disruption"
"Thumpd3","14911","chr6","+",113046225,113068273,113080100,113150100,"N3-c-9",FALSE,FALSE,NA,FALSE,"chr6",113080050,113080150,113080100,9016,"+",11827,TRUE,FALSE,TRUE,"distant",113046225,33875,FALSE,NA,153.64,FALSE,"disruption"
"Thumpd3","14911","chr6","+",113046225,113068273,113080100,113150100,"N3-c-14",FALSE,FALSE,NA,FALSE,"chr6",113095750,113095850,113095800,5503,"+",27527,TRUE,FALSE,TRUE,"distant",113046225,49575,FALSE,NA,224.85,FALSE,"disruption"
"Thumpd3","14911","chr6","+",113046225,113068273,113080100,113150100,"B3-c-9",FALSE,FALSE,NA,FALSE,"chr6",113110750,113110850,113110800,1661,"+",42527,TRUE,FALSE,TRUE,"distant",113046225,64575,FALSE,NA,292.88,FALSE,"disruption"
"Thumpd3","14911","chr6","+",113046225,113068273,113080100,113150100,"B-1-2",TRUE,TRUE,"CMZ346",FALSE,"chr6",113115850,113115950,113115900,1182,"+",47627,TRUE,FALSE,TRUE,"distant",113046225,69675,FALSE,NA,316.02,FALSE,"disruption"
"Thumpd3","14911","chr6","+",113046225,113068273,113080100,113150100,"N-1-2",TRUE,TRUE,"CMZ346",FALSE,"chr6",113115850,113115950,113115900,248,"+",47627,TRUE,FALSE,TRUE,"distant",113046225,69675,FALSE,NA,316.02,FALSE,"disruption"
"Thumpd3","14911","chr6","+",113046225,113068273,113080100,113150100,"B-2-27",FALSE,FALSE,NA,FALSE,"chr6",113124450,113124550,113124500,16976,"+",56227,TRUE,FALSE,TRUE,"distant",113046225,78275,FALSE,NA,355.02,FALSE,"disruption"
"Thumpd3","14911","chr6","+",113046225,113068273,113080100,113150100,"N-2-25",FALSE,TRUE,"CMZ349",FALSE,"chr6",113125550,113125650,113125600,2748,"-",57327,TRUE,FALSE,FALSE,"distant",113046225,79375,FALSE,NA,360.01,FALSE,"disruption"
"Thumpd3","14911","chr6","+",113046225,113068273,113080100,113150100,"N-B08",TRUE,TRUE,"CMZ106",FALSE,"chr6",113144650,113144750,113144700,279,"-",76427,TRUE,FALSE,FALSE,"distant",113046225,98475,FALSE,NA,446.64,FALSE,"disruption"
"Timm8b","30057","chr9","+",50603910,50605320,50601500,50618500,"N-A02",FALSE,TRUE,"CMZ181",FALSE,"chr9",50601450,50601550,50601500,14707,"-",2410,TRUE,FALSE,FALSE,"distant",50603910,-2410,FALSE,NA,-170.92,FALSE,"disruption"
"Timm8b","30057","chr9","+",50603910,50605320,50601500,50618500,"B-A02",FALSE,TRUE,"CMZ181",FALSE,"chr9",50601450,50601550,50601500,1036,"-",2410,TRUE,FALSE,FALSE,"distant",50603910,-2410,FALSE,NA,-170.92,FALSE,"disruption"
"Timm8b","30057","chr9","+",50603910,50605320,50601500,50618500,"B3-1",FALSE,FALSE,NA,FALSE,"chr9",50606450,50606550,50606500,2546,"-",1180,FALSE,FALSE,FALSE,"intronic_opposite",50603910,2590,FALSE,NA,183.69,FALSE,"disruption"
"Timm8b","30057","chr9","+",50603910,50605320,50601500,50618500,"N3-c-14",FALSE,FALSE,NA,FALSE,"chr9",50608350,50608450,50608400,1086,"+",3080,TRUE,FALSE,TRUE,"distant",50603910,4490,FALSE,NA,318.44,FALSE,"disruption"
"Timm8b","30057","chr9","+",50603910,50605320,50601500,50618500,"N-B07",TRUE,TRUE,"CMZ107",FALSE,"chr9",50616050,50616150,50616100,7912,"-",10780,TRUE,FALSE,FALSE,"distant",50603910,12190,FALSE,NA,864.54,FALSE,"disruption"
"Tlk2","24086","chr11","+",105178807,105283959,105188000,105227000,"B3-c-14",FALSE,FALSE,NA,FALSE,"chr11",105187950,105188050,105188000,2347,"-",0,FALSE,FALSE,FALSE,"intronic_opposite",105178807,9193,FALSE,10,8.74,FALSE,"disruption"
"Tlk2","24086","chr11","+",105178807,105283959,105188000,105227000,"N-A08",TRUE,FALSE,NA,FALSE,"chr11",105189250,105189350,105189300,954,"+",0,FALSE,FALSE,TRUE,"intronic_same",105178807,10493,FALSE,10,9.98,TRUE,"activation"
"Tlk2","24086","chr11","+",105178807,105283959,105188000,105227000,"B-B03",FALSE,TRUE,"CMZ183",FALSE,"chr11",105197750,105197850,105197800,5888,"+",0,FALSE,FALSE,TRUE,"intronic_same",105178807,18993,FALSE,10,18.06,TRUE,"activation"
"Tlk2","24086","chr11","+",105178807,105283959,105188000,105227000,"N-B03",FALSE,TRUE,"CMZ183",FALSE,"chr11",105197750,105197850,105197800,58603,"+",0,FALSE,FALSE,TRUE,"intronic_same",105178807,18993,FALSE,10,18.06,TRUE,"activation"
"Tlk2","24086","chr11","+",105178807,105283959,105188000,105227000,"N-A01",TRUE,TRUE,"CMZ110,CMZ355",FALSE,"chr11",105212350,105212450,105212400,7374,"-",0,FALSE,FALSE,FALSE,"intronic_opposite",105178807,33593,FALSE,18,31.95,FALSE,"disruption"
"Tlk2","24086","chr11","+",105178807,105283959,105188000,105227000,"B-2-27",FALSE,FALSE,NA,FALSE,"chr11",105218250,105218350,105218300,16862,"+",0,FALSE,FALSE,TRUE,"intronic_same",105178807,39493,FALSE,18,37.56,FALSE,"disruption"
"Tlk2","24086","chr11","+",105178807,105283959,105188000,105227000,"N-2-27",FALSE,FALSE,NA,FALSE,"chr11",105218250,105218350,105218300,3915,"+",0,FALSE,FALSE,TRUE,"intronic_same",105178807,39493,FALSE,18,37.56,FALSE,"disruption"
"Tnnc1","21924","chr14","+",31208312,31211729,31025800,31233800,"B3-c-10",TRUE,FALSE,NA,FALSE,"chr14",31025750,31025850,31025800,3335,"+",182512,TRUE,FALSE,TRUE,"distant",31208312,-182512,FALSE,NA,-5341.29,FALSE,"disruption"
"Tnnc1","21924","chr14","+",31208312,31211729,31025800,31233800,"N-A01",TRUE,TRUE,"CMZ110,CMZ355",FALSE,"chr14",31026750,31026850,31026800,4567,"+",181512,TRUE,FALSE,TRUE,"distant",31208312,-181512,FALSE,NA,-5312.03,FALSE,"disruption"
"Tnnc1","21924","chr14","+",31208312,31211729,31025800,31233800,"B3-c-10",TRUE,FALSE,NA,FALSE,"chr14",31030750,31030850,31030800,6185,"+",177512,TRUE,FALSE,TRUE,"distant",31208312,-177512,FALSE,NA,-5194.97,FALSE,"disruption"
"Tnnc1","21924","chr14","+",31208312,31211729,31025800,31233800,"B-B11",TRUE,TRUE,"CMZ105",FALSE,"chr14",31041250,31041350,31041300,4371,"-",167012,TRUE,FALSE,FALSE,"distant",31208312,-167012,FALSE,NA,-4887.68,FALSE,"disruption"
"Tnnc1","21924","chr14","+",31208312,31211729,31025800,31233800,"B3-c-10",TRUE,FALSE,NA,FALSE,"chr14",31051250,31051350,31051300,4840,"+",157012,TRUE,FALSE,TRUE,"distant",31208312,-157012,FALSE,NA,-4595.02,FALSE,"disruption"
"Tnnc1","21924","chr14","+",31208312,31211729,31025800,31233800,"N3-c-10",TRUE,FALSE,NA,FALSE,"chr14",31059750,31059850,31059800,9919,"-",148512,TRUE,FALSE,FALSE,"distant",31208312,-148512,FALSE,NA,-4346.27,FALSE,"disruption"
"Tnnc1","21924","chr14","+",31208312,31211729,31025800,31233800,"B3-12",FALSE,FALSE,NA,FALSE,"chr14",31104250,31104350,31104300,764,"-",104012,TRUE,FALSE,FALSE,"distant",31208312,-104012,FALSE,NA,-3043.96,FALSE,"disruption"
"Tnnc1","21924","chr14","+",31208312,31211729,31025800,31233800,"N3-1-13",FALSE,TRUE,"CMZ182,CMZ357",FALSE,"chr14",31107550,31107650,31107600,1312,"-",100712,TRUE,FALSE,FALSE,"distant",31208312,-100712,FALSE,NA,-2947.38,FALSE,"disruption"
"Tnnc1","21924","chr14","+",31208312,31211729,31025800,31233800,"B3-1-13",FALSE,TRUE,"CMZ182,CMZ357",FALSE,"chr14",31107550,31107650,31107600,570,"-",100712,TRUE,FALSE,FALSE,"distant",31208312,-100712,FALSE,NA,-2947.38,FALSE,"disruption"
"Tnnc1","21924","chr14","+",31208312,31211729,31025800,31233800,"N3-c-28",FALSE,FALSE,NA,FALSE,"chr14",31126550,31126650,31126600,1916,"-",81712,TRUE,FALSE,FALSE,"distant",31208312,-81712,FALSE,NA,-2391.34,FALSE,"disruption"
"Tnnc1","21924","chr14","+",31208312,31211729,31025800,31233800,"B3-c-28",FALSE,FALSE,NA,FALSE,"chr14",31126550,31126650,31126600,1075,"-",81712,TRUE,FALSE,FALSE,"distant",31208312,-81712,FALSE,NA,-2391.34,FALSE,"disruption"
"Tnnc1","21924","chr14","+",31208312,31211729,31025800,31233800,"N3-21",FALSE,FALSE,NA,FALSE,"chr14",31205050,31205150,31205100,2339,"-",3212,TRUE,FALSE,FALSE,"distant",31208312,-3212,FALSE,NA,-94,FALSE,"disruption"
"Tnnc1","21924","chr14","+",31208312,31211729,31025800,31233800,"N-3-4",FALSE,FALSE,NA,FALSE,"chr14",31205050,31205150,31205100,1477,"-",3212,TRUE,FALSE,FALSE,"distant",31208312,-3212,FALSE,NA,-94,FALSE,"disruption"
"Tnnc1","21924","chr14","+",31208312,31211729,31025800,31233800,"B3-21",FALSE,FALSE,NA,FALSE,"chr14",31205050,31205150,31205100,36332,"-",3212,TRUE,FALSE,FALSE,"distant",31208312,-3212,FALSE,NA,-94,FALSE,"disruption"
"Tnnc1","21924","chr14","+",31208312,31211729,31025800,31233800,"B-3-4",FALSE,FALSE,NA,FALSE,"chr14",31205050,31205150,31205100,6340,"-",3212,TRUE,FALSE,FALSE,"distant",31208312,-3212,FALSE,NA,-94,FALSE,"disruption"
"Top1","21969","chr2","+",160645888,160722764,160702100,160719100,"B3-14",FALSE,FALSE,NA,FALSE,"chr2",160702050,160702150,160702100,2959,"+",0,FALSE,FALSE,TRUE,"intronic_same",160645888,56212,FALSE,15,73.12,FALSE,"disruption"
"Top1","21969","chr2","+",160645888,160722764,160702100,160719100,"N3-14",FALSE,FALSE,NA,FALSE,"chr2",160702050,160702150,160702100,863,"+",0,FALSE,FALSE,TRUE,"intronic_same",160645888,56212,FALSE,15,73.12,FALSE,"disruption"
"Top1","21969","chr2","+",160645888,160722764,160702100,160719100,"N3-14",FALSE,FALSE,NA,FALSE,"chr2",160703750,160703850,160703800,2936,"+",0,FALSE,FALSE,TRUE,"intronic_same",160645888,57912,FALSE,19,75.33,FALSE,"disruption"
"Top1","21969","chr2","+",160645888,160722764,160702100,160719100,"N-A08",TRUE,FALSE,NA,FALSE,"chr2",160706850,160706950,160706900,1289,"+",0,FALSE,FALSE,TRUE,"intronic_same",160645888,61012,FALSE,21,79.36,FALSE,"disruption"
"Top1","21969","chr2","+",160645888,160722764,160702100,160719100,"B-A04",FALSE,TRUE,"CMZ101",FALSE,"chr2",160710450,160710550,160710500,19230,"+",0,FALSE,FALSE,TRUE,"intronic_same",160645888,64612,FALSE,21,84.05,FALSE,"disruption"
"Top1","21969","chr2","+",160645888,160722764,160702100,160719100,"N-A04",FALSE,TRUE,"CMZ101",FALSE,"chr2",160710450,160710550,160710500,3418,"+",0,FALSE,FALSE,TRUE,"intronic_same",160645888,64612,FALSE,21,84.05,FALSE,"disruption"
"Top1","21969","chr2","+",160645888,160722764,160702100,160719100,"B3-2-2",TRUE,FALSE,NA,FALSE,"chr2",160714950,160715050,160715000,11936,"+",0,FALSE,FALSE,TRUE,"intronic_same",160645888,69112,FALSE,23,89.9,FALSE,"disruption"
"Top1","21969","chr2","+",160645888,160722764,160702100,160719100,"N3-2-2",TRUE,FALSE,NA,FALSE,"chr2",160714950,160715050,160715000,5308,"+",0,FALSE,FALSE,TRUE,"intronic_same",160645888,69112,FALSE,23,89.9,FALSE,"disruption"
"Top1","21969","chr2","+",160645888,160722764,160702100,160719100,"B3-2-2",TRUE,FALSE,NA,FALSE,"chr2",160717350,160717450,160717400,987,"+",0,FALSE,TRUE,TRUE,"exonic_same",160645888,71512,FALSE,NA,93.02,FALSE,"disruption"
"Trappc10","216131","chr10","-",78186725,78244641,78161400,78369400,"N3-3",FALSE,FALSE,NA,FALSE,"chr10",78161350,78161450,78161400,341,"-",25325,TRUE,FALSE,FALSE,"distant",78244641,83241,FALSE,NA,143.73,FALSE,"disruption"
"Trappc10","216131","chr10","-",78186725,78244641,78161400,78369400,"N-A01",TRUE,TRUE,"CMZ110,CMZ355",FALSE,"chr10",78190150,78190250,78190200,2122,"-",0,FALSE,FALSE,FALSE,"intronic_opposite",78244641,54441,FALSE,31,94,FALSE,"disruption"
"Trappc10","216131","chr10","-",78186725,78244641,78161400,78369400,"N3-6",TRUE,FALSE,NA,FALSE,"chr10",78213450,78213550,78213500,701,"-",0,FALSE,FALSE,FALSE,"intronic_opposite",78244641,31141,FALSE,9,53.77,FALSE,"disruption"
"Trappc10","216131","chr10","-",78186725,78244641,78161400,78369400,"B-1-4",FALSE,FALSE,NA,FALSE,"chr10",78229550,78229650,78229600,9,"+",0,FALSE,FALSE,TRUE,"intronic_same",78244641,15041,FALSE,3,25.97,TRUE,"activation"
"Trappc10","216131","chr10","-",78186725,78244641,78161400,78369400,"B3-c-10",TRUE,FALSE,NA,FALSE,"chr10",78295950,78296050,78296000,4528,"+",51359,TRUE,FALSE,TRUE,"distant",78244641,-51359,FALSE,NA,-88.68,FALSE,"disruption"
"Trappc10","216131","chr10","-",78186725,78244641,78161400,78369400,"N3-c-10",TRUE,FALSE,NA,FALSE,"chr10",78295950,78296050,78296000,2817,"+",51359,TRUE,FALSE,TRUE,"distant",78244641,-51359,FALSE,NA,-88.68,FALSE,"disruption"
"Trappc10","216131","chr10","-",78186725,78244641,78161400,78369400,"N-B03",FALSE,TRUE,"CMZ183",FALSE,"chr10",78323550,78323650,78323600,3678,"-",78959,TRUE,FALSE,FALSE,"distant",78244641,-78959,FALSE,NA,-136.33,FALSE,"disruption"
"Trappc10","216131","chr10","-",78186725,78244641,78161400,78369400,"N-B10",FALSE,FALSE,NA,FALSE,"chr10",78331550,78331650,78331600,261,"+",86959,TRUE,FALSE,TRUE,"distant",78244641,-86959,FALSE,NA,-150.15,FALSE,"disruption"
"Trappc10","216131","chr10","-",78186725,78244641,78161400,78369400,"N-3-4",FALSE,FALSE,NA,FALSE,"chr10",78347450,78347550,78347500,692,"-",102859,TRUE,FALSE,FALSE,"distant",78244641,-102859,FALSE,NA,-177.6,FALSE,"disruption"
"Trappc10","216131","chr10","-",78186725,78244641,78161400,78369400,"N-A10",FALSE,TRUE,"CMZ184",FALSE,"chr10",78357150,78357250,78357200,557,"-",112559,TRUE,FALSE,FALSE,"distant",78244641,-112559,FALSE,NA,-194.35,FALSE,"disruption"
"Trim59","66949","chr3","-",69035288,69044755,69059600,69129600,"N3-7",FALSE,FALSE,NA,FALSE,"chr3",69059550,69059650,69059600,2448,"+",14845,TRUE,FALSE,TRUE,"distant",69044755,-14845,FALSE,NA,-156.81,FALSE,"disruption"
"Trim59","66949","chr3","-",69035288,69044755,69059600,69129600,"B-2-14",FALSE,FALSE,NA,FALSE,"chr3",69071550,69071650,69071600,4028,"+",26845,TRUE,FALSE,TRUE,"distant",69044755,-26845,FALSE,NA,-283.56,FALSE,"disruption"
"Trim59","66949","chr3","-",69035288,69044755,69059600,69129600,"N-A10",FALSE,TRUE,"CMZ184",FALSE,"chr3",69072750,69072850,69072800,909,"-",28045,TRUE,FALSE,FALSE,"distant",69044755,-28045,FALSE,NA,-296.24,FALSE,"disruption"
"Trim59","66949","chr3","-",69035288,69044755,69059600,69129600,"B-A10",FALSE,TRUE,"CMZ184",FALSE,"chr3",69073950,69074050,69074000,497,"-",29245,TRUE,FALSE,FALSE,"distant",69044755,-29245,FALSE,NA,-308.92,FALSE,"disruption"
"Trim59","66949","chr3","-",69035288,69044755,69059600,69129600,"B-B03",FALSE,TRUE,"CMZ183",FALSE,"chr3",69080450,69080550,69080500,1569,"+",35745,TRUE,FALSE,TRUE,"distant",69044755,-35745,FALSE,NA,-377.57,FALSE,"disruption"
"Trim59","66949","chr3","-",69035288,69044755,69059600,69129600,"N-B03",FALSE,TRUE,"CMZ183",FALSE,"chr3",69080450,69080550,69080500,4035,"+",35745,TRUE,FALSE,TRUE,"distant",69044755,-35745,FALSE,NA,-377.57,FALSE,"disruption"
"Trim59","66949","chr3","-",69035288,69044755,69059600,69129600,"N3-15",FALSE,FALSE,NA,FALSE,"chr3",69115450,69115550,69115500,21087,"-",70745,TRUE,FALSE,FALSE,"distant",69044755,-70745,FALSE,NA,-747.28,FALSE,"disruption"
"Trim59","66949","chr3","-",69035288,69044755,69059600,69129600,"B3-15",FALSE,FALSE,NA,FALSE,"chr3",69115450,69115550,69115500,12463,"-",70745,TRUE,FALSE,FALSE,"distant",69044755,-70745,FALSE,NA,-747.28,FALSE,"disruption"
"Trim59","66949","chr3","-",69035288,69044755,69059600,69129600,"B-B09",TRUE,TRUE,"CMZ104",FALSE,"chr3",69118250,69118350,69118300,4959,"+",73545,TRUE,FALSE,TRUE,"distant",69044755,-73545,FALSE,NA,-776.86,FALSE,"disruption"
"Trim59","66949","chr3","-",69035288,69044755,69059600,69129600,"B-B08",TRUE,TRUE,"CMZ106",FALSE,"chr3",69123750,69123850,69123800,1061,"+",79045,TRUE,FALSE,TRUE,"distant",69044755,-79045,FALSE,NA,-834.95,FALSE,"disruption"
"Trim59","66949","chr3","-",69035288,69044755,69059600,69129600,"N-B08",TRUE,TRUE,"CMZ106",FALSE,"chr3",69123750,69123850,69123800,382,"+",79045,TRUE,FALSE,TRUE,"distant",69044755,-79045,FALSE,NA,-834.95,FALSE,"disruption"
"Ttc3","22129","chr16","+",94370618,94469343,94393400,94694400,"B3-1-3",TRUE,TRUE,"CMZ104",FALSE,"chr16",94393350,94393450,94393400,1400,"-",0,FALSE,FALSE,FALSE,"intronic_opposite",94370618,22782,FALSE,31,23.08,FALSE,"disruption"
"Ttc3","22129","chr16","+",94370618,94469343,94393400,94694400,"N3-14",FALSE,FALSE,NA,FALSE,"chr16",94408350,94408450,94408400,1599,"+",0,FALSE,FALSE,TRUE,"intronic_same",94370618,37782,FALSE,36,38.27,FALSE,"disruption"
"Ttc3","22129","chr16","+",94370618,94469343,94393400,94694400,"B-A12",FALSE,FALSE,NA,FALSE,"chr16",94450750,94450850,94450800,5529,"+",0,FALSE,FALSE,TRUE,"intronic_same",94370618,80182,FALSE,86,81.22,FALSE,"disruption"
"Ttc3","22129","chr16","+",94370618,94469343,94393400,94694400,"N-A12",FALSE,FALSE,NA,FALSE,"chr16",94450750,94450850,94450800,6540,"+",0,FALSE,FALSE,TRUE,"intronic_same",94370618,80182,FALSE,86,81.22,FALSE,"disruption"
"Ttc3","22129","chr16","+",94370618,94469343,94393400,94694400,"N-A10",FALSE,TRUE,"CMZ184",FALSE,"chr16",94491650,94491750,94491700,447,"-",22357,TRUE,FALSE,FALSE,"distant",94370618,121082,FALSE,NA,122.65,FALSE,"disruption"
"Ttc3","22129","chr16","+",94370618,94469343,94393400,94694400,"N-A07",FALSE,TRUE,"CMZ182,CMZ357",FALSE,"chr16",94515850,94515950,94515900,203,"+",46557,TRUE,FALSE,TRUE,"distant",94370618,145282,FALSE,NA,147.16,FALSE,"disruption"
"Ttc3","22129","chr16","+",94370618,94469343,94393400,94694400,"B3-5",FALSE,FALSE,NA,FALSE,"chr16",94596850,94596950,94596900,209,"-",127557,TRUE,FALSE,FALSE,"distant",94370618,226282,FALSE,NA,229.2,FALSE,"disruption"
"Ttc3","22129","chr16","+",94370618,94469343,94393400,94694400,"B-1-2",TRUE,TRUE,"CMZ346",FALSE,"chr16",94613550,94613650,94613600,294,"+",144257,TRUE,FALSE,TRUE,"distant",94370618,242982,FALSE,NA,246.12,FALSE,"disruption"
"Ttc3","22129","chr16","+",94370618,94469343,94393400,94694400,"N-1-2",TRUE,TRUE,"CMZ346",FALSE,"chr16",94613550,94613650,94613600,2383,"+",144257,TRUE,FALSE,TRUE,"distant",94370618,242982,FALSE,NA,246.12,FALSE,"disruption"
"Ttc3","22129","chr16","+",94370618,94469343,94393400,94694400,"B-A04",FALSE,TRUE,"CMZ101",FALSE,"chr16",94617050,94617150,94617100,4632,"-",147757,TRUE,FALSE,FALSE,"distant",94370618,246482,FALSE,NA,249.67,FALSE,"disruption"
"Ttc3","22129","chr16","+",94370618,94469343,94393400,94694400,"N3-2-2",TRUE,FALSE,NA,FALSE,"chr16",94622050,94622150,94622100,1241,"+",152757,TRUE,FALSE,TRUE,"distant",94370618,251482,FALSE,NA,254.73,FALSE,"disruption"
"Ttc3","22129","chr16","+",94370618,94469343,94393400,94694400,"N3-9",FALSE,FALSE,NA,FALSE,"chr16",94632850,94632950,94632900,3359,"-",163557,TRUE,FALSE,FALSE,"distant",94370618,262282,FALSE,NA,265.67,FALSE,"disruption"
"Ttc3","22129","chr16","+",94370618,94469343,94393400,94694400,"B3-9",FALSE,FALSE,NA,FALSE,"chr16",94632850,94632950,94632900,10201,"-",163557,TRUE,FALSE,FALSE,"distant",94370618,262282,FALSE,NA,265.67,FALSE,"disruption"
"Ttc3","22129","chr16","+",94370618,94469343,94393400,94694400,"N-B02",TRUE,FALSE,NA,FALSE,"chr16",94639850,94639950,94639900,408,"+",170557,TRUE,FALSE,TRUE,"distant",94370618,269282,FALSE,NA,272.76,FALSE,"disruption"
"Ttc3","22129","chr16","+",94370618,94469343,94393400,94694400,"B-1-10",FALSE,FALSE,NA,FALSE,"chr16",94644550,94644650,94644600,47,"+",175257,TRUE,FALSE,TRUE,"distant",94370618,273982,FALSE,NA,277.52,FALSE,"disruption"
"Ttc3","22129","chr16","+",94370618,94469343,94393400,94694400,"N-3-1",FALSE,FALSE,NA,FALSE,"chr16",94673250,94673350,94673300,478,"+",203957,TRUE,FALSE,TRUE,"distant",94370618,302682,FALSE,NA,306.59,FALSE,"disruption"
"Twf2","23999","chr9","+",106203108,106215389,106175100,106192100,"B-B10",FALSE,FALSE,NA,FALSE,"chr9",106175050,106175150,106175100,30553,"+",28008,TRUE,FALSE,TRUE,"distant",106203108,-28008,FALSE,NA,-228.06,FALSE,"disruption"
"Twf2","23999","chr9","+",106203108,106215389,106175100,106192100,"B-2-21",FALSE,TRUE,"CMZ353",FALSE,"chr9",106179950,106180050,106180000,1142,"+",23108,TRUE,FALSE,TRUE,"distant",106203108,-23108,FALSE,NA,-188.16,FALSE,"disruption"
"Twf2","23999","chr9","+",106203108,106215389,106175100,106192100,"B-2-25",FALSE,TRUE,"CMZ349",FALSE,"chr9",106181550,106181650,106181600,2755,"+",21508,TRUE,FALSE,TRUE,"distant",106203108,-21508,FALSE,NA,-175.13,FALSE,"disruption"
"Twf2","23999","chr9","+",106203108,106215389,106175100,106192100,"N3-7",FALSE,FALSE,NA,FALSE,"chr9",106182150,106182250,106182200,1121,"-",20908,TRUE,FALSE,FALSE,"distant",106203108,-20908,FALSE,NA,-170.25,FALSE,"disruption"
"Ube2d2a","56550","chr18","+",35771558,35809494,35556000,35823000,"N3-c-28",FALSE,FALSE,NA,FALSE,"chr18",35555950,35556050,35556000,1789,"-",215558,TRUE,FALSE,FALSE,"distant",35771558,-215558,FALSE,NA,-568.21,FALSE,"disruption"
"Ube2d2a","56550","chr18","+",35771558,35809494,35556000,35823000,"B3-7",FALSE,FALSE,NA,FALSE,"chr18",35569650,35569750,35569700,1193,"+",201858,TRUE,FALSE,TRUE,"distant",35771558,-201858,FALSE,NA,-532.1,FALSE,"disruption"
"Ube2d2a","56550","chr18","+",35771558,35809494,35556000,35823000,"B-A10",FALSE,TRUE,"CMZ184",FALSE,"chr18",35571650,35571750,35571700,4917,"+",199858,TRUE,FALSE,TRUE,"distant",35771558,-199858,FALSE,NA,-526.83,FALSE,"disruption"
"Ube2d2a","56550","chr18","+",35771558,35809494,35556000,35823000,"N-A10",FALSE,TRUE,"CMZ184",FALSE,"chr18",35571650,35571750,35571700,1946,"+",199858,TRUE,FALSE,TRUE,"distant",35771558,-199858,FALSE,NA,-526.83,FALSE,"disruption"
"Ube2d2a","56550","chr18","+",35771558,35809494,35556000,35823000,"B-A01",TRUE,TRUE,"CMZ110,CMZ355",FALSE,"chr18",35576150,35576250,35576200,3214,"+",195358,TRUE,FALSE,TRUE,"distant",35771558,-195358,FALSE,NA,-514.97,FALSE,"disruption"
"Ube2d2a","56550","chr18","+",35771558,35809494,35556000,35823000,"N-A01",TRUE,TRUE,"CMZ110,CMZ355",FALSE,"chr18",35576150,35576250,35576200,8152,"+",195358,TRUE,FALSE,TRUE,"distant",35771558,-195358,FALSE,NA,-514.97,FALSE,"disruption"
"Ube2d2a","56550","chr18","+",35771558,35809494,35556000,35823000,"B3-c-10",TRUE,FALSE,NA,FALSE,"chr18",35577350,35577450,35577400,1648,"+",194158,TRUE,FALSE,TRUE,"distant",35771558,-194158,FALSE,NA,-511.8,FALSE,"disruption"
"Ube2d2a","56550","chr18","+",35771558,35809494,35556000,35823000,"N-1-4",FALSE,FALSE,NA,FALSE,"chr18",35603650,35603750,35603700,198,"+",167858,TRUE,FALSE,TRUE,"distant",35771558,-167858,FALSE,NA,-442.48,FALSE,"disruption"
"Ube2d2a","56550","chr18","+",35771558,35809494,35556000,35823000,"N-B03",FALSE,TRUE,"CMZ183",FALSE,"chr18",35612050,35612150,35612100,3638,"+",159458,TRUE,FALSE,TRUE,"distant",35771558,-159458,FALSE,NA,-420.33,FALSE,"disruption"
"Ube2d2a","56550","chr18","+",35771558,35809494,35556000,35823000,"N3-2-7",TRUE,FALSE,NA,FALSE,"chr18",35788950,35789050,35789000,1160,"-",0,FALSE,TRUE,FALSE,"exonic_opposite",35771558,17442,FALSE,NA,45.98,FALSE,"disruption"
"Ube2d2a","56550","chr18","+",35771558,35809494,35556000,35823000,"B3-2-7",TRUE,FALSE,NA,FALSE,"chr18",35788950,35789050,35789000,1029,"-",0,FALSE,TRUE,FALSE,"exonic_opposite",35771558,17442,FALSE,NA,45.98,FALSE,"disruption"
"Ube2d2a","56550","chr18","+",35771558,35809494,35556000,35823000,"B3-1",FALSE,FALSE,NA,FALSE,"chr18",35798350,35798450,35798400,809,"+",0,FALSE,FALSE,TRUE,"intronic_same",35771558,26842,FALSE,7,70.76,FALSE,"disruption"
"Ube2d2a","56550","chr18","+",35771558,35809494,35556000,35823000,"B3-5",FALSE,FALSE,NA,FALSE,"chr18",35798850,35798950,35798900,201,"+",0,FALSE,FALSE,TRUE,"intronic_same",35771558,27342,FALSE,7,72.07,FALSE,"disruption"
"Ube2d2a","56550","chr18","+",35771558,35809494,35556000,35823000,"N-A08",TRUE,FALSE,NA,FALSE,"chr18",35800950,35801050,35801000,958,"-",0,FALSE,TRUE,FALSE,"exonic_opposite",35771558,29442,FALSE,NA,77.61,FALSE,"disruption"
"Ube2d2a","56550","chr18","+",35771558,35809494,35556000,35823000,"N-B11",TRUE,TRUE,"CMZ105",FALSE,"chr18",35800950,35801050,35801000,23874,"-",0,FALSE,TRUE,FALSE,"exonic_opposite",35771558,29442,FALSE,NA,77.61,FALSE,"disruption"
"Ube2d2a","56550","chr18","+",35771558,35809494,35556000,35823000,"B3-5",FALSE,FALSE,NA,FALSE,"chr18",35808550,35808650,35808600,197,"-",0,FALSE,FALSE,FALSE,"intronic_opposite",35771558,37042,FALSE,29,97.64,FALSE,"disruption"
"Ube2d3","66105","chr3","+",135438149,135468198,135445300,135462300,"B3-1-15",TRUE,TRUE,"CMZ111,CMZ356",FALSE,"chr3",135445250,135445350,135445300,1163,"-",0,FALSE,FALSE,FALSE,"intronic_opposite",135438149,7151,FALSE,19,23.8,FALSE,"disruption"
"Ube2d3","66105","chr3","+",135438149,135468198,135445300,135462300,"B-1-10",FALSE,FALSE,NA,FALSE,"chr3",135445350,135445450,135445400,36,"+",0,FALSE,FALSE,TRUE,"intronic_same",135438149,7251,FALSE,19,24.13,FALSE,"disruption"
"Ube2d3","66105","chr3","+",135438149,135468198,135445300,135462300,"N3-10",FALSE,FALSE,NA,FALSE,"chr3",135446850,135446950,135446900,9728,"-",0,FALSE,FALSE,FALSE,"intronic_opposite",135438149,8751,FALSE,19,29.12,FALSE,"disruption"
"Ube2d3","66105","chr3","+",135438149,135468198,135445300,135462300,"N3-4",FALSE,FALSE,NA,FALSE,"chr3",135448750,135448850,135448800,766,"-",0,FALSE,FALSE,FALSE,"intronic_opposite",135438149,10651,FALSE,19,35.45,FALSE,"disruption"
"Ube2d3","66105","chr3","+",135438149,135468198,135445300,135462300,"B3-4",FALSE,FALSE,NA,FALSE,"chr3",135448750,135448850,135448800,2461,"-",0,FALSE,FALSE,FALSE,"intronic_opposite",135438149,10651,FALSE,19,35.45,FALSE,"disruption"
"Ube2d3","66105","chr3","+",135438149,135468198,135445300,135462300,"N3-8",FALSE,FALSE,NA,FALSE,"chr3",135449850,135449950,135449900,11650,"-",0,FALSE,FALSE,FALSE,"intronic_opposite",135438149,11751,FALSE,19,39.11,FALSE,"disruption"
"Ube2d3","66105","chr3","+",135438149,135468198,135445300,135462300,"N3-11",FALSE,FALSE,NA,FALSE,"chr3",135449850,135449950,135449900,5767,"-",0,FALSE,FALSE,FALSE,"intronic_opposite",135438149,11751,FALSE,19,39.11,FALSE,"disruption"
"Ube2d3","66105","chr3","+",135438149,135468198,135445300,135462300,"B3-7",FALSE,FALSE,NA,FALSE,"chr3",135449850,135449950,135449900,539,"-",0,FALSE,FALSE,FALSE,"intronic_opposite",135438149,11751,FALSE,19,39.11,FALSE,"disruption"
"Ube2d3","66105","chr3","+",135438149,135468198,135445300,135462300,"B3-8",FALSE,FALSE,NA,FALSE,"chr3",135449850,135449950,135449900,9432,"-",0,FALSE,FALSE,FALSE,"intronic_opposite",135438149,11751,FALSE,19,39.11,FALSE,"disruption"
"Ube2d3","66105","chr3","+",135438149,135468198,135445300,135462300,"B3-11",FALSE,FALSE,NA,FALSE,"chr3",135449850,135449950,135449900,10372,"-",0,FALSE,FALSE,FALSE,"intronic_opposite",135438149,11751,FALSE,19,39.11,FALSE,"disruption"
"Ube2d3","66105","chr3","+",135438149,135468198,135445300,135462300,"B-2-14",FALSE,FALSE,NA,FALSE,"chr3",135455450,135455550,135455500,2390,"+",0,FALSE,FALSE,TRUE,"intronic_same",135438149,17351,FALSE,22,57.74,FALSE,"disruption"
"Ube2d3","66105","chr3","+",135438149,135468198,135445300,135462300,"B-B02",TRUE,FALSE,NA,FALSE,"chr3",135457550,135457650,135457600,6695,"-",0,FALSE,FALSE,FALSE,"intronic_opposite",135438149,19451,FALSE,23,64.73,FALSE,"disruption"
"Ube2d3","66105","chr3","+",135438149,135468198,135445300,135462300,"B3-1-15",TRUE,TRUE,"CMZ111,CMZ356",FALSE,"chr3",135459250,135459350,135459300,2640,"+",0,FALSE,FALSE,TRUE,"intronic_same",135438149,21151,FALSE,25,70.39,FALSE,"disruption"
"Ube2d3","66105","chr3","+",135438149,135468198,135445300,135462300,"B-A03",TRUE,TRUE,"CMZ111,CMZ356",FALSE,"chr3",135459250,135459350,135459300,1854,"+",0,FALSE,FALSE,TRUE,"intronic_same",135438149,21151,FALSE,25,70.39,FALSE,"disruption"
"Ube2d3","66105","chr3","+",135438149,135468198,135445300,135462300,"N-A08",TRUE,FALSE,NA,FALSE,"chr3",135459250,135459350,135459300,1222,"+",0,FALSE,FALSE,TRUE,"intronic_same",135438149,21151,FALSE,25,70.39,FALSE,"disruption"
"Ube2d3","66105","chr3","+",135438149,135468198,135445300,135462300,"N3-1-15",TRUE,TRUE,"CMZ111,CMZ356",FALSE,"chr3",135459250,135459350,135459300,1516,"+",0,FALSE,FALSE,TRUE,"intronic_same",135438149,21151,FALSE,25,70.39,FALSE,"disruption"
"Ube2d3","66105","chr3","+",135438149,135468198,135445300,135462300,"N-A03",TRUE,TRUE,"CMZ111,CMZ356",FALSE,"chr3",135459250,135459350,135459300,1063,"+",0,FALSE,FALSE,TRUE,"intronic_same",135438149,21151,FALSE,25,70.39,FALSE,"disruption"
"Ube2k","53323","chr5","+",65537233,65598988,65540500,65695500,"N-2-21",FALSE,TRUE,"CMZ353",FALSE,"chr5",65540450,65540550,65540500,358,"+",0,FALSE,FALSE,TRUE,"intronic_same",65537233,3267,FALSE,9,5.29,TRUE,"activation"
"Ube2k","53323","chr5","+",65537233,65598988,65540500,65695500,"B3-7",FALSE,FALSE,NA,FALSE,"chr5",65541850,65541950,65541900,601,"+",0,FALSE,FALSE,TRUE,"intronic_same",65537233,4667,FALSE,9,7.56,TRUE,"activation"
"Ube2k","53323","chr5","+",65537233,65598988,65540500,65695500,"B3-2-21",FALSE,FALSE,NA,FALSE,"chr5",65544550,65544650,65544600,620,"-",0,FALSE,FALSE,FALSE,"intronic_opposite",65537233,7367,FALSE,9,11.93,FALSE,"disruption"
"Ube2k","53323","chr5","+",65537233,65598988,65540500,65695500,"B3-13",FALSE,FALSE,NA,FALSE,"chr5",65579850,65579950,65579900,4561,"+",0,FALSE,FALSE,TRUE,"intronic_same",65537233,42667,FALSE,11,69.09,FALSE,"disruption"
"Ube2k","53323","chr5","+",65537233,65598988,65540500,65695500,"N-A12",FALSE,FALSE,NA,FALSE,"chr5",65587150,65587250,65587200,7426,"-",0,FALSE,FALSE,FALSE,"intronic_opposite",65537233,49967,FALSE,12,80.91,FALSE,"disruption"
"Ube2k","53323","chr5","+",65537233,65598988,65540500,65695500,"B-1-10",FALSE,FALSE,NA,FALSE,"chr5",65600950,65601050,65601000,74,"+",2012,TRUE,FALSE,TRUE,"distant",65537233,63767,FALSE,NA,103.26,FALSE,"disruption"
"Ube2k","53323","chr5","+",65537233,65598988,65540500,65695500,"N3-1-11",TRUE,FALSE,NA,FALSE,"chr5",65602750,65602850,65602800,1631,"+",3812,TRUE,FALSE,TRUE,"distant",65537233,65567,FALSE,NA,106.17,FALSE,"disruption"
"Ube2k","53323","chr5","+",65537233,65598988,65540500,65695500,"B3-c-14",FALSE,FALSE,NA,FALSE,"chr5",65605850,65605950,65605900,6074,"+",6912,TRUE,FALSE,TRUE,"distant",65537233,68667,FALSE,NA,111.19,FALSE,"disruption"
"Ube2k","53323","chr5","+",65537233,65598988,65540500,65695500,"N-B02",TRUE,FALSE,NA,FALSE,"chr5",65645950,65646050,65646000,1751,"+",47012,TRUE,FALSE,TRUE,"distant",65537233,108767,FALSE,NA,176.13,FALSE,"disruption"
"Ube2k","53323","chr5","+",65537233,65598988,65540500,65695500,"N3-2-21",FALSE,FALSE,NA,FALSE,"chr5",65657250,65657350,65657300,17481,"-",58312,TRUE,FALSE,FALSE,"distant",65537233,120067,FALSE,NA,194.42,FALSE,"disruption"
"Ube2k","53323","chr5","+",65537233,65598988,65540500,65695500,"B3-2-21",FALSE,FALSE,NA,FALSE,"chr5",65657250,65657350,65657300,11847,"-",58312,TRUE,FALSE,FALSE,"distant",65537233,120067,FALSE,NA,194.42,FALSE,"disruption"
"Ube2k","53323","chr5","+",65537233,65598988,65540500,65695500,"N-1-10",FALSE,FALSE,NA,FALSE,"chr5",65662450,65662550,65662500,24,"-",63512,TRUE,FALSE,FALSE,"distant",65537233,125267,FALSE,NA,202.85,FALSE,"disruption"
"Ube2k","53323","chr5","+",65537233,65598988,65540500,65695500,"B3-14",FALSE,FALSE,NA,FALSE,"chr5",65667850,65667950,65667900,3234,"+",68912,TRUE,FALSE,TRUE,"distant",65537233,130667,FALSE,NA,211.59,FALSE,"disruption"
"Ube2k","53323","chr5","+",65537233,65598988,65540500,65695500,"N3-14",FALSE,FALSE,NA,FALSE,"chr5",65667850,65667950,65667900,757,"+",68912,TRUE,FALSE,TRUE,"distant",65537233,130667,FALSE,NA,211.59,FALSE,"disruption"
"Ube2k","53323","chr5","+",65537233,65598988,65540500,65695500,"B3-1-3",TRUE,TRUE,"CMZ104",FALSE,"chr5",65670750,65670850,65670800,14255,"+",71812,TRUE,FALSE,TRUE,"distant",65537233,133567,FALSE,NA,216.29,FALSE,"disruption"
"Ube3a","22215","chr7","+",59228750,59311536,59265700,59335700,"B-3-1",FALSE,FALSE,NA,FALSE,"chr7",59265650,59265750,59265700,212,"+",0,FALSE,FALSE,TRUE,"intronic_same",59228750,36950,FALSE,17,44.63,FALSE,"disruption"
"Ube3a","22215","chr7","+",59228750,59311536,59265700,59335700,"B3-1-2",TRUE,TRUE,"CMZ107",FALSE,"chr7",59265950,59266050,59266000,7538,"+",0,FALSE,FALSE,TRUE,"intronic_same",59228750,37250,FALSE,17,45,FALSE,"disruption"
"Ube3a","22215","chr7","+",59228750,59311536,59265700,59335700,"B-B07",TRUE,TRUE,"CMZ107",FALSE,"chr7",59265950,59266050,59266000,1260,"+",0,FALSE,FALSE,TRUE,"intronic_same",59228750,37250,FALSE,17,45,FALSE,"disruption"
"Ube3a","22215","chr7","+",59228750,59311536,59265700,59335700,"N-B07",TRUE,TRUE,"CMZ107",FALSE,"chr7",59265950,59266050,59266000,9252,"+",0,FALSE,FALSE,TRUE,"intronic_same",59228750,37250,FALSE,17,45,FALSE,"disruption"
"Ube3a","22215","chr7","+",59228750,59311536,59265700,59335700,"N3-1-2",TRUE,TRUE,"CMZ107",FALSE,"chr7",59265950,59266050,59266000,4400,"+",0,FALSE,FALSE,TRUE,"intronic_same",59228750,37250,FALSE,17,45,FALSE,"disruption"
"Ube3a","22215","chr7","+",59228750,59311536,59265700,59335700,"N-B02",TRUE,FALSE,NA,FALSE,"chr7",59292950,59293050,59293000,503,"-",0,FALSE,FALSE,FALSE,"intronic_opposite",59228750,64250,FALSE,36,77.61,FALSE,"disruption"
"Ube3a","22215","chr7","+",59228750,59311536,59265700,59335700,"B3-c-10",TRUE,FALSE,NA,FALSE,"chr7",59301350,59301450,59301400,2667,"+",0,FALSE,FALSE,TRUE,"intronic_same",59228750,72650,FALSE,37,87.76,FALSE,"disruption"
"Ube3a","22215","chr7","+",59228750,59311536,59265700,59335700,"N3-2-7",TRUE,FALSE,NA,FALSE,"chr7",59302850,59302950,59302900,4911,"-",0,FALSE,FALSE,FALSE,"intronic_opposite",59228750,74150,FALSE,37,89.57,FALSE,"disruption"
"Ube3a","22215","chr7","+",59228750,59311536,59265700,59335700,"B3-2-7",TRUE,FALSE,NA,FALSE,"chr7",59302850,59302950,59302900,668,"-",0,FALSE,FALSE,FALSE,"intronic_opposite",59228750,74150,FALSE,37,89.57,FALSE,"disruption"
"Ube3a","22215","chr7","+",59228750,59311536,59265700,59335700,"B-A04",FALSE,TRUE,"CMZ101",FALSE,"chr7",59305250,59305350,59305300,4262,"-",0,FALSE,TRUE,FALSE,"exonic_opposite",59228750,76550,FALSE,NA,92.47,FALSE,"disruption"
"Ube3a","22215","chr7","+",59228750,59311536,59265700,59335700,"N3-12",FALSE,FALSE,NA,FALSE,"chr7",59307150,59307250,59307200,4891,"-",0,FALSE,TRUE,FALSE,"exonic_opposite",59228750,78450,FALSE,NA,94.76,FALSE,"disruption"
"Ubr5","70790","chr15","-",37967328,38078854,38019700,38036700,"B-3-1",FALSE,FALSE,NA,FALSE,"chr15",38019650,38019750,38019700,262,"+",0,FALSE,FALSE,TRUE,"intronic_same",38078854,59154,FALSE,18,53.04,FALSE,"disruption"
"Ubr5","70790","chr15","-",37967328,38078854,38019700,38036700,"N-3-1",FALSE,FALSE,NA,FALSE,"chr15",38019650,38019750,38019700,500,"+",0,FALSE,FALSE,TRUE,"intronic_same",38078854,59154,FALSE,18,53.04,FALSE,"disruption"
"Ubr5","70790","chr15","-",37967328,38078854,38019700,38036700,"B3-10",FALSE,FALSE,NA,FALSE,"chr15",38024150,38024250,38024200,16804,"-",0,FALSE,FALSE,FALSE,"intronic_opposite",38078854,54654,FALSE,16,49.01,FALSE,"disruption"
"Ubr5","70790","chr15","-",37967328,38078854,38019700,38036700,"B-A01",TRUE,TRUE,"CMZ110,CMZ355",FALSE,"chr15",38030250,38030350,38030300,13298,"+",0,FALSE,FALSE,TRUE,"intronic_same",38078854,48554,FALSE,13,43.54,FALSE,"disruption"
"Ubr5","70790","chr15","-",37967328,38078854,38019700,38036700,"N-A01",TRUE,TRUE,"CMZ110,CMZ355",FALSE,"chr15",38030250,38030350,38030300,29300,"+",0,FALSE,FALSE,TRUE,"intronic_same",38078854,48554,FALSE,13,43.54,FALSE,"disruption"
"Ubr5","70790","chr15","-",37967328,38078854,38019700,38036700,"B-B04",TRUE,TRUE,"CMZ108",FALSE,"chr15",38031650,38031750,38031700,4227,"+",0,FALSE,FALSE,TRUE,"intronic_same",38078854,47154,FALSE,11,42.28,FALSE,"disruption"
"Ubr5","70790","chr15","-",37967328,38078854,38019700,38036700,"B3-1-5",TRUE,TRUE,"CMZ108",FALSE,"chr15",38031650,38031750,38031700,3925,"+",0,FALSE,FALSE,TRUE,"intronic_same",38078854,47154,FALSE,11,42.28,FALSE,"disruption"
"Usp4","22258","chr9","+",108347853,108392545,108217900,108425900,"B-A04",FALSE,TRUE,"CMZ101",FALSE,"chr9",108217850,108217950,108217900,5236,"+",129953,TRUE,FALSE,TRUE,"distant",108347853,-129953,FALSE,NA,-290.77,FALSE,"disruption"
"Usp4","22258","chr9","+",108347853,108392545,108217900,108425900,"B3-5",FALSE,FALSE,NA,FALSE,"chr9",108220550,108220650,108220600,539,"+",127253,TRUE,FALSE,TRUE,"distant",108347853,-127253,FALSE,NA,-284.73,FALSE,"disruption"
"Usp4","22258","chr9","+",108347853,108392545,108217900,108425900,"N3-13",FALSE,FALSE,NA,FALSE,"chr9",108301150,108301250,108301200,2171,"-",46653,TRUE,FALSE,FALSE,"distant",108347853,-46653,FALSE,NA,-104.39,FALSE,"disruption"
"Usp4","22258","chr9","+",108347853,108392545,108217900,108425900,"N3-10",FALSE,FALSE,NA,FALSE,"chr9",108301150,108301250,108301200,2576,"-",46653,TRUE,FALSE,FALSE,"distant",108347853,-46653,FALSE,NA,-104.39,FALSE,"disruption"
"Usp4","22258","chr9","+",108347853,108392545,108217900,108425900,"B3-10",FALSE,FALSE,NA,FALSE,"chr9",108301150,108301250,108301200,7330,"-",46653,TRUE,FALSE,FALSE,"distant",108347853,-46653,FALSE,NA,-104.39,FALSE,"disruption"
"Usp4","22258","chr9","+",108347853,108392545,108217900,108425900,"B3-13",FALSE,FALSE,NA,FALSE,"chr9",108301150,108301250,108301200,4999,"-",46653,TRUE,FALSE,FALSE,"distant",108347853,-46653,FALSE,NA,-104.39,FALSE,"disruption"
"Usp4","22258","chr9","+",108347853,108392545,108217900,108425900,"N-B09",TRUE,TRUE,"CMZ104",FALSE,"chr9",108312550,108312650,108312600,3433,"+",35253,TRUE,FALSE,TRUE,"distant",108347853,-35253,FALSE,NA,-78.88,FALSE,"disruption"
"Usp4","22258","chr9","+",108347853,108392545,108217900,108425900,"B3-3",FALSE,FALSE,NA,FALSE,"chr9",108324450,108324550,108324500,29425,"+",23353,TRUE,FALSE,TRUE,"distant",108347853,-23353,FALSE,NA,-52.25,FALSE,"disruption"
"Usp4","22258","chr9","+",108347853,108392545,108217900,108425900,"N3-3",FALSE,FALSE,NA,FALSE,"chr9",108324450,108324550,108324500,5116,"+",23353,TRUE,FALSE,TRUE,"distant",108347853,-23353,FALSE,NA,-52.25,FALSE,"disruption"
"Usp4","22258","chr9","+",108347853,108392545,108217900,108425900,"N3-5",FALSE,FALSE,NA,FALSE,"chr9",108350050,108350150,108350100,709,"+",0,FALSE,FALSE,TRUE,"intronic_same",108347853,2247,FALSE,4,5.03,TRUE,"activation"
"Usp4","22258","chr9","+",108347853,108392545,108217900,108425900,"N-A08",TRUE,FALSE,NA,FALSE,"chr9",108378950,108379050,108379000,1032,"+",0,FALSE,FALSE,TRUE,"intronic_same",108347853,31147,FALSE,24,69.69,FALSE,"disruption"
"Usp4","22258","chr9","+",108347853,108392545,108217900,108425900,"N3-c-14",FALSE,FALSE,NA,FALSE,"chr9",108383050,108383150,108383100,432,"+",0,FALSE,FALSE,TRUE,"intronic_same",108347853,35247,FALSE,27,78.87,FALSE,"disruption"
"Usp4","22258","chr9","+",108347853,108392545,108217900,108425900,"N-2-21",FALSE,TRUE,"CMZ353",FALSE,"chr9",108386750,108386850,108386800,97,"+",0,FALSE,FALSE,TRUE,"intronic_same",108347853,38947,FALSE,32,87.15,FALSE,"disruption"
"Utp23","78581","chr15","+",51877429,51884614,51837400,51992400,"N-2-21",FALSE,TRUE,"CMZ353",FALSE,"chr15",51837350,51837450,51837400,118,"-",40029,TRUE,FALSE,FALSE,"distant",51877429,-40029,FALSE,NA,-557.12,FALSE,"disruption"
"Utp23","78581","chr15","+",51877429,51884614,51837400,51992400,"N-3-1",FALSE,FALSE,NA,FALSE,"chr15",51837850,51837950,51837900,586,"-",39529,TRUE,FALSE,FALSE,"distant",51877429,-39529,FALSE,NA,-550.16,FALSE,"disruption"
"Utp23","78581","chr15","+",51877429,51884614,51837400,51992400,"B-3-1",FALSE,FALSE,NA,FALSE,"chr15",51837850,51837950,51837900,442,"-",39529,TRUE,FALSE,FALSE,"distant",51877429,-39529,FALSE,NA,-550.16,FALSE,"disruption"
"Utp23","78581","chr15","+",51877429,51884614,51837400,51992400,"N-2-9",TRUE,TRUE,"CMZ344",FALSE,"chr15",51841950,51842050,51842000,5832,"+",35429,TRUE,FALSE,TRUE,"distant",51877429,-35429,FALSE,NA,-493.1,FALSE,"disruption"
"Utp23","78581","chr15","+",51877429,51884614,51837400,51992400,"N-B05",FALSE,FALSE,NA,FALSE,"chr15",51852650,51852750,51852700,10606,"-",24729,TRUE,FALSE,FALSE,"distant",51877429,-24729,FALSE,NA,-344.18,FALSE,"disruption"
"Utp23","78581","chr15","+",51877429,51884614,51837400,51992400,"B-B05",FALSE,FALSE,NA,FALSE,"chr15",51852650,51852750,51852700,11383,"-",24729,TRUE,FALSE,FALSE,"distant",51877429,-24729,FALSE,NA,-344.18,FALSE,"disruption"
"Utp23","78581","chr15","+",51877429,51884614,51837400,51992400,"B-1-10",FALSE,FALSE,NA,FALSE,"chr15",51968050,51968150,51968100,61,"+",83486,TRUE,FALSE,TRUE,"distant",51877429,90671,FALSE,NA,1261.95,FALSE,"disruption"
"Utp23","78581","chr15","+",51877429,51884614,51837400,51992400,"B-B03",FALSE,TRUE,"CMZ183",FALSE,"chr15",51982850,51982950,51982900,11412,"+",98286,TRUE,FALSE,TRUE,"distant",51877429,105471,FALSE,NA,1467.93,FALSE,"disruption"
"Utp23","78581","chr15","+",51877429,51884614,51837400,51992400,"N-B03",FALSE,TRUE,"CMZ183",FALSE,"chr15",51982850,51982950,51982900,35445,"+",98286,TRUE,FALSE,TRUE,"distant",51877429,105471,FALSE,NA,1467.93,FALSE,"disruption"
"Utp23","78581","chr15","+",51877429,51884614,51837400,51992400,"N3-3",FALSE,FALSE,NA,FALSE,"chr15",51983450,51983550,51983500,358,"+",98886,TRUE,FALSE,TRUE,"distant",51877429,106071,FALSE,NA,1476.28,FALSE,"disruption"
"Utp23","78581","chr15","+",51877429,51884614,51837400,51992400,"B3-9",FALSE,FALSE,NA,FALSE,"chr15",51989350,51989450,51989400,7578,"+",104786,TRUE,FALSE,TRUE,"distant",51877429,111971,FALSE,NA,1558.4,FALSE,"disruption"
"Utp23","78581","chr15","+",51877429,51884614,51837400,51992400,"N3-9",FALSE,FALSE,NA,FALSE,"chr15",51989350,51989450,51989400,7140,"+",104786,TRUE,FALSE,TRUE,"distant",51877429,111971,FALSE,NA,1558.4,FALSE,"disruption"
"Vmp1","75909","chr11","-",86583865,86683836,86693000,86763000,"B-2-25",FALSE,TRUE,"CMZ349",FALSE,"chr11",86692950,86693050,86693000,25018,"+",9164,TRUE,FALSE,TRUE,"distant",86683836,-9164,FALSE,NA,-9.17,FALSE,"disruption"
"Vmp1","75909","chr11","-",86583865,86683836,86693000,86763000,"N-1-7",FALSE,FALSE,NA,FALSE,"chr11",86711250,86711350,86711300,104,"+",27464,TRUE,FALSE,TRUE,"distant",86683836,-27464,FALSE,NA,-27.47,FALSE,"disruption"
"Vmp1","75909","chr11","-",86583865,86683836,86693000,86763000,"B3-3",FALSE,FALSE,NA,FALSE,"chr11",86728950,86729050,86729000,1305,"+",45164,TRUE,FALSE,TRUE,"distant",86683836,-45164,FALSE,NA,-45.18,FALSE,"disruption"
"Vmp1","75909","chr11","-",86583865,86683836,86693000,86763000,"B-A04",FALSE,TRUE,"CMZ101",FALSE,"chr11",86735650,86735750,86735700,21263,"+",51864,TRUE,FALSE,TRUE,"distant",86683836,-51864,FALSE,NA,-51.88,FALSE,"disruption"
"Vmp1","75909","chr11","-",86583865,86683836,86693000,86763000,"N-A04",FALSE,TRUE,"CMZ101",FALSE,"chr11",86735650,86735750,86735700,2360,"+",51864,TRUE,FALSE,TRUE,"distant",86683836,-51864,FALSE,NA,-51.88,FALSE,"disruption"
"Vmp1","75909","chr11","-",86583865,86683836,86693000,86763000,"B-2-26",TRUE,TRUE,"CMZ347",FALSE,"chr11",86739250,86739350,86739300,1961,"-",55464,TRUE,FALSE,FALSE,"distant",86683836,-55464,FALSE,NA,-55.48,FALSE,"disruption"
"Vmp1","75909","chr11","-",86583865,86683836,86693000,86763000,"N3-4",FALSE,FALSE,NA,FALSE,"chr11",86743450,86743550,86743500,2372,"-",59664,TRUE,FALSE,FALSE,"distant",86683836,-59664,FALSE,NA,-59.68,FALSE,"disruption"
"Vmp1","75909","chr11","-",86583865,86683836,86693000,86763000,"B3-4",FALSE,FALSE,NA,FALSE,"chr11",86743450,86743550,86743500,7073,"-",59664,TRUE,FALSE,FALSE,"distant",86683836,-59664,FALSE,NA,-59.68,FALSE,"disruption"
"Vmp1","75909","chr11","-",86583865,86683836,86693000,86763000,"N-B11",TRUE,TRUE,"CMZ105",FALSE,"chr11",86748350,86748450,86748400,4048,"+",64564,TRUE,FALSE,TRUE,"distant",86683836,-64564,FALSE,NA,-64.58,FALSE,"disruption"
"Vmp1","75909","chr11","-",86583865,86683836,86693000,86763000,"B3-c-9",FALSE,FALSE,NA,FALSE,"chr11",86753950,86754050,86754000,1777,"-",70164,TRUE,FALSE,FALSE,"distant",86683836,-70164,FALSE,NA,-70.18,FALSE,"disruption"
"Wac","225131","chr18","+",7868832,7929028,7873900,7943900,"N3-7",FALSE,FALSE,NA,FALSE,"chr18",7873850,7873950,7873900,593,"-",0,FALSE,FALSE,FALSE,"intronic_opposite",7868832,5068,FALSE,22,8.42,FALSE,"disruption"
"Wac","225131","chr18","+",7868832,7929028,7873900,7943900,"B-A10",FALSE,TRUE,"CMZ184",FALSE,"chr18",7875250,7875350,7875300,3742,"+",0,FALSE,FALSE,TRUE,"intronic_same",7868832,6468,FALSE,22,10.74,TRUE,"activation"
"Wac","225131","chr18","+",7868832,7929028,7873900,7943900,"N-A10",FALSE,TRUE,"CMZ184",FALSE,"chr18",7887750,7887850,7887800,1556,"-",0,FALSE,FALSE,FALSE,"intronic_opposite",7868832,18968,FALSE,22,31.51,FALSE,"disruption"
"Wac","225131","chr18","+",7868832,7929028,7873900,7943900,"B-A10",FALSE,TRUE,"CMZ184",FALSE,"chr18",7887750,7887850,7887800,777,"-",0,FALSE,FALSE,FALSE,"intronic_opposite",7868832,18968,FALSE,22,31.51,FALSE,"disruption"
"Wac","225131","chr18","+",7868832,7929028,7873900,7943900,"N-3-1",FALSE,FALSE,NA,FALSE,"chr18",7891450,7891550,7891500,485,"+",0,FALSE,FALSE,TRUE,"intronic_same",7868832,22668,FALSE,22,37.66,FALSE,"disruption"
"Wac","225131","chr18","+",7868832,7929028,7873900,7943900,"B-1-7",FALSE,FALSE,NA,FALSE,"chr18",7902550,7902650,7902600,8538,"-",0,FALSE,FALSE,FALSE,"intronic_opposite",7868832,33768,FALSE,23,56.1,FALSE,"disruption"
"Wac","225131","chr18","+",7868832,7929028,7873900,7943900,"N3-15",FALSE,FALSE,NA,FALSE,"chr18",7914650,7914750,7914700,10904,"-",0,FALSE,FALSE,FALSE,"intronic_opposite",7868832,45868,FALSE,31,76.2,FALSE,"disruption"
"Wac","225131","chr18","+",7868832,7929028,7873900,7943900,"B3-15",FALSE,FALSE,NA,FALSE,"chr18",7914650,7914750,7914700,20668,"-",0,FALSE,FALSE,FALSE,"intronic_opposite",7868832,45868,FALSE,31,76.2,FALSE,"disruption"
"Wac","225131","chr18","+",7868832,7929028,7873900,7943900,"N-1-2",TRUE,TRUE,"CMZ346",FALSE,"chr18",7915050,7915150,7915100,452,"+",0,FALSE,FALSE,TRUE,"intronic_same",7868832,46268,FALSE,31,76.86,FALSE,"disruption"
"Wac","225131","chr18","+",7868832,7929028,7873900,7943900,"B3-17",TRUE,FALSE,NA,FALSE,"chr18",7918950,7919050,7919000,775,"+",0,FALSE,FALSE,TRUE,"intronic_same",7868832,50168,FALSE,43,83.34,FALSE,"disruption"
"Wac","225131","chr18","+",7868832,7929028,7873900,7943900,"B3-1",FALSE,FALSE,NA,FALSE,"chr18",7922150,7922250,7922200,854,"-",0,FALSE,FALSE,FALSE,"intronic_opposite",7868832,53368,FALSE,48,88.66,FALSE,"disruption"
"Wdr35","74682","chr12","+",8973892,9028847,8921200,8960200,"N-1-2",TRUE,TRUE,"CMZ346",FALSE,"chr12",8921150,8921250,8921200,359,"-",52692,TRUE,FALSE,FALSE,"distant",8973892,-52692,FALSE,NA,-95.88,FALSE,"disruption"
"Wdr35","74682","chr12","+",8973892,9028847,8921200,8960200,"B-1-2",TRUE,TRUE,"CMZ346",FALSE,"chr12",8921150,8921250,8921200,1517,"-",52692,TRUE,FALSE,FALSE,"distant",8973892,-52692,FALSE,NA,-95.88,FALSE,"disruption"
"Wdr35","74682","chr12","+",8973892,9028847,8921200,8960200,"N3-1-2",TRUE,TRUE,"CMZ107",FALSE,"chr12",8925150,8925250,8925200,2518,"-",48692,TRUE,FALSE,FALSE,"distant",8973892,-48692,FALSE,NA,-88.6,FALSE,"disruption"
"Wdr35","74682","chr12","+",8973892,9028847,8921200,8960200,"N-B09",TRUE,TRUE,"CMZ104",FALSE,"chr12",8928950,8929050,8929000,3019,"+",44892,TRUE,FALSE,TRUE,"distant",8973892,-44892,FALSE,NA,-81.69,FALSE,"disruption"
"Wdr35","74682","chr12","+",8973892,9028847,8921200,8960200,"B3-14",FALSE,FALSE,NA,FALSE,"chr12",8931650,8931750,8931700,578,"+",42192,TRUE,FALSE,TRUE,"distant",8973892,-42192,FALSE,NA,-76.78,FALSE,"disruption"
"Wdr35","74682","chr12","+",8973892,9028847,8921200,8960200,"N3-14",FALSE,FALSE,NA,FALSE,"chr12",8931650,8931750,8931700,538,"+",42192,TRUE,FALSE,TRUE,"distant",8973892,-42192,FALSE,NA,-76.78,FALSE,"disruption"
"Wdr35","74682","chr12","+",8973892,9028847,8921200,8960200,"B-A01",TRUE,TRUE,"CMZ110,CMZ355",FALSE,"chr12",8931850,8931950,8931900,2244,"-",41992,TRUE,FALSE,FALSE,"distant",8973892,-41992,FALSE,NA,-76.41,FALSE,"disruption"
"Wdr35","74682","chr12","+",8973892,9028847,8921200,8960200,"N-1-10",FALSE,FALSE,NA,FALSE,"chr12",8931950,8932050,8932000,30,"+",41892,TRUE,FALSE,TRUE,"distant",8973892,-41892,FALSE,NA,-76.23,FALSE,"disruption"
"Wdr35","74682","chr12","+",8973892,9028847,8921200,8960200,"N3-2-7",TRUE,FALSE,NA,FALSE,"chr12",8948750,8948850,8948800,1184,"-",25092,TRUE,FALSE,FALSE,"distant",8973892,-25092,FALSE,NA,-45.66,FALSE,"disruption"
"Wdr35","74682","chr12","+",8973892,9028847,8921200,8960200,"B3-2-7",TRUE,FALSE,NA,FALSE,"chr12",8948750,8948850,8948800,2392,"-",25092,TRUE,FALSE,FALSE,"distant",8973892,-25092,FALSE,NA,-45.66,FALSE,"disruption"
"Wdr59","319481","chr8","-",111448797,111522092,111540800,111579800,"N-1-10",FALSE,FALSE,NA,FALSE,"chr8",111540750,111540850,111540800,64,"+",18708,TRUE,FALSE,TRUE,"distant",111522092,-18708,FALSE,NA,-25.52,FALSE,"disruption"
"Wdr59","319481","chr8","-",111448797,111522092,111540800,111579800,"B3-13",FALSE,FALSE,NA,FALSE,"chr8",111541350,111541450,111541400,1512,"-",19308,TRUE,FALSE,FALSE,"distant",111522092,-19308,FALSE,NA,-26.34,FALSE,"disruption"
"Wdr59","319481","chr8","-",111448797,111522092,111540800,111579800,"N3-16",FALSE,FALSE,NA,FALSE,"chr8",111559550,111559650,111559600,1082,"-",37508,TRUE,FALSE,FALSE,"distant",111522092,-37508,FALSE,NA,-51.17,FALSE,"disruption"
"Wdr59","319481","chr8","-",111448797,111522092,111540800,111579800,"N3-4",FALSE,FALSE,NA,FALSE,"chr8",111559550,111559650,111559600,1976,"-",37508,TRUE,FALSE,FALSE,"distant",111522092,-37508,FALSE,NA,-51.17,FALSE,"disruption"
"Wdr59","319481","chr8","-",111448797,111522092,111540800,111579800,"B3-16",FALSE,FALSE,NA,FALSE,"chr8",111559550,111559650,111559600,2135,"-",37508,TRUE,FALSE,FALSE,"distant",111522092,-37508,FALSE,NA,-51.17,FALSE,"disruption"
"Wdr59","319481","chr8","-",111448797,111522092,111540800,111579800,"B3-4",FALSE,FALSE,NA,FALSE,"chr8",111559550,111559650,111559600,7041,"-",37508,TRUE,FALSE,FALSE,"distant",111522092,-37508,FALSE,NA,-51.17,FALSE,"disruption"
"Wdr59","319481","chr8","-",111448797,111522092,111540800,111579800,"B-B03",FALSE,TRUE,"CMZ183",FALSE,"chr8",111566850,111566950,111566900,930,"+",44808,TRUE,FALSE,TRUE,"distant",111522092,-44808,FALSE,NA,-61.13,FALSE,"disruption"
"Wdr59","319481","chr8","-",111448797,111522092,111540800,111579800,"B-A07",FALSE,TRUE,"CMZ182,CMZ357",FALSE,"chr8",111567450,111567550,111567500,1590,"+",45408,TRUE,FALSE,TRUE,"distant",111522092,-45408,FALSE,NA,-61.95,FALSE,"disruption"
"Wdr82","77305","chr9","+",106170928,106191139,106175100,106192100,"B-B10",FALSE,FALSE,NA,FALSE,"chr9",106175050,106175150,106175100,30553,"+",0,FALSE,FALSE,TRUE,"intronic_same",106170928,4172,FALSE,3,20.64,TRUE,"activation"
"Wdr82","77305","chr9","+",106170928,106191139,106175100,106192100,"B-2-21",FALSE,TRUE,"CMZ353",FALSE,"chr9",106179950,106180050,106180000,1142,"+",0,FALSE,FALSE,TRUE,"intronic_same",106170928,9072,FALSE,5,44.89,FALSE,"disruption"
"Wdr82","77305","chr9","+",106170928,106191139,106175100,106192100,"B-2-25",FALSE,TRUE,"CMZ349",FALSE,"chr9",106181550,106181650,106181600,2755,"+",0,FALSE,FALSE,TRUE,"intronic_same",106170928,10672,FALSE,6,52.8,FALSE,"disruption"
"Wdr82","77305","chr9","+",106170928,106191139,106175100,106192100,"N3-7",FALSE,FALSE,NA,FALSE,"chr9",106182150,106182250,106182200,1121,"-",0,FALSE,FALSE,FALSE,"intronic_opposite",106170928,11272,FALSE,6,55.77,FALSE,"disruption"
"Yap1","22601","chr9","-",7931999,8004596,7960100,7999100,"N-1-10",FALSE,FALSE,NA,FALSE,"chr9",7960050,7960150,7960100,46,"-",0,FALSE,FALSE,FALSE,"intronic_opposite",8004596,44496,FALSE,15,61.29,FALSE,"disruption"
"Yap1","22601","chr9","-",7931999,8004596,7960100,7999100,"N-2-15",FALSE,FALSE,NA,FALSE,"chr9",7976250,7976350,7976300,240,"-",0,FALSE,FALSE,FALSE,"intronic_opposite",8004596,28296,FALSE,9,38.98,FALSE,"disruption"
"Yap1","22601","chr9","-",7931999,8004596,7960100,7999100,"B-2-15",FALSE,FALSE,NA,FALSE,"chr9",7976250,7976350,7976300,1955,"-",0,FALSE,FALSE,FALSE,"intronic_opposite",8004596,28296,FALSE,9,38.98,FALSE,"disruption"
"Yap1","22601","chr9","-",7931999,8004596,7960100,7999100,"N-3-4",FALSE,FALSE,NA,FALSE,"chr9",7978550,7978650,7978600,803,"-",0,FALSE,FALSE,FALSE,"intronic_opposite",8004596,25996,FALSE,9,35.81,FALSE,"disruption"
"Yap1","22601","chr9","-",7931999,8004596,7960100,7999100,"N-3-4",FALSE,FALSE,NA,FALSE,"chr9",7987050,7987150,7987100,700,"+",0,FALSE,FALSE,TRUE,"intronic_same",8004596,17496,FALSE,9,24.1,FALSE,"disruption"
"Yap1","22601","chr9","-",7931999,8004596,7960100,7999100,"N-3-4",FALSE,FALSE,NA,FALSE,"chr9",7990650,7990750,7990700,1457,"+",0,FALSE,FALSE,TRUE,"intronic_same",8004596,13896,FALSE,9,19.14,TRUE,"activation"
"Yap1","22601","chr9","-",7931999,8004596,7960100,7999100,"B-3-4",FALSE,FALSE,NA,FALSE,"chr9",7994850,7994950,7994900,3310,"+",0,FALSE,FALSE,TRUE,"intronic_same",8004596,9696,FALSE,9,13.36,TRUE,"activation"
"Zbtb26","320633","chr2","-",37432168,37436999,37378600,37679600,"B3-14",FALSE,FALSE,NA,FALSE,"chr2",37378550,37378650,37378600,2792,"+",53568,TRUE,FALSE,TRUE,"distant",37436999,58399,FALSE,NA,1208.84,FALSE,"disruption"
"Zbtb26","320633","chr2","-",37432168,37436999,37378600,37679600,"N3-3",FALSE,FALSE,NA,FALSE,"chr2",37379250,37379350,37379300,265,"+",52868,TRUE,FALSE,TRUE,"distant",37436999,57699,FALSE,NA,1194.35,FALSE,"disruption"
"Zbtb26","320633","chr2","-",37432168,37436999,37378600,37679600,"N3-1-3",TRUE,TRUE,"CMZ104",FALSE,"chr2",37381450,37381550,37381500,12889,"+",50668,TRUE,FALSE,TRUE,"distant",37436999,55499,FALSE,NA,1148.81,FALSE,"disruption"
"Zbtb26","320633","chr2","-",37432168,37436999,37378600,37679600,"N3-14",FALSE,FALSE,NA,FALSE,"chr2",37426750,37426850,37426800,448,"-",5368,TRUE,FALSE,FALSE,"distant",37436999,10199,FALSE,NA,211.12,FALSE,"disruption"
"Zbtb26","320633","chr2","-",37432168,37436999,37378600,37679600,"B-B08",TRUE,TRUE,"CMZ106",FALSE,"chr2",37442550,37442650,37442600,277,"-",5601,TRUE,FALSE,FALSE,"distant",37436999,-5601,FALSE,NA,-115.94,FALSE,"disruption"
"Zbtb26","320633","chr2","-",37432168,37436999,37378600,37679600,"B-2-23",FALSE,FALSE,NA,FALSE,"chr2",37525950,37526050,37526000,407,"+",89001,TRUE,FALSE,TRUE,"distant",37436999,-89001,FALSE,NA,-1842.29,FALSE,"disruption"
"Zbtb26","320633","chr2","-",37432168,37436999,37378600,37679600,"N3-5",FALSE,FALSE,NA,FALSE,"chr2",37559950,37560050,37560000,1174,"-",123001,TRUE,FALSE,FALSE,"distant",37436999,-123001,FALSE,NA,-2546.08,FALSE,"disruption"
"Zbtb26","320633","chr2","-",37432168,37436999,37378600,37679600,"N3-6",TRUE,FALSE,NA,FALSE,"chr2",37589050,37589150,37589100,765,"-",152101,TRUE,FALSE,FALSE,"distant",37436999,-152101,FALSE,NA,-3148.44,FALSE,"disruption"
"Zbtb26","320633","chr2","-",37432168,37436999,37378600,37679600,"B3-11",FALSE,FALSE,NA,FALSE,"chr2",37613050,37613150,37613100,1722,"-",176101,TRUE,FALSE,FALSE,"distant",37436999,-176101,FALSE,NA,-3645.23,FALSE,"disruption"
"Zbtb26","320633","chr2","-",37432168,37436999,37378600,37679600,"N3-9",FALSE,FALSE,NA,FALSE,"chr2",37657050,37657150,37657100,4277,"-",220101,TRUE,FALSE,FALSE,"distant",37436999,-220101,FALSE,NA,-4556.01,FALSE,"disruption"
"Zbtb26","320633","chr2","-",37432168,37436999,37378600,37679600,"B3-9",FALSE,FALSE,NA,FALSE,"chr2",37657050,37657150,37657100,5053,"-",220101,TRUE,FALSE,FALSE,"distant",37436999,-220101,FALSE,NA,-4556.01,FALSE,"disruption"
"Zbtb26","320633","chr2","-",37432168,37436999,37378600,37679600,"N-A07",FALSE,TRUE,"CMZ182,CMZ357",FALSE,"chr2",37664750,37664850,37664800,376,"+",227801,TRUE,FALSE,TRUE,"distant",37436999,-227801,FALSE,NA,-4715.4,FALSE,"disruption"
"Zbtb6","241322","chr2","-",37425500,37443171,37378600,37679600,"B3-14",FALSE,FALSE,NA,FALSE,"chr2",37378550,37378650,37378600,2792,"+",46900,TRUE,FALSE,TRUE,"distant",37443171,64571,FALSE,NA,365.41,FALSE,"disruption"
"Zbtb6","241322","chr2","-",37425500,37443171,37378600,37679600,"N3-3",FALSE,FALSE,NA,FALSE,"chr2",37379250,37379350,37379300,265,"+",46200,TRUE,FALSE,TRUE,"distant",37443171,63871,FALSE,NA,361.45,FALSE,"disruption"
"Zbtb6","241322","chr2","-",37425500,37443171,37378600,37679600,"N3-1-3",TRUE,TRUE,"CMZ104",FALSE,"chr2",37381450,37381550,37381500,12889,"+",44000,TRUE,FALSE,TRUE,"distant",37443171,61671,FALSE,NA,349,FALSE,"disruption"
"Zbtb6","241322","chr2","-",37425500,37443171,37378600,37679600,"N3-14",FALSE,FALSE,NA,FALSE,"chr2",37426750,37426850,37426800,448,"-",0,FALSE,TRUE,FALSE,"exonic_opposite",37443171,16371,FALSE,NA,92.64,FALSE,"disruption"
"Zbtb6","241322","chr2","-",37425500,37443171,37378600,37679600,"B-B08",TRUE,TRUE,"CMZ106",FALSE,"chr2",37442550,37442650,37442600,277,"-",0,FALSE,FALSE,FALSE,"intronic_opposite",37443171,571,FALSE,1,3.23,FALSE,"disruption"
"Zbtb6","241322","chr2","-",37425500,37443171,37378600,37679600,"B-2-23",FALSE,FALSE,NA,FALSE,"chr2",37525950,37526050,37526000,407,"+",82829,TRUE,FALSE,TRUE,"distant",37443171,-82829,FALSE,NA,-468.73,FALSE,"disruption"
"Zbtb6","241322","chr2","-",37425500,37443171,37378600,37679600,"N3-5",FALSE,FALSE,NA,FALSE,"chr2",37559950,37560050,37560000,1174,"-",116829,TRUE,FALSE,FALSE,"distant",37443171,-116829,FALSE,NA,-661.13,FALSE,"disruption"
"Zbtb6","241322","chr2","-",37425500,37443171,37378600,37679600,"N3-6",TRUE,FALSE,NA,FALSE,"chr2",37589050,37589150,37589100,765,"-",145929,TRUE,FALSE,FALSE,"distant",37443171,-145929,FALSE,NA,-825.81,FALSE,"disruption"
"Zbtb6","241322","chr2","-",37425500,37443171,37378600,37679600,"B3-11",FALSE,FALSE,NA,FALSE,"chr2",37613050,37613150,37613100,1722,"-",169929,TRUE,FALSE,FALSE,"distant",37443171,-169929,FALSE,NA,-961.63,FALSE,"disruption"
"Zbtb6","241322","chr2","-",37425500,37443171,37378600,37679600,"N3-9",FALSE,FALSE,NA,FALSE,"chr2",37657050,37657150,37657100,4277,"-",213929,TRUE,FALSE,FALSE,"distant",37443171,-213929,FALSE,NA,-1210.62,FALSE,"disruption"
"Zbtb6","241322","chr2","-",37425500,37443171,37378600,37679600,"B3-9",FALSE,FALSE,NA,FALSE,"chr2",37657050,37657150,37657100,5053,"-",213929,TRUE,FALSE,FALSE,"distant",37443171,-213929,FALSE,NA,-1210.62,FALSE,"disruption"
"Zbtb6","241322","chr2","-",37425500,37443171,37378600,37679600,"N-A07",FALSE,TRUE,"CMZ182,CMZ357",FALSE,"chr2",37664750,37664850,37664800,376,"+",221629,TRUE,FALSE,TRUE,"distant",37443171,-221629,FALSE,NA,-1254.2,FALSE,"disruption"
"Zfp148","22661","chr16","+",33380836,33504363,33392500,33409500,"B3-1-13",FALSE,TRUE,"CMZ182,CMZ357",FALSE,"chr16",33392450,33392550,33392500,2584,"-",0,FALSE,FALSE,FALSE,"intronic_opposite",33380836,11664,FALSE,4,9.44,FALSE,"disruption"
"Zfp148","22661","chr16","+",33380836,33504363,33392500,33409500,"N3-16",FALSE,FALSE,NA,FALSE,"chr16",33398650,33398750,33398700,1161,"-",0,FALSE,FALSE,FALSE,"intronic_opposite",33380836,17864,FALSE,4,14.46,FALSE,"disruption"
"Zfp148","22661","chr16","+",33380836,33504363,33392500,33409500,"B3-16",FALSE,FALSE,NA,FALSE,"chr16",33398650,33398750,33398700,1485,"-",0,FALSE,FALSE,FALSE,"intronic_opposite",33380836,17864,FALSE,4,14.46,FALSE,"disruption"
"Zfp148","22661","chr16","+",33380836,33504363,33392500,33409500,"N-A12",FALSE,FALSE,NA,FALSE,"chr16",33405250,33405350,33405300,1455,"-",0,FALSE,FALSE,FALSE,"intronic_opposite",33380836,24464,FALSE,5,19.8,FALSE,"disruption"
"Zfp148","22661","chr16","+",33380836,33504363,33392500,33409500,"B-A12",FALSE,FALSE,NA,FALSE,"chr16",33405250,33405350,33405300,1758,"-",0,FALSE,FALSE,FALSE,"intronic_opposite",33380836,24464,FALSE,5,19.8,FALSE,"disruption"
"Zfp148","22661","chr16","+",33380836,33504363,33392500,33409500,"N-A05",FALSE,TRUE,"CMZ109",FALSE,"chr16",33407550,33407650,33407600,575,"+",0,FALSE,FALSE,TRUE,"intronic_same",33380836,26764,FALSE,5,21.67,FALSE,"disruption"
"Zfp292","30046","chr4","-",34803113,34882960,34856900,34873900,"N3-c-28",FALSE,FALSE,NA,FALSE,"chr4",34856850,34856950,34856900,2701,"-",0,FALSE,FALSE,FALSE,"intronic_opposite",34882960,26060,FALSE,2,32.64,FALSE,"disruption"
"Zfp292","30046","chr4","-",34803113,34882960,34856900,34873900,"B-A01",TRUE,TRUE,"CMZ110,CMZ355",FALSE,"chr4",34862350,34862450,34862400,17579,"-",0,FALSE,FALSE,FALSE,"intronic_opposite",34882960,20560,FALSE,2,25.75,FALSE,"disruption"
"Zfp292","30046","chr4","-",34803113,34882960,34856900,34873900,"N3-1",FALSE,FALSE,NA,FALSE,"chr4",34864250,34864350,34864300,6754,"-",0,FALSE,FALSE,FALSE,"intronic_opposite",34882960,18660,FALSE,2,23.37,FALSE,"disruption"
"Zfp292","30046","chr4","-",34803113,34882960,34856900,34873900,"B3-1",FALSE,FALSE,NA,FALSE,"chr4",34864250,34864350,34864300,9031,"-",0,FALSE,FALSE,FALSE,"intronic_opposite",34882960,18660,FALSE,2,23.37,FALSE,"disruption"
"Zfp292","30046","chr4","-",34803113,34882960,34856900,34873900,"N-A01",TRUE,TRUE,"CMZ110,CMZ355",FALSE,"chr4",34868350,34868450,34868400,10703,"-",0,FALSE,FALSE,FALSE,"intronic_opposite",34882960,14560,FALSE,2,18.23,FALSE,"disruption"
"Zfp292","30046","chr4","-",34803113,34882960,34856900,34873900,"B-A01",TRUE,TRUE,"CMZ110,CMZ355",FALSE,"chr4",34868350,34868450,34868400,16167,"-",0,FALSE,FALSE,FALSE,"intronic_opposite",34882960,14560,FALSE,2,18.23,FALSE,"disruption"
"Zfr","22763","chr15","+",12117831,12185683,12119700,12386700,"N3-14",FALSE,FALSE,NA,FALSE,"chr15",12119650,12119750,12119700,969,"-",0,FALSE,FALSE,FALSE,"intronic_opposite",12117831,1869,FALSE,6,2.75,FALSE,"disruption"
"Zfr","22763","chr15","+",12117831,12185683,12119700,12386700,"B3-c-32",TRUE,FALSE,NA,FALSE,"chr15",12122550,12122650,12122600,12580,"-",0,FALSE,FALSE,FALSE,"intronic_opposite",12117831,4769,FALSE,7,7.03,FALSE,"disruption"
"Zfr","22763","chr15","+",12117831,12185683,12119700,12386700,"B3-2-36",TRUE,FALSE,NA,FALSE,"chr15",12122550,12122650,12122600,21231,"-",0,FALSE,FALSE,FALSE,"intronic_opposite",12117831,4769,FALSE,7,7.03,FALSE,"disruption"
"Zfr","22763","chr15","+",12117831,12185683,12119700,12386700,"B-B08",TRUE,TRUE,"CMZ106",FALSE,"chr15",12130750,12130850,12130800,505,"+",0,FALSE,FALSE,TRUE,"intronic_same",12117831,12969,FALSE,7,19.11,TRUE,"activation"
"Zfr","22763","chr15","+",12117831,12185683,12119700,12386700,"N-B02",TRUE,FALSE,NA,FALSE,"chr15",12139150,12139250,12139200,407,"+",0,FALSE,FALSE,TRUE,"intronic_same",12117831,21369,FALSE,11,31.49,FALSE,"disruption"
"Zfr","22763","chr15","+",12117831,12185683,12119700,12386700,"N3-2-21",FALSE,FALSE,NA,FALSE,"chr15",12162250,12162350,12162300,892,"+",0,FALSE,FALSE,TRUE,"intronic_same",12117831,44469,FALSE,27,65.54,FALSE,"disruption"
"Zfr","22763","chr15","+",12117831,12185683,12119700,12386700,"N-2-26",TRUE,TRUE,"CMZ347",FALSE,"chr15",12189650,12189750,12189700,2917,"+",4017,TRUE,FALSE,TRUE,"distant",12117831,71869,FALSE,NA,105.92,FALSE,"disruption"
"Zfr","22763","chr15","+",12117831,12185683,12119700,12386700,"B3-14",FALSE,FALSE,NA,FALSE,"chr15",12336850,12336950,12336900,1607,"-",151217,TRUE,FALSE,FALSE,"distant",12117831,219069,FALSE,NA,322.86,FALSE,"disruption"
"Zfr","22763","chr15","+",12117831,12185683,12119700,12386700,"B-3-4",FALSE,FALSE,NA,FALSE,"chr15",12338550,12338650,12338600,840,"-",152917,TRUE,FALSE,FALSE,"distant",12117831,220769,FALSE,NA,325.37,FALSE,"disruption"
"Zfr","22763","chr15","+",12117831,12185683,12119700,12386700,"B3-c-28",FALSE,FALSE,NA,FALSE,"chr15",12342650,12342750,12342700,1748,"+",157017,TRUE,FALSE,TRUE,"distant",12117831,224869,FALSE,NA,331.41,FALSE,"disruption"
"Zfr","22763","chr15","+",12117831,12185683,12119700,12386700,"B-A12",FALSE,FALSE,NA,FALSE,"chr15",12361650,12361750,12361700,1596,"+",176017,TRUE,FALSE,TRUE,"distant",12117831,243869,FALSE,NA,359.41,FALSE,"disruption"
"Zmynd8","228880","chr2","-",165784152,165899016,165832600,165871600,"B3-9",FALSE,FALSE,NA,FALSE,"chr2",165832550,165832650,165832600,1244,"+",0,FALSE,FALSE,TRUE,"intronic_same",165899016,66416,FALSE,42,57.82,FALSE,"disruption"
"Zmynd8","228880","chr2","-",165784152,165899016,165832600,165871600,"N3-9",FALSE,FALSE,NA,FALSE,"chr2",165832550,165832650,165832600,1565,"+",0,FALSE,FALSE,TRUE,"intronic_same",165899016,66416,FALSE,42,57.82,FALSE,"disruption"
"Zmynd8","228880","chr2","-",165784152,165899016,165832600,165871600,"B-2-27",FALSE,FALSE,NA,FALSE,"chr2",165854550,165854650,165854600,1990,"+",0,FALSE,FALSE,TRUE,"intronic_same",165899016,44416,FALSE,23,38.67,FALSE,"disruption"
"Zmynd8","228880","chr2","-",165784152,165899016,165832600,165871600,"B3-1-13",FALSE,TRUE,"CMZ182,CMZ357",FALSE,"chr2",165854550,165854650,165854600,1454,"+",0,FALSE,FALSE,TRUE,"intronic_same",165899016,44416,FALSE,23,38.67,FALSE,"disruption"
"Zmynd8","228880","chr2","-",165784152,165899016,165832600,165871600,"B-A07",FALSE,TRUE,"CMZ182,CMZ357",FALSE,"chr2",165854550,165854650,165854600,4677,"+",0,FALSE,FALSE,TRUE,"intronic_same",165899016,44416,FALSE,23,38.67,FALSE,"disruption"
"Zmynd8","228880","chr2","-",165784152,165899016,165832600,165871600,"N-2-27",FALSE,FALSE,NA,FALSE,"chr2",165854550,165854650,165854600,2975,"+",0,FALSE,FALSE,TRUE,"intronic_same",165899016,44416,FALSE,23,38.67,FALSE,"disruption"
"Zmynd8","228880","chr2","-",165784152,165899016,165832600,165871600,"N-A07",FALSE,TRUE,"CMZ182,CMZ357",FALSE,"chr2",165854550,165854650,165854600,536,"+",0,FALSE,FALSE,TRUE,"intronic_same",165899016,44416,FALSE,23,38.67,FALSE,"disruption"
"Zmynd8","228880","chr2","-",165784152,165899016,165832600,165871600,"B-1-10",FALSE,FALSE,NA,FALSE,"chr2",165856350,165856450,165856400,72,"+",0,FALSE,FALSE,TRUE,"intronic_same",165899016,42616,FALSE,23,37.1,FALSE,"disruption"
"Zmynd8","228880","chr2","-",165784152,165899016,165832600,165871600,"B-1-7",FALSE,FALSE,NA,FALSE,"chr2",165863750,165863850,165863800,1083,"+",0,FALSE,FALSE,TRUE,"intronic_same",165899016,35216,FALSE,21,30.66,FALSE,"disruption"
"Zmynd8","228880","chr2","-",165784152,165899016,165832600,165871600,"B3-1-2",TRUE,TRUE,"CMZ107",FALSE,"chr2",165866950,165867050,165867000,1610,"-",0,FALSE,FALSE,FALSE,"intronic_opposite",165899016,32016,FALSE,21,27.87,FALSE,"disruption"
"Znrf1","170737","chr8","+",111536097,111626030,111540800,111579800,"N-1-10",FALSE,FALSE,NA,FALSE,"chr8",111540750,111540850,111540800,64,"+",0,FALSE,FALSE,TRUE,"intronic_same",111536097,4703,FALSE,11,5.23,TRUE,"activation"
"Znrf1","170737","chr8","+",111536097,111626030,111540800,111579800,"B3-13",FALSE,FALSE,NA,FALSE,"chr8",111541350,111541450,111541400,1512,"-",0,FALSE,FALSE,FALSE,"intronic_opposite",111536097,5303,FALSE,12,5.9,FALSE,"disruption"
"Znrf1","170737","chr8","+",111536097,111626030,111540800,111579800,"N3-16",FALSE,FALSE,NA,FALSE,"chr8",111559550,111559650,111559600,1082,"-",0,FALSE,FALSE,FALSE,"intronic_opposite",111536097,23503,FALSE,12,26.13,FALSE,"disruption"
"Znrf1","170737","chr8","+",111536097,111626030,111540800,111579800,"N3-4",FALSE,FALSE,NA,FALSE,"chr8",111559550,111559650,111559600,1976,"-",0,FALSE,FALSE,FALSE,"intronic_opposite",111536097,23503,FALSE,12,26.13,FALSE,"disruption"
"Znrf1","170737","chr8","+",111536097,111626030,111540800,111579800,"B3-16",FALSE,FALSE,NA,FALSE,"chr8",111559550,111559650,111559600,2135,"-",0,FALSE,FALSE,FALSE,"intronic_opposite",111536097,23503,FALSE,12,26.13,FALSE,"disruption"
"Znrf1","170737","chr8","+",111536097,111626030,111540800,111579800,"B3-4",FALSE,FALSE,NA,FALSE,"chr8",111559550,111559650,111559600,7041,"-",0,FALSE,FALSE,FALSE,"intronic_opposite",111536097,23503,FALSE,12,26.13,FALSE,"disruption"
"Znrf1","170737","chr8","+",111536097,111626030,111540800,111579800,"B-B03",FALSE,TRUE,"CMZ183",FALSE,"chr8",111566850,111566950,111566900,930,"+",0,FALSE,FALSE,TRUE,"intronic_same",111536097,30803,FALSE,13,34.25,FALSE,"disruption"
"Znrf1","170737","chr8","+",111536097,111626030,111540800,111579800,"B-A07",FALSE,TRUE,"CMZ182,CMZ357",FALSE,"chr8",111567450,111567550,111567500,1590,"+",0,FALSE,FALSE,TRUE,"intronic_same",111536097,31403,FALSE,13,34.92,FALSE,"disruption"
"Zswim8","268721","chr14","+",20707552,20723619,20679500,20749500,"N-B05",FALSE,FALSE,NA,FALSE,"chr14",20679450,20679550,20679500,8596,"-",28052,TRUE,FALSE,FALSE,"distant",20707552,-28052,FALSE,NA,-174.59,FALSE,"disruption"
"Zswim8","268721","chr14","+",20707552,20723619,20679500,20749500,"B-B05",FALSE,FALSE,NA,FALSE,"chr14",20679450,20679550,20679500,7396,"-",28052,TRUE,FALSE,FALSE,"distant",20707552,-28052,FALSE,NA,-174.59,FALSE,"disruption"
"Zswim8","268721","chr14","+",20707552,20723619,20679500,20749500,"B3-5",FALSE,FALSE,NA,FALSE,"chr14",20692250,20692350,20692300,214,"+",15252,TRUE,FALSE,TRUE,"distant",20707552,-15252,FALSE,NA,-94.93,FALSE,"disruption"
"Zswim8","268721","chr14","+",20707552,20723619,20679500,20749500,"B3-c-10",TRUE,FALSE,NA,FALSE,"chr14",20700450,20700550,20700500,1869,"+",7052,TRUE,FALSE,TRUE,"distant",20707552,-7052,FALSE,NA,-43.89,FALSE,"disruption"
"Zswim8","268721","chr14","+",20707552,20723619,20679500,20749500,"N3-c-14",FALSE,FALSE,NA,FALSE,"chr14",20700650,20700750,20700700,591,"-",6852,TRUE,FALSE,FALSE,"distant",20707552,-6852,FALSE,NA,-42.65,FALSE,"disruption"
"Zswim8","268721","chr14","+",20707552,20723619,20679500,20749500,"B3-c-14",FALSE,FALSE,NA,FALSE,"chr14",20700650,20700750,20700700,3336,"-",6852,TRUE,FALSE,FALSE,"distant",20707552,-6852,FALSE,NA,-42.65,FALSE,"disruption"
"Zswim8","268721","chr14","+",20707552,20723619,20679500,20749500,"N3-c-14",FALSE,FALSE,NA,FALSE,"chr14",20701050,20701150,20701100,3718,"-",6452,TRUE,FALSE,FALSE,"distant",20707552,-6452,FALSE,NA,-40.16,FALSE,"disruption"
"Zswim8","268721","chr14","+",20707552,20723619,20679500,20749500,"N-2-25",FALSE,TRUE,"CMZ349",FALSE,"chr14",20720650,20720750,20720700,18994,"-",0,FALSE,FALSE,FALSE,"intronic_opposite",20707552,13148,FALSE,44,81.83,FALSE,"disruption"
"Zswim8","268721","chr14","+",20707552,20723619,20679500,20749500,"B-2-25",FALSE,TRUE,"CMZ349",FALSE,"chr14",20720650,20720750,20720700,5768,"-",0,FALSE,FALSE,FALSE,"intronic_opposite",20707552,13148,FALSE,44,81.83,FALSE,"disruption"
